CRITICAL - 2022-09-12 00:17:29 --> Trying to access array offset on value of type null
in APPPATH\Views\dashboard\qr_code.php on line 40.
 1 APPPATH\Views\dashboard\qr_code.php(40): CodeIgniter\Debug\Exceptions->errorHandler(8, 'Trying to access array offset on value of type null', 'APPPATH\\Views\\dashboard\\qr_code.php', 40, [...])
 2 SYSTEMPATH\View\View.php(213): include('APPPATH\\Views\\dashboard\\qr_code.php')
 3 SYSTEMPATH\View\View.php(216): CodeIgniter\View\View->CodeIgniter\View\{closure}()
 4 SYSTEMPATH\Common.php(1135): CodeIgniter\View\View->render('dashboard/qr_code', [], true)
 5 APPPATH\Controllers\Dashboard.php(211): view('dashboard/qr_code', [...])
 6 SYSTEMPATH\CodeIgniter.php(896): App\Controllers\Dashboard->qr_code('FCPATH\\js', 'jsfunctions.js')
 7 SYSTEMPATH\CodeIgniter.php(466): CodeIgniter\CodeIgniter->runController(Object(App\Controllers\Dashboard))
 8 SYSTEMPATH\CodeIgniter.php(349): CodeIgniter\CodeIgniter->handleRequest(null, Object(Config\Cache), false)
 9 FCPATH\index.php(55): CodeIgniter\CodeIgniter->run()
10 SYSTEMPATH\Commands\Server\rewrite.php(43): require_once('FCPATH\\index.php')
CRITICAL - 2022-09-12 00:17:29 --> Trying to access array offset on value of type null
in APPPATH\Views\dashboard\qr_code.php on line 40.
 1 APPPATH\Views\dashboard\qr_code.php(40): CodeIgniter\Debug\Exceptions->errorHandler(8, 'Trying to access array offset on value of type null', 'APPPATH\\Views\\dashboard\\qr_code.php', 40, [...])
 2 SYSTEMPATH\View\View.php(213): include('APPPATH\\Views\\dashboard\\qr_code.php')
 3 SYSTEMPATH\View\View.php(216): CodeIgniter\View\View->CodeIgniter\View\{closure}()
 4 SYSTEMPATH\Common.php(1135): CodeIgniter\View\View->render('dashboard/qr_code', [], true)
 5 APPPATH\Controllers\Dashboard.php(211): view('dashboard/qr_code', [...])
 6 SYSTEMPATH\CodeIgniter.php(896): App\Controllers\Dashboard->qr_code('FCPATH\\js', 'qrcode.js')
 7 SYSTEMPATH\CodeIgniter.php(466): CodeIgniter\CodeIgniter->runController(Object(App\Controllers\Dashboard))
 8 SYSTEMPATH\CodeIgniter.php(349): CodeIgniter\CodeIgniter->handleRequest(null, Object(Config\Cache), false)
 9 FCPATH\index.php(55): CodeIgniter\CodeIgniter->run()
10 SYSTEMPATH\Commands\Server\rewrite.php(43): require_once('FCPATH\\index.php')
CRITICAL - 2022-09-12 00:17:31 --> readfile(assets): failed to open stream: Permission denied
in APPPATH\Controllers\Dashboard.php on line 229.
 1 [internal function]: CodeIgniter\Debug\Exceptions->errorHandler(2, 'readfile(assets): failed to open stream: Permission denied', 'APPPATH\\Controllers\\Dashboard.php', 229, [...])
 2 APPPATH\Controllers\Dashboard.php(229): readfile('FCPATH\\assets')
 3 SYSTEMPATH\CodeIgniter.php(896): App\Controllers\Dashboard->qr_download('FCPATH\\assets', 'media', 'qrcode', '2870.png')
 4 SYSTEMPATH\CodeIgniter.php(466): CodeIgniter\CodeIgniter->runController(Object(App\Controllers\Dashboard))
 5 SYSTEMPATH\CodeIgniter.php(349): CodeIgniter\CodeIgniter->handleRequest(null, Object(Config\Cache), false)
 6 FCPATH\index.php(55): CodeIgniter\CodeIgniter->run()
 7 SYSTEMPATH\Commands\Server\rewrite.php(43): require_once('FCPATH\\index.php')
CRITICAL - 2022-09-12 00:22:35 --> Trying to access array offset on value of type null
in APPPATH\Views\dashboard\qr_code.php on line 40.
 1 APPPATH\Views\dashboard\qr_code.php(40): CodeIgniter\Debug\Exceptions->errorHandler(8, 'Trying to access array offset on value of type null', 'APPPATH\\Views\\dashboard\\qr_code.php', 40, [...])
 2 SYSTEMPATH\View\View.php(213): include('APPPATH\\Views\\dashboard\\qr_code.php')
 3 SYSTEMPATH\View\View.php(216): CodeIgniter\View\View->CodeIgniter\View\{closure}()
 4 SYSTEMPATH\Common.php(1135): CodeIgniter\View\View->render('dashboard/qr_code', [], true)
 5 APPPATH\Controllers\Dashboard.php(211): view('dashboard/qr_code', [...])
 6 SYSTEMPATH\CodeIgniter.php(896): App\Controllers\Dashboard->qr_code('FCPATH\\js', 'jsfunctions.js')
 7 SYSTEMPATH\CodeIgniter.php(466): CodeIgniter\CodeIgniter->runController(Object(App\Controllers\Dashboard))
 8 SYSTEMPATH\CodeIgniter.php(349): CodeIgniter\CodeIgniter->handleRequest(null, Object(Config\Cache), false)
 9 FCPATH\index.php(55): CodeIgniter\CodeIgniter->run()
10 SYSTEMPATH\Commands\Server\rewrite.php(43): require_once('FCPATH\\index.php')
CRITICAL - 2022-09-12 00:22:35 --> Trying to access array offset on value of type null
in APPPATH\Views\dashboard\qr_code.php on line 40.
 1 APPPATH\Views\dashboard\qr_code.php(40): CodeIgniter\Debug\Exceptions->errorHandler(8, 'Trying to access array offset on value of type null', 'APPPATH\\Views\\dashboard\\qr_code.php', 40, [...])
 2 SYSTEMPATH\View\View.php(213): include('APPPATH\\Views\\dashboard\\qr_code.php')
 3 SYSTEMPATH\View\View.php(216): CodeIgniter\View\View->CodeIgniter\View\{closure}()
 4 SYSTEMPATH\Common.php(1135): CodeIgniter\View\View->render('dashboard/qr_code', [], true)
 5 APPPATH\Controllers\Dashboard.php(211): view('dashboard/qr_code', [...])
 6 SYSTEMPATH\CodeIgniter.php(896): App\Controllers\Dashboard->qr_code('FCPATH\\js', 'qrcode.js')
 7 SYSTEMPATH\CodeIgniter.php(466): CodeIgniter\CodeIgniter->runController(Object(App\Controllers\Dashboard))
 8 SYSTEMPATH\CodeIgniter.php(349): CodeIgniter\CodeIgniter->handleRequest(null, Object(Config\Cache), false)
 9 FCPATH\index.php(55): CodeIgniter\CodeIgniter->run()
10 SYSTEMPATH\Commands\Server\rewrite.php(43): require_once('FCPATH\\index.php')
CRITICAL - 2022-09-12 00:22:38 --> readfile(assets): failed to open stream: Permission denied
in APPPATH\Controllers\Dashboard.php on line 229.
 1 [internal function]: CodeIgniter\Debug\Exceptions->errorHandler(2, 'readfile(assets): failed to open stream: Permission denied', 'APPPATH\\Controllers\\Dashboard.php', 229, [...])
 2 APPPATH\Controllers\Dashboard.php(229): readfile('FCPATH\\assets')
 3 SYSTEMPATH\CodeIgniter.php(896): App\Controllers\Dashboard->qr_download('FCPATH\\assets', 'media', 'qrcode', '2870.png')
 4 SYSTEMPATH\CodeIgniter.php(466): CodeIgniter\CodeIgniter->runController(Object(App\Controllers\Dashboard))
 5 SYSTEMPATH\CodeIgniter.php(349): CodeIgniter\CodeIgniter->handleRequest(null, Object(Config\Cache), false)
 6 FCPATH\index.php(55): CodeIgniter\CodeIgniter->run()
 7 SYSTEMPATH\Commands\Server\rewrite.php(43): require_once('FCPATH\\index.php')
CRITICAL - 2022-09-12 00:24:51 --> Trying to access array offset on value of type null
in APPPATH\Views\dashboard\qr_code.php on line 29.
 1 APPPATH\Views\dashboard\qr_code.php(29): CodeIgniter\Debug\Exceptions->errorHandler(8, 'Trying to access array offset on value of type null', 'APPPATH\\Views\\dashboard\\qr_code.php', 29, [...])
 2 SYSTEMPATH\View\View.php(213): include('APPPATH\\Views\\dashboard\\qr_code.php')
 3 SYSTEMPATH\View\View.php(216): CodeIgniter\View\View->CodeIgniter\View\{closure}()
 4 SYSTEMPATH\Common.php(1135): CodeIgniter\View\View->render('dashboard/qr_code', [], true)
 5 APPPATH\Controllers\Dashboard.php(211): view('dashboard/qr_code', [...])
 6 SYSTEMPATH\CodeIgniter.php(896): App\Controllers\Dashboard->qr_code('FCPATH\\js', 'jsfunctions.js')
 7 SYSTEMPATH\CodeIgniter.php(466): CodeIgniter\CodeIgniter->runController(Object(App\Controllers\Dashboard))
 8 SYSTEMPATH\CodeIgniter.php(349): CodeIgniter\CodeIgniter->handleRequest(null, Object(Config\Cache), false)
 9 FCPATH\index.php(55): CodeIgniter\CodeIgniter->run()
10 SYSTEMPATH\Commands\Server\rewrite.php(43): require_once('FCPATH\\index.php')
CRITICAL - 2022-09-12 00:24:51 --> Trying to access array offset on value of type null
in APPPATH\Views\dashboard\qr_code.php on line 29.
 1 APPPATH\Views\dashboard\qr_code.php(29): CodeIgniter\Debug\Exceptions->errorHandler(8, 'Trying to access array offset on value of type null', 'APPPATH\\Views\\dashboard\\qr_code.php', 29, [...])
 2 SYSTEMPATH\View\View.php(213): include('APPPATH\\Views\\dashboard\\qr_code.php')
 3 SYSTEMPATH\View\View.php(216): CodeIgniter\View\View->CodeIgniter\View\{closure}()
 4 SYSTEMPATH\Common.php(1135): CodeIgniter\View\View->render('dashboard/qr_code', [], true)
 5 APPPATH\Controllers\Dashboard.php(211): view('dashboard/qr_code', [...])
 6 SYSTEMPATH\CodeIgniter.php(896): App\Controllers\Dashboard->qr_code('FCPATH\\js', 'qrcode.js')
 7 SYSTEMPATH\CodeIgniter.php(466): CodeIgniter\CodeIgniter->runController(Object(App\Controllers\Dashboard))
 8 SYSTEMPATH\CodeIgniter.php(349): CodeIgniter\CodeIgniter->handleRequest(null, Object(Config\Cache), false)
 9 FCPATH\index.php(55): CodeIgniter\CodeIgniter->run()
10 SYSTEMPATH\Commands\Server\rewrite.php(43): require_once('FCPATH\\index.php')
CRITICAL - 2022-09-12 00:27:24 --> Trying to access array offset on value of type null
in APPPATH\Views\dashboard\qr_code.php on line 29.
 1 APPPATH\Views\dashboard\qr_code.php(29): CodeIgniter\Debug\Exceptions->errorHandler(8, 'Trying to access array offset on value of type null', 'APPPATH\\Views\\dashboard\\qr_code.php', 29, [...])
 2 SYSTEMPATH\View\View.php(213): include('APPPATH\\Views\\dashboard\\qr_code.php')
 3 SYSTEMPATH\View\View.php(216): CodeIgniter\View\View->CodeIgniter\View\{closure}()
 4 SYSTEMPATH\Common.php(1135): CodeIgniter\View\View->render('dashboard/qr_code', [], true)
 5 APPPATH\Controllers\Dashboard.php(211): view('dashboard/qr_code', [...])
 6 SYSTEMPATH\CodeIgniter.php(896): App\Controllers\Dashboard->qr_code('FCPATH\\js', 'jsfunctions.js')
 7 SYSTEMPATH\CodeIgniter.php(466): CodeIgniter\CodeIgniter->runController(Object(App\Controllers\Dashboard))
 8 SYSTEMPATH\CodeIgniter.php(349): CodeIgniter\CodeIgniter->handleRequest(null, Object(Config\Cache), false)
 9 FCPATH\index.php(55): CodeIgniter\CodeIgniter->run()
10 SYSTEMPATH\Commands\Server\rewrite.php(43): require_once('FCPATH\\index.php')
CRITICAL - 2022-09-12 00:27:24 --> Trying to access array offset on value of type null
in APPPATH\Views\dashboard\qr_code.php on line 29.
 1 APPPATH\Views\dashboard\qr_code.php(29): CodeIgniter\Debug\Exceptions->errorHandler(8, 'Trying to access array offset on value of type null', 'APPPATH\\Views\\dashboard\\qr_code.php', 29, [...])
 2 SYSTEMPATH\View\View.php(213): include('APPPATH\\Views\\dashboard\\qr_code.php')
 3 SYSTEMPATH\View\View.php(216): CodeIgniter\View\View->CodeIgniter\View\{closure}()
 4 SYSTEMPATH\Common.php(1135): CodeIgniter\View\View->render('dashboard/qr_code', [], true)
 5 APPPATH\Controllers\Dashboard.php(211): view('dashboard/qr_code', [...])
 6 SYSTEMPATH\CodeIgniter.php(896): App\Controllers\Dashboard->qr_code('FCPATH\\js', 'qrcode.js')
 7 SYSTEMPATH\CodeIgniter.php(466): CodeIgniter\CodeIgniter->runController(Object(App\Controllers\Dashboard))
 8 SYSTEMPATH\CodeIgniter.php(349): CodeIgniter\CodeIgniter->handleRequest(null, Object(Config\Cache), false)
 9 FCPATH\index.php(55): CodeIgniter\CodeIgniter->run()
10 SYSTEMPATH\Commands\Server\rewrite.php(43): require_once('FCPATH\\index.php')
CRITICAL - 2022-09-12 00:29:28 --> Trying to access array offset on value of type null
in APPPATH\Views\dashboard\qr_code.php on line 29.
 1 APPPATH\Views\dashboard\qr_code.php(29): CodeIgniter\Debug\Exceptions->errorHandler(8, 'Trying to access array offset on value of type null', 'APPPATH\\Views\\dashboard\\qr_code.php', 29, [...])
 2 SYSTEMPATH\View\View.php(213): include('APPPATH\\Views\\dashboard\\qr_code.php')
 3 SYSTEMPATH\View\View.php(216): CodeIgniter\View\View->CodeIgniter\View\{closure}()
 4 SYSTEMPATH\Common.php(1135): CodeIgniter\View\View->render('dashboard/qr_code', [], true)
 5 APPPATH\Controllers\Dashboard.php(211): view('dashboard/qr_code', [...])
 6 SYSTEMPATH\CodeIgniter.php(896): App\Controllers\Dashboard->qr_code('FCPATH\\js', 'jsfunctions.js')
 7 SYSTEMPATH\CodeIgniter.php(466): CodeIgniter\CodeIgniter->runController(Object(App\Controllers\Dashboard))
 8 SYSTEMPATH\CodeIgniter.php(349): CodeIgniter\CodeIgniter->handleRequest(null, Object(Config\Cache), false)
 9 FCPATH\index.php(55): CodeIgniter\CodeIgniter->run()
10 SYSTEMPATH\Commands\Server\rewrite.php(43): require_once('FCPATH\\index.php')
CRITICAL - 2022-09-12 00:29:28 --> Trying to access array offset on value of type null
in APPPATH\Views\dashboard\qr_code.php on line 29.
 1 APPPATH\Views\dashboard\qr_code.php(29): CodeIgniter\Debug\Exceptions->errorHandler(8, 'Trying to access array offset on value of type null', 'APPPATH\\Views\\dashboard\\qr_code.php', 29, [...])
 2 SYSTEMPATH\View\View.php(213): include('APPPATH\\Views\\dashboard\\qr_code.php')
 3 SYSTEMPATH\View\View.php(216): CodeIgniter\View\View->CodeIgniter\View\{closure}()
 4 SYSTEMPATH\Common.php(1135): CodeIgniter\View\View->render('dashboard/qr_code', [], true)
 5 APPPATH\Controllers\Dashboard.php(211): view('dashboard/qr_code', [...])
 6 SYSTEMPATH\CodeIgniter.php(896): App\Controllers\Dashboard->qr_code('FCPATH\\js', 'qrcode.js')
 7 SYSTEMPATH\CodeIgniter.php(466): CodeIgniter\CodeIgniter->runController(Object(App\Controllers\Dashboard))
 8 SYSTEMPATH\CodeIgniter.php(349): CodeIgniter\CodeIgniter->handleRequest(null, Object(Config\Cache), false)
 9 FCPATH\index.php(55): CodeIgniter\CodeIgniter->run()
10 SYSTEMPATH\Commands\Server\rewrite.php(43): require_once('FCPATH\\index.php')
CRITICAL - 2022-09-12 00:29:48 --> Trying to access array offset on value of type null
in APPPATH\Views\dashboard\qr_code.php on line 29.
 1 APPPATH\Views\dashboard\qr_code.php(29): CodeIgniter\Debug\Exceptions->errorHandler(8, 'Trying to access array offset on value of type null', 'APPPATH\\Views\\dashboard\\qr_code.php', 29, [...])
 2 SYSTEMPATH\View\View.php(213): include('APPPATH\\Views\\dashboard\\qr_code.php')
 3 SYSTEMPATH\View\View.php(216): CodeIgniter\View\View->CodeIgniter\View\{closure}()
 4 SYSTEMPATH\Common.php(1135): CodeIgniter\View\View->render('dashboard/qr_code', [], true)
 5 APPPATH\Controllers\Dashboard.php(211): view('dashboard/qr_code', [...])
 6 SYSTEMPATH\CodeIgniter.php(896): App\Controllers\Dashboard->qr_code('FCPATH\\js', 'jsfunctions.js')
 7 SYSTEMPATH\CodeIgniter.php(466): CodeIgniter\CodeIgniter->runController(Object(App\Controllers\Dashboard))
 8 SYSTEMPATH\CodeIgniter.php(349): CodeIgniter\CodeIgniter->handleRequest(null, Object(Config\Cache), false)
 9 FCPATH\index.php(55): CodeIgniter\CodeIgniter->run()
10 SYSTEMPATH\Commands\Server\rewrite.php(43): require_once('FCPATH\\index.php')
CRITICAL - 2022-09-12 00:29:48 --> Trying to access array offset on value of type null
in APPPATH\Views\dashboard\qr_code.php on line 29.
 1 APPPATH\Views\dashboard\qr_code.php(29): CodeIgniter\Debug\Exceptions->errorHandler(8, 'Trying to access array offset on value of type null', 'APPPATH\\Views\\dashboard\\qr_code.php', 29, [...])
 2 SYSTEMPATH\View\View.php(213): include('APPPATH\\Views\\dashboard\\qr_code.php')
 3 SYSTEMPATH\View\View.php(216): CodeIgniter\View\View->CodeIgniter\View\{closure}()
 4 SYSTEMPATH\Common.php(1135): CodeIgniter\View\View->render('dashboard/qr_code', [], true)
 5 APPPATH\Controllers\Dashboard.php(211): view('dashboard/qr_code', [...])
 6 SYSTEMPATH\CodeIgniter.php(896): App\Controllers\Dashboard->qr_code('FCPATH\\js', 'qrcode.js')
 7 SYSTEMPATH\CodeIgniter.php(466): CodeIgniter\CodeIgniter->runController(Object(App\Controllers\Dashboard))
 8 SYSTEMPATH\CodeIgniter.php(349): CodeIgniter\CodeIgniter->handleRequest(null, Object(Config\Cache), false)
 9 FCPATH\index.php(55): CodeIgniter\CodeIgniter->run()
10 SYSTEMPATH\Commands\Server\rewrite.php(43): require_once('FCPATH\\index.php')
CRITICAL - 2022-09-12 00:29:53 --> Trying to access array offset on value of type null
in APPPATH\Views\dashboard\qr_code.php on line 29.
 1 APPPATH\Views\dashboard\qr_code.php(29): CodeIgniter\Debug\Exceptions->errorHandler(8, 'Trying to access array offset on value of type null', 'APPPATH\\Views\\dashboard\\qr_code.php', 29, [...])
 2 SYSTEMPATH\View\View.php(213): include('APPPATH\\Views\\dashboard\\qr_code.php')
 3 SYSTEMPATH\View\View.php(216): CodeIgniter\View\View->CodeIgniter\View\{closure}()
 4 SYSTEMPATH\Common.php(1135): CodeIgniter\View\View->render('dashboard/qr_code', [], true)
 5 APPPATH\Controllers\Dashboard.php(211): view('dashboard/qr_code', [...])
 6 SYSTEMPATH\CodeIgniter.php(896): App\Controllers\Dashboard->qr_code('FCPATH\\js', 'jsfunctions.js')
 7 SYSTEMPATH\CodeIgniter.php(466): CodeIgniter\CodeIgniter->runController(Object(App\Controllers\Dashboard))
 8 SYSTEMPATH\CodeIgniter.php(349): CodeIgniter\CodeIgniter->handleRequest(null, Object(Config\Cache), false)
 9 FCPATH\index.php(55): CodeIgniter\CodeIgniter->run()
10 SYSTEMPATH\Commands\Server\rewrite.php(43): require_once('FCPATH\\index.php')
CRITICAL - 2022-09-12 00:29:53 --> Trying to access array offset on value of type null
in APPPATH\Views\dashboard\qr_code.php on line 29.
 1 APPPATH\Views\dashboard\qr_code.php(29): CodeIgniter\Debug\Exceptions->errorHandler(8, 'Trying to access array offset on value of type null', 'APPPATH\\Views\\dashboard\\qr_code.php', 29, [...])
 2 SYSTEMPATH\View\View.php(213): include('APPPATH\\Views\\dashboard\\qr_code.php')
 3 SYSTEMPATH\View\View.php(216): CodeIgniter\View\View->CodeIgniter\View\{closure}()
 4 SYSTEMPATH\Common.php(1135): CodeIgniter\View\View->render('dashboard/qr_code', [], true)
 5 APPPATH\Controllers\Dashboard.php(211): view('dashboard/qr_code', [...])
 6 SYSTEMPATH\CodeIgniter.php(896): App\Controllers\Dashboard->qr_code('FCPATH\\js', 'qrcode.js')
 7 SYSTEMPATH\CodeIgniter.php(466): CodeIgniter\CodeIgniter->runController(Object(App\Controllers\Dashboard))
 8 SYSTEMPATH\CodeIgniter.php(349): CodeIgniter\CodeIgniter->handleRequest(null, Object(Config\Cache), false)
 9 FCPATH\index.php(55): CodeIgniter\CodeIgniter->run()
10 SYSTEMPATH\Commands\Server\rewrite.php(43): require_once('FCPATH\\index.php')
CRITICAL - 2022-09-12 00:30:15 --> Trying to access array offset on value of type null
in APPPATH\Views\dashboard\qr_code.php on line 29.
 1 APPPATH\Views\dashboard\qr_code.php(29): CodeIgniter\Debug\Exceptions->errorHandler(8, 'Trying to access array offset on value of type null', 'APPPATH\\Views\\dashboard\\qr_code.php', 29, [...])
 2 SYSTEMPATH\View\View.php(213): include('APPPATH\\Views\\dashboard\\qr_code.php')
 3 SYSTEMPATH\View\View.php(216): CodeIgniter\View\View->CodeIgniter\View\{closure}()
 4 SYSTEMPATH\Common.php(1135): CodeIgniter\View\View->render('dashboard/qr_code', [], true)
 5 APPPATH\Controllers\Dashboard.php(211): view('dashboard/qr_code', [...])
 6 SYSTEMPATH\CodeIgniter.php(896): App\Controllers\Dashboard->qr_code('FCPATH\\js', 'jsfunctions.js')
 7 SYSTEMPATH\CodeIgniter.php(466): CodeIgniter\CodeIgniter->runController(Object(App\Controllers\Dashboard))
 8 SYSTEMPATH\CodeIgniter.php(349): CodeIgniter\CodeIgniter->handleRequest(null, Object(Config\Cache), false)
 9 FCPATH\index.php(55): CodeIgniter\CodeIgniter->run()
10 SYSTEMPATH\Commands\Server\rewrite.php(43): require_once('FCPATH\\index.php')
CRITICAL - 2022-09-12 00:30:15 --> Trying to access array offset on value of type null
in APPPATH\Views\dashboard\qr_code.php on line 29.
 1 APPPATH\Views\dashboard\qr_code.php(29): CodeIgniter\Debug\Exceptions->errorHandler(8, 'Trying to access array offset on value of type null', 'APPPATH\\Views\\dashboard\\qr_code.php', 29, [...])
 2 SYSTEMPATH\View\View.php(213): include('APPPATH\\Views\\dashboard\\qr_code.php')
 3 SYSTEMPATH\View\View.php(216): CodeIgniter\View\View->CodeIgniter\View\{closure}()
 4 SYSTEMPATH\Common.php(1135): CodeIgniter\View\View->render('dashboard/qr_code', [], true)
 5 APPPATH\Controllers\Dashboard.php(211): view('dashboard/qr_code', [...])
 6 SYSTEMPATH\CodeIgniter.php(896): App\Controllers\Dashboard->qr_code('FCPATH\\js', 'qrcode.js')
 7 SYSTEMPATH\CodeIgniter.php(466): CodeIgniter\CodeIgniter->runController(Object(App\Controllers\Dashboard))
 8 SYSTEMPATH\CodeIgniter.php(349): CodeIgniter\CodeIgniter->handleRequest(null, Object(Config\Cache), false)
 9 FCPATH\index.php(55): CodeIgniter\CodeIgniter->run()
10 SYSTEMPATH\Commands\Server\rewrite.php(43): require_once('FCPATH\\index.php')
CRITICAL - 2022-09-12 00:30:22 --> Trying to access array offset on value of type null
in APPPATH\Views\dashboard\qr_code.php on line 29.
 1 APPPATH\Views\dashboard\qr_code.php(29): CodeIgniter\Debug\Exceptions->errorHandler(8, 'Trying to access array offset on value of type null', 'APPPATH\\Views\\dashboard\\qr_code.php', 29, [...])
 2 SYSTEMPATH\View\View.php(213): include('APPPATH\\Views\\dashboard\\qr_code.php')
 3 SYSTEMPATH\View\View.php(216): CodeIgniter\View\View->CodeIgniter\View\{closure}()
 4 SYSTEMPATH\Common.php(1135): CodeIgniter\View\View->render('dashboard/qr_code', [], true)
 5 APPPATH\Controllers\Dashboard.php(211): view('dashboard/qr_code', [...])
 6 SYSTEMPATH\CodeIgniter.php(896): App\Controllers\Dashboard->qr_code('FCPATH\\js', 'jsfunctions.js')
 7 SYSTEMPATH\CodeIgniter.php(466): CodeIgniter\CodeIgniter->runController(Object(App\Controllers\Dashboard))
 8 SYSTEMPATH\CodeIgniter.php(349): CodeIgniter\CodeIgniter->handleRequest(null, Object(Config\Cache), false)
 9 FCPATH\index.php(55): CodeIgniter\CodeIgniter->run()
10 SYSTEMPATH\Commands\Server\rewrite.php(43): require_once('FCPATH\\index.php')
CRITICAL - 2022-09-12 00:30:22 --> Trying to access array offset on value of type null
in APPPATH\Views\dashboard\qr_code.php on line 29.
 1 APPPATH\Views\dashboard\qr_code.php(29): CodeIgniter\Debug\Exceptions->errorHandler(8, 'Trying to access array offset on value of type null', 'APPPATH\\Views\\dashboard\\qr_code.php', 29, [...])
 2 SYSTEMPATH\View\View.php(213): include('APPPATH\\Views\\dashboard\\qr_code.php')
 3 SYSTEMPATH\View\View.php(216): CodeIgniter\View\View->CodeIgniter\View\{closure}()
 4 SYSTEMPATH\Common.php(1135): CodeIgniter\View\View->render('dashboard/qr_code', [], true)
 5 APPPATH\Controllers\Dashboard.php(211): view('dashboard/qr_code', [...])
 6 SYSTEMPATH\CodeIgniter.php(896): App\Controllers\Dashboard->qr_code('FCPATH\\js', 'qrcode.js')
 7 SYSTEMPATH\CodeIgniter.php(466): CodeIgniter\CodeIgniter->runController(Object(App\Controllers\Dashboard))
 8 SYSTEMPATH\CodeIgniter.php(349): CodeIgniter\CodeIgniter->handleRequest(null, Object(Config\Cache), false)
 9 FCPATH\index.php(55): CodeIgniter\CodeIgniter->run()
10 SYSTEMPATH\Commands\Server\rewrite.php(43): require_once('FCPATH\\index.php')
CRITICAL - 2022-09-12 00:30:29 --> Trying to access array offset on value of type null
in APPPATH\Views\dashboard\qr_code.php on line 29.
 1 APPPATH\Views\dashboard\qr_code.php(29): CodeIgniter\Debug\Exceptions->errorHandler(8, 'Trying to access array offset on value of type null', 'APPPATH\\Views\\dashboard\\qr_code.php', 29, [...])
 2 SYSTEMPATH\View\View.php(213): include('APPPATH\\Views\\dashboard\\qr_code.php')
 3 SYSTEMPATH\View\View.php(216): CodeIgniter\View\View->CodeIgniter\View\{closure}()
 4 SYSTEMPATH\Common.php(1135): CodeIgniter\View\View->render('dashboard/qr_code', [], true)
 5 APPPATH\Controllers\Dashboard.php(211): view('dashboard/qr_code', [...])
 6 SYSTEMPATH\CodeIgniter.php(896): App\Controllers\Dashboard->qr_code('FCPATH\\js', 'jsfunctions.js')
 7 SYSTEMPATH\CodeIgniter.php(466): CodeIgniter\CodeIgniter->runController(Object(App\Controllers\Dashboard))
 8 SYSTEMPATH\CodeIgniter.php(349): CodeIgniter\CodeIgniter->handleRequest(null, Object(Config\Cache), false)
 9 FCPATH\index.php(55): CodeIgniter\CodeIgniter->run()
10 SYSTEMPATH\Commands\Server\rewrite.php(43): require_once('FCPATH\\index.php')
CRITICAL - 2022-09-12 00:30:29 --> Trying to access array offset on value of type null
in APPPATH\Views\dashboard\qr_code.php on line 29.
 1 APPPATH\Views\dashboard\qr_code.php(29): CodeIgniter\Debug\Exceptions->errorHandler(8, 'Trying to access array offset on value of type null', 'APPPATH\\Views\\dashboard\\qr_code.php', 29, [...])
 2 SYSTEMPATH\View\View.php(213): include('APPPATH\\Views\\dashboard\\qr_code.php')
 3 SYSTEMPATH\View\View.php(216): CodeIgniter\View\View->CodeIgniter\View\{closure}()
 4 SYSTEMPATH\Common.php(1135): CodeIgniter\View\View->render('dashboard/qr_code', [], true)
 5 APPPATH\Controllers\Dashboard.php(211): view('dashboard/qr_code', [...])
 6 SYSTEMPATH\CodeIgniter.php(896): App\Controllers\Dashboard->qr_code('FCPATH\\js', 'qrcode.js')
 7 SYSTEMPATH\CodeIgniter.php(466): CodeIgniter\CodeIgniter->runController(Object(App\Controllers\Dashboard))
 8 SYSTEMPATH\CodeIgniter.php(349): CodeIgniter\CodeIgniter->handleRequest(null, Object(Config\Cache), false)
 9 FCPATH\index.php(55): CodeIgniter\CodeIgniter->run()
10 SYSTEMPATH\Commands\Server\rewrite.php(43): require_once('FCPATH\\index.php')
CRITICAL - 2022-09-12 00:30:36 --> Trying to access array offset on value of type null
in APPPATH\Views\dashboard\qr_code.php on line 29.
 1 APPPATH\Views\dashboard\qr_code.php(29): CodeIgniter\Debug\Exceptions->errorHandler(8, 'Trying to access array offset on value of type null', 'APPPATH\\Views\\dashboard\\qr_code.php', 29, [...])
 2 SYSTEMPATH\View\View.php(213): include('APPPATH\\Views\\dashboard\\qr_code.php')
 3 SYSTEMPATH\View\View.php(216): CodeIgniter\View\View->CodeIgniter\View\{closure}()
 4 SYSTEMPATH\Common.php(1135): CodeIgniter\View\View->render('dashboard/qr_code', [], true)
 5 APPPATH\Controllers\Dashboard.php(211): view('dashboard/qr_code', [...])
 6 SYSTEMPATH\CodeIgniter.php(896): App\Controllers\Dashboard->qr_code('FCPATH\\js', 'jsfunctions.js')
 7 SYSTEMPATH\CodeIgniter.php(466): CodeIgniter\CodeIgniter->runController(Object(App\Controllers\Dashboard))
 8 SYSTEMPATH\CodeIgniter.php(349): CodeIgniter\CodeIgniter->handleRequest(null, Object(Config\Cache), false)
 9 FCPATH\index.php(55): CodeIgniter\CodeIgniter->run()
10 SYSTEMPATH\Commands\Server\rewrite.php(43): require_once('FCPATH\\index.php')
CRITICAL - 2022-09-12 00:30:36 --> Trying to access array offset on value of type null
in APPPATH\Views\dashboard\qr_code.php on line 29.
 1 APPPATH\Views\dashboard\qr_code.php(29): CodeIgniter\Debug\Exceptions->errorHandler(8, 'Trying to access array offset on value of type null', 'APPPATH\\Views\\dashboard\\qr_code.php', 29, [...])
 2 SYSTEMPATH\View\View.php(213): include('APPPATH\\Views\\dashboard\\qr_code.php')
 3 SYSTEMPATH\View\View.php(216): CodeIgniter\View\View->CodeIgniter\View\{closure}()
 4 SYSTEMPATH\Common.php(1135): CodeIgniter\View\View->render('dashboard/qr_code', [], true)
 5 APPPATH\Controllers\Dashboard.php(211): view('dashboard/qr_code', [...])
 6 SYSTEMPATH\CodeIgniter.php(896): App\Controllers\Dashboard->qr_code('FCPATH\\js', 'qrcode.js')
 7 SYSTEMPATH\CodeIgniter.php(466): CodeIgniter\CodeIgniter->runController(Object(App\Controllers\Dashboard))
 8 SYSTEMPATH\CodeIgniter.php(349): CodeIgniter\CodeIgniter->handleRequest(null, Object(Config\Cache), false)
 9 FCPATH\index.php(55): CodeIgniter\CodeIgniter->run()
10 SYSTEMPATH\Commands\Server\rewrite.php(43): require_once('FCPATH\\index.php')
CRITICAL - 2022-09-12 00:30:56 --> Trying to access array offset on value of type null
in APPPATH\Views\dashboard\qr_code.php on line 29.
 1 APPPATH\Views\dashboard\qr_code.php(29): CodeIgniter\Debug\Exceptions->errorHandler(8, 'Trying to access array offset on value of type null', 'APPPATH\\Views\\dashboard\\qr_code.php', 29, [...])
 2 SYSTEMPATH\View\View.php(213): include('APPPATH\\Views\\dashboard\\qr_code.php')
 3 SYSTEMPATH\View\View.php(216): CodeIgniter\View\View->CodeIgniter\View\{closure}()
 4 SYSTEMPATH\Common.php(1135): CodeIgniter\View\View->render('dashboard/qr_code', [], true)
 5 APPPATH\Controllers\Dashboard.php(211): view('dashboard/qr_code', [...])
 6 SYSTEMPATH\CodeIgniter.php(896): App\Controllers\Dashboard->qr_code('FCPATH\\js', 'jsfunctions.js')
 7 SYSTEMPATH\CodeIgniter.php(466): CodeIgniter\CodeIgniter->runController(Object(App\Controllers\Dashboard))
 8 SYSTEMPATH\CodeIgniter.php(349): CodeIgniter\CodeIgniter->handleRequest(null, Object(Config\Cache), false)
 9 FCPATH\index.php(55): CodeIgniter\CodeIgniter->run()
10 SYSTEMPATH\Commands\Server\rewrite.php(43): require_once('FCPATH\\index.php')
CRITICAL - 2022-09-12 00:30:57 --> Trying to access array offset on value of type null
in APPPATH\Views\dashboard\qr_code.php on line 29.
 1 APPPATH\Views\dashboard\qr_code.php(29): CodeIgniter\Debug\Exceptions->errorHandler(8, 'Trying to access array offset on value of type null', 'APPPATH\\Views\\dashboard\\qr_code.php', 29, [...])
 2 SYSTEMPATH\View\View.php(213): include('APPPATH\\Views\\dashboard\\qr_code.php')
 3 SYSTEMPATH\View\View.php(216): CodeIgniter\View\View->CodeIgniter\View\{closure}()
 4 SYSTEMPATH\Common.php(1135): CodeIgniter\View\View->render('dashboard/qr_code', [], true)
 5 APPPATH\Controllers\Dashboard.php(211): view('dashboard/qr_code', [...])
 6 SYSTEMPATH\CodeIgniter.php(896): App\Controllers\Dashboard->qr_code('FCPATH\\js', 'qrcode.js')
 7 SYSTEMPATH\CodeIgniter.php(466): CodeIgniter\CodeIgniter->runController(Object(App\Controllers\Dashboard))
 8 SYSTEMPATH\CodeIgniter.php(349): CodeIgniter\CodeIgniter->handleRequest(null, Object(Config\Cache), false)
 9 FCPATH\index.php(55): CodeIgniter\CodeIgniter->run()
10 SYSTEMPATH\Commands\Server\rewrite.php(43): require_once('FCPATH\\index.php')
CRITICAL - 2022-09-12 00:31:11 --> Trying to access array offset on value of type null
in APPPATH\Views\dashboard\qr_code.php on line 29.
 1 APPPATH\Views\dashboard\qr_code.php(29): CodeIgniter\Debug\Exceptions->errorHandler(8, 'Trying to access array offset on value of type null', 'APPPATH\\Views\\dashboard\\qr_code.php', 29, [...])
 2 SYSTEMPATH\View\View.php(213): include('APPPATH\\Views\\dashboard\\qr_code.php')
 3 SYSTEMPATH\View\View.php(216): CodeIgniter\View\View->CodeIgniter\View\{closure}()
 4 SYSTEMPATH\Common.php(1135): CodeIgniter\View\View->render('dashboard/qr_code', [], true)
 5 APPPATH\Controllers\Dashboard.php(211): view('dashboard/qr_code', [...])
 6 SYSTEMPATH\CodeIgniter.php(896): App\Controllers\Dashboard->qr_code('FCPATH\\js', 'jsfunctions.js')
 7 SYSTEMPATH\CodeIgniter.php(466): CodeIgniter\CodeIgniter->runController(Object(App\Controllers\Dashboard))
 8 SYSTEMPATH\CodeIgniter.php(349): CodeIgniter\CodeIgniter->handleRequest(null, Object(Config\Cache), false)
 9 FCPATH\index.php(55): CodeIgniter\CodeIgniter->run()
10 SYSTEMPATH\Commands\Server\rewrite.php(43): require_once('FCPATH\\index.php')
CRITICAL - 2022-09-12 00:31:11 --> Trying to access array offset on value of type null
in APPPATH\Views\dashboard\qr_code.php on line 29.
 1 APPPATH\Views\dashboard\qr_code.php(29): CodeIgniter\Debug\Exceptions->errorHandler(8, 'Trying to access array offset on value of type null', 'APPPATH\\Views\\dashboard\\qr_code.php', 29, [...])
 2 SYSTEMPATH\View\View.php(213): include('APPPATH\\Views\\dashboard\\qr_code.php')
 3 SYSTEMPATH\View\View.php(216): CodeIgniter\View\View->CodeIgniter\View\{closure}()
 4 SYSTEMPATH\Common.php(1135): CodeIgniter\View\View->render('dashboard/qr_code', [], true)
 5 APPPATH\Controllers\Dashboard.php(211): view('dashboard/qr_code', [...])
 6 SYSTEMPATH\CodeIgniter.php(896): App\Controllers\Dashboard->qr_code('FCPATH\\js', 'qrcode.js')
 7 SYSTEMPATH\CodeIgniter.php(466): CodeIgniter\CodeIgniter->runController(Object(App\Controllers\Dashboard))
 8 SYSTEMPATH\CodeIgniter.php(349): CodeIgniter\CodeIgniter->handleRequest(null, Object(Config\Cache), false)
 9 FCPATH\index.php(55): CodeIgniter\CodeIgniter->run()
10 SYSTEMPATH\Commands\Server\rewrite.php(43): require_once('FCPATH\\index.php')
CRITICAL - 2022-09-12 00:31:26 --> Trying to access array offset on value of type null
in APPPATH\Views\dashboard\qr_code.php on line 29.
 1 APPPATH\Views\dashboard\qr_code.php(29): CodeIgniter\Debug\Exceptions->errorHandler(8, 'Trying to access array offset on value of type null', 'APPPATH\\Views\\dashboard\\qr_code.php', 29, [...])
 2 SYSTEMPATH\View\View.php(213): include('APPPATH\\Views\\dashboard\\qr_code.php')
 3 SYSTEMPATH\View\View.php(216): CodeIgniter\View\View->CodeIgniter\View\{closure}()
 4 SYSTEMPATH\Common.php(1135): CodeIgniter\View\View->render('dashboard/qr_code', [], true)
 5 APPPATH\Controllers\Dashboard.php(211): view('dashboard/qr_code', [...])
 6 SYSTEMPATH\CodeIgniter.php(896): App\Controllers\Dashboard->qr_code('FCPATH\\js', 'jsfunctions.js')
 7 SYSTEMPATH\CodeIgniter.php(466): CodeIgniter\CodeIgniter->runController(Object(App\Controllers\Dashboard))
 8 SYSTEMPATH\CodeIgniter.php(349): CodeIgniter\CodeIgniter->handleRequest(null, Object(Config\Cache), false)
 9 FCPATH\index.php(55): CodeIgniter\CodeIgniter->run()
10 SYSTEMPATH\Commands\Server\rewrite.php(43): require_once('FCPATH\\index.php')
CRITICAL - 2022-09-12 00:31:26 --> Trying to access array offset on value of type null
in APPPATH\Views\dashboard\qr_code.php on line 29.
 1 APPPATH\Views\dashboard\qr_code.php(29): CodeIgniter\Debug\Exceptions->errorHandler(8, 'Trying to access array offset on value of type null', 'APPPATH\\Views\\dashboard\\qr_code.php', 29, [...])
 2 SYSTEMPATH\View\View.php(213): include('APPPATH\\Views\\dashboard\\qr_code.php')
 3 SYSTEMPATH\View\View.php(216): CodeIgniter\View\View->CodeIgniter\View\{closure}()
 4 SYSTEMPATH\Common.php(1135): CodeIgniter\View\View->render('dashboard/qr_code', [], true)
 5 APPPATH\Controllers\Dashboard.php(211): view('dashboard/qr_code', [...])
 6 SYSTEMPATH\CodeIgniter.php(896): App\Controllers\Dashboard->qr_code('FCPATH\\js', 'qrcode.js')
 7 SYSTEMPATH\CodeIgniter.php(466): CodeIgniter\CodeIgniter->runController(Object(App\Controllers\Dashboard))
 8 SYSTEMPATH\CodeIgniter.php(349): CodeIgniter\CodeIgniter->handleRequest(null, Object(Config\Cache), false)
 9 FCPATH\index.php(55): CodeIgniter\CodeIgniter->run()
10 SYSTEMPATH\Commands\Server\rewrite.php(43): require_once('FCPATH\\index.php')
CRITICAL - 2022-09-12 00:31:40 --> Trying to access array offset on value of type null
in APPPATH\Views\dashboard\qr_code.php on line 29.
 1 APPPATH\Views\dashboard\qr_code.php(29): CodeIgniter\Debug\Exceptions->errorHandler(8, 'Trying to access array offset on value of type null', 'APPPATH\\Views\\dashboard\\qr_code.php', 29, [...])
 2 SYSTEMPATH\View\View.php(213): include('APPPATH\\Views\\dashboard\\qr_code.php')
 3 SYSTEMPATH\View\View.php(216): CodeIgniter\View\View->CodeIgniter\View\{closure}()
 4 SYSTEMPATH\Common.php(1135): CodeIgniter\View\View->render('dashboard/qr_code', [], true)
 5 APPPATH\Controllers\Dashboard.php(211): view('dashboard/qr_code', [...])
 6 SYSTEMPATH\CodeIgniter.php(896): App\Controllers\Dashboard->qr_code('FCPATH\\js', 'jsfunctions.js')
 7 SYSTEMPATH\CodeIgniter.php(466): CodeIgniter\CodeIgniter->runController(Object(App\Controllers\Dashboard))
 8 SYSTEMPATH\CodeIgniter.php(349): CodeIgniter\CodeIgniter->handleRequest(null, Object(Config\Cache), false)
 9 FCPATH\index.php(55): CodeIgniter\CodeIgniter->run()
10 SYSTEMPATH\Commands\Server\rewrite.php(43): require_once('FCPATH\\index.php')
CRITICAL - 2022-09-12 00:31:40 --> Trying to access array offset on value of type null
in APPPATH\Views\dashboard\qr_code.php on line 29.
 1 APPPATH\Views\dashboard\qr_code.php(29): CodeIgniter\Debug\Exceptions->errorHandler(8, 'Trying to access array offset on value of type null', 'APPPATH\\Views\\dashboard\\qr_code.php', 29, [...])
 2 SYSTEMPATH\View\View.php(213): include('APPPATH\\Views\\dashboard\\qr_code.php')
 3 SYSTEMPATH\View\View.php(216): CodeIgniter\View\View->CodeIgniter\View\{closure}()
 4 SYSTEMPATH\Common.php(1135): CodeIgniter\View\View->render('dashboard/qr_code', [], true)
 5 APPPATH\Controllers\Dashboard.php(211): view('dashboard/qr_code', [...])
 6 SYSTEMPATH\CodeIgniter.php(896): App\Controllers\Dashboard->qr_code('FCPATH\\js', 'qrcode.js')
 7 SYSTEMPATH\CodeIgniter.php(466): CodeIgniter\CodeIgniter->runController(Object(App\Controllers\Dashboard))
 8 SYSTEMPATH\CodeIgniter.php(349): CodeIgniter\CodeIgniter->handleRequest(null, Object(Config\Cache), false)
 9 FCPATH\index.php(55): CodeIgniter\CodeIgniter->run()
10 SYSTEMPATH\Commands\Server\rewrite.php(43): require_once('FCPATH\\index.php')
CRITICAL - 2022-09-12 00:31:52 --> Trying to access array offset on value of type null
in APPPATH\Views\dashboard\qr_code.php on line 29.
 1 APPPATH\Views\dashboard\qr_code.php(29): CodeIgniter\Debug\Exceptions->errorHandler(8, 'Trying to access array offset on value of type null', 'APPPATH\\Views\\dashboard\\qr_code.php', 29, [...])
 2 SYSTEMPATH\View\View.php(213): include('APPPATH\\Views\\dashboard\\qr_code.php')
 3 SYSTEMPATH\View\View.php(216): CodeIgniter\View\View->CodeIgniter\View\{closure}()
 4 SYSTEMPATH\Common.php(1135): CodeIgniter\View\View->render('dashboard/qr_code', [], true)
 5 APPPATH\Controllers\Dashboard.php(211): view('dashboard/qr_code', [...])
 6 SYSTEMPATH\CodeIgniter.php(896): App\Controllers\Dashboard->qr_code('FCPATH\\js', 'jsfunctions.js')
 7 SYSTEMPATH\CodeIgniter.php(466): CodeIgniter\CodeIgniter->runController(Object(App\Controllers\Dashboard))
 8 SYSTEMPATH\CodeIgniter.php(349): CodeIgniter\CodeIgniter->handleRequest(null, Object(Config\Cache), false)
 9 FCPATH\index.php(55): CodeIgniter\CodeIgniter->run()
10 SYSTEMPATH\Commands\Server\rewrite.php(43): require_once('FCPATH\\index.php')
CRITICAL - 2022-09-12 00:31:52 --> Trying to access array offset on value of type null
in APPPATH\Views\dashboard\qr_code.php on line 29.
 1 APPPATH\Views\dashboard\qr_code.php(29): CodeIgniter\Debug\Exceptions->errorHandler(8, 'Trying to access array offset on value of type null', 'APPPATH\\Views\\dashboard\\qr_code.php', 29, [...])
 2 SYSTEMPATH\View\View.php(213): include('APPPATH\\Views\\dashboard\\qr_code.php')
 3 SYSTEMPATH\View\View.php(216): CodeIgniter\View\View->CodeIgniter\View\{closure}()
 4 SYSTEMPATH\Common.php(1135): CodeIgniter\View\View->render('dashboard/qr_code', [], true)
 5 APPPATH\Controllers\Dashboard.php(211): view('dashboard/qr_code', [...])
 6 SYSTEMPATH\CodeIgniter.php(896): App\Controllers\Dashboard->qr_code('FCPATH\\js', 'qrcode.js')
 7 SYSTEMPATH\CodeIgniter.php(466): CodeIgniter\CodeIgniter->runController(Object(App\Controllers\Dashboard))
 8 SYSTEMPATH\CodeIgniter.php(349): CodeIgniter\CodeIgniter->handleRequest(null, Object(Config\Cache), false)
 9 FCPATH\index.php(55): CodeIgniter\CodeIgniter->run()
10 SYSTEMPATH\Commands\Server\rewrite.php(43): require_once('FCPATH\\index.php')
CRITICAL - 2022-09-12 00:32:03 --> Trying to access array offset on value of type null
in APPPATH\Views\dashboard\qr_code.php on line 29.
 1 APPPATH\Views\dashboard\qr_code.php(29): CodeIgniter\Debug\Exceptions->errorHandler(8, 'Trying to access array offset on value of type null', 'APPPATH\\Views\\dashboard\\qr_code.php', 29, [...])
 2 SYSTEMPATH\View\View.php(213): include('APPPATH\\Views\\dashboard\\qr_code.php')
 3 SYSTEMPATH\View\View.php(216): CodeIgniter\View\View->CodeIgniter\View\{closure}()
 4 SYSTEMPATH\Common.php(1135): CodeIgniter\View\View->render('dashboard/qr_code', [], true)
 5 APPPATH\Controllers\Dashboard.php(211): view('dashboard/qr_code', [...])
 6 SYSTEMPATH\CodeIgniter.php(896): App\Controllers\Dashboard->qr_code('FCPATH\\js', 'jsfunctions.js')
 7 SYSTEMPATH\CodeIgniter.php(466): CodeIgniter\CodeIgniter->runController(Object(App\Controllers\Dashboard))
 8 SYSTEMPATH\CodeIgniter.php(349): CodeIgniter\CodeIgniter->handleRequest(null, Object(Config\Cache), false)
 9 FCPATH\index.php(55): CodeIgniter\CodeIgniter->run()
10 SYSTEMPATH\Commands\Server\rewrite.php(43): require_once('FCPATH\\index.php')
CRITICAL - 2022-09-12 00:32:03 --> Trying to access array offset on value of type null
in APPPATH\Views\dashboard\qr_code.php on line 29.
 1 APPPATH\Views\dashboard\qr_code.php(29): CodeIgniter\Debug\Exceptions->errorHandler(8, 'Trying to access array offset on value of type null', 'APPPATH\\Views\\dashboard\\qr_code.php', 29, [...])
 2 SYSTEMPATH\View\View.php(213): include('APPPATH\\Views\\dashboard\\qr_code.php')
 3 SYSTEMPATH\View\View.php(216): CodeIgniter\View\View->CodeIgniter\View\{closure}()
 4 SYSTEMPATH\Common.php(1135): CodeIgniter\View\View->render('dashboard/qr_code', [], true)
 5 APPPATH\Controllers\Dashboard.php(211): view('dashboard/qr_code', [...])
 6 SYSTEMPATH\CodeIgniter.php(896): App\Controllers\Dashboard->qr_code('FCPATH\\js', 'qrcode.js')
 7 SYSTEMPATH\CodeIgniter.php(466): CodeIgniter\CodeIgniter->runController(Object(App\Controllers\Dashboard))
 8 SYSTEMPATH\CodeIgniter.php(349): CodeIgniter\CodeIgniter->handleRequest(null, Object(Config\Cache), false)
 9 FCPATH\index.php(55): CodeIgniter\CodeIgniter->run()
10 SYSTEMPATH\Commands\Server\rewrite.php(43): require_once('FCPATH\\index.php')
CRITICAL - 2022-09-12 00:39:48 --> Trying to access array offset on value of type null
in APPPATH\Views\dashboard\qr_code.php on line 29.
 1 APPPATH\Views\dashboard\qr_code.php(29): CodeIgniter\Debug\Exceptions->errorHandler(8, 'Trying to access array offset on value of type null', 'APPPATH\\Views\\dashboard\\qr_code.php', 29, [...])
 2 SYSTEMPATH\View\View.php(213): include('APPPATH\\Views\\dashboard\\qr_code.php')
 3 SYSTEMPATH\View\View.php(216): CodeIgniter\View\View->CodeIgniter\View\{closure}()
 4 SYSTEMPATH\Common.php(1135): CodeIgniter\View\View->render('dashboard/qr_code', [], true)
 5 APPPATH\Controllers\Dashboard.php(211): view('dashboard/qr_code', [...])
 6 SYSTEMPATH\CodeIgniter.php(896): App\Controllers\Dashboard->qr_code('FCPATH\\js', 'jsfunctions.js')
 7 SYSTEMPATH\CodeIgniter.php(466): CodeIgniter\CodeIgniter->runController(Object(App\Controllers\Dashboard))
 8 SYSTEMPATH\CodeIgniter.php(349): CodeIgniter\CodeIgniter->handleRequest(null, Object(Config\Cache), false)
 9 FCPATH\index.php(55): CodeIgniter\CodeIgniter->run()
10 SYSTEMPATH\Commands\Server\rewrite.php(43): require_once('FCPATH\\index.php')
CRITICAL - 2022-09-12 00:39:48 --> Trying to access array offset on value of type null
in APPPATH\Views\dashboard\qr_code.php on line 29.
 1 APPPATH\Views\dashboard\qr_code.php(29): CodeIgniter\Debug\Exceptions->errorHandler(8, 'Trying to access array offset on value of type null', 'APPPATH\\Views\\dashboard\\qr_code.php', 29, [...])
 2 SYSTEMPATH\View\View.php(213): include('APPPATH\\Views\\dashboard\\qr_code.php')
 3 SYSTEMPATH\View\View.php(216): CodeIgniter\View\View->CodeIgniter\View\{closure}()
 4 SYSTEMPATH\Common.php(1135): CodeIgniter\View\View->render('dashboard/qr_code', [], true)
 5 APPPATH\Controllers\Dashboard.php(211): view('dashboard/qr_code', [...])
 6 SYSTEMPATH\CodeIgniter.php(896): App\Controllers\Dashboard->qr_code('FCPATH\\js', 'qrcode.js')
 7 SYSTEMPATH\CodeIgniter.php(466): CodeIgniter\CodeIgniter->runController(Object(App\Controllers\Dashboard))
 8 SYSTEMPATH\CodeIgniter.php(349): CodeIgniter\CodeIgniter->handleRequest(null, Object(Config\Cache), false)
 9 FCPATH\index.php(55): CodeIgniter\CodeIgniter->run()
10 SYSTEMPATH\Commands\Server\rewrite.php(43): require_once('FCPATH\\index.php')
CRITICAL - 2022-09-12 00:39:52 --> Trying to access array offset on value of type null
in APPPATH\Views\dashboard\qr_code.php on line 29.
 1 APPPATH\Views\dashboard\qr_code.php(29): CodeIgniter\Debug\Exceptions->errorHandler(8, 'Trying to access array offset on value of type null', 'APPPATH\\Views\\dashboard\\qr_code.php', 29, [...])
 2 SYSTEMPATH\View\View.php(213): include('APPPATH\\Views\\dashboard\\qr_code.php')
 3 SYSTEMPATH\View\View.php(216): CodeIgniter\View\View->CodeIgniter\View\{closure}()
 4 SYSTEMPATH\Common.php(1135): CodeIgniter\View\View->render('dashboard/qr_code', [], true)
 5 APPPATH\Controllers\Dashboard.php(211): view('dashboard/qr_code', [...])
 6 SYSTEMPATH\CodeIgniter.php(896): App\Controllers\Dashboard->qr_code('FCPATH\\js', 'jsfunctions.js')
 7 SYSTEMPATH\CodeIgniter.php(466): CodeIgniter\CodeIgniter->runController(Object(App\Controllers\Dashboard))
 8 SYSTEMPATH\CodeIgniter.php(349): CodeIgniter\CodeIgniter->handleRequest(null, Object(Config\Cache), false)
 9 FCPATH\index.php(55): CodeIgniter\CodeIgniter->run()
10 SYSTEMPATH\Commands\Server\rewrite.php(43): require_once('FCPATH\\index.php')
CRITICAL - 2022-09-12 00:39:52 --> Trying to access array offset on value of type null
in APPPATH\Views\dashboard\qr_code.php on line 29.
 1 APPPATH\Views\dashboard\qr_code.php(29): CodeIgniter\Debug\Exceptions->errorHandler(8, 'Trying to access array offset on value of type null', 'APPPATH\\Views\\dashboard\\qr_code.php', 29, [...])
 2 SYSTEMPATH\View\View.php(213): include('APPPATH\\Views\\dashboard\\qr_code.php')
 3 SYSTEMPATH\View\View.php(216): CodeIgniter\View\View->CodeIgniter\View\{closure}()
 4 SYSTEMPATH\Common.php(1135): CodeIgniter\View\View->render('dashboard/qr_code', [], true)
 5 APPPATH\Controllers\Dashboard.php(211): view('dashboard/qr_code', [...])
 6 SYSTEMPATH\CodeIgniter.php(896): App\Controllers\Dashboard->qr_code('FCPATH\\js', 'qrcode.js')
 7 SYSTEMPATH\CodeIgniter.php(466): CodeIgniter\CodeIgniter->runController(Object(App\Controllers\Dashboard))
 8 SYSTEMPATH\CodeIgniter.php(349): CodeIgniter\CodeIgniter->handleRequest(null, Object(Config\Cache), false)
 9 FCPATH\index.php(55): CodeIgniter\CodeIgniter->run()
10 SYSTEMPATH\Commands\Server\rewrite.php(43): require_once('FCPATH\\index.php')
CRITICAL - 2022-09-12 00:39:56 --> Trying to access array offset on value of type null
in APPPATH\Views\dashboard\qr_code.php on line 29.
 1 APPPATH\Views\dashboard\qr_code.php(29): CodeIgniter\Debug\Exceptions->errorHandler(8, 'Trying to access array offset on value of type null', 'APPPATH\\Views\\dashboard\\qr_code.php', 29, [...])
 2 SYSTEMPATH\View\View.php(213): include('APPPATH\\Views\\dashboard\\qr_code.php')
 3 SYSTEMPATH\View\View.php(216): CodeIgniter\View\View->CodeIgniter\View\{closure}()
 4 SYSTEMPATH\Common.php(1135): CodeIgniter\View\View->render('dashboard/qr_code', [], true)
 5 APPPATH\Controllers\Dashboard.php(211): view('dashboard/qr_code', [...])
 6 SYSTEMPATH\CodeIgniter.php(896): App\Controllers\Dashboard->qr_code('FCPATH\\js', 'jsfunctions.js')
 7 SYSTEMPATH\CodeIgniter.php(466): CodeIgniter\CodeIgniter->runController(Object(App\Controllers\Dashboard))
 8 SYSTEMPATH\CodeIgniter.php(349): CodeIgniter\CodeIgniter->handleRequest(null, Object(Config\Cache), false)
 9 FCPATH\index.php(55): CodeIgniter\CodeIgniter->run()
10 SYSTEMPATH\Commands\Server\rewrite.php(43): require_once('FCPATH\\index.php')
CRITICAL - 2022-09-12 00:39:56 --> Trying to access array offset on value of type null
in APPPATH\Views\dashboard\qr_code.php on line 29.
 1 APPPATH\Views\dashboard\qr_code.php(29): CodeIgniter\Debug\Exceptions->errorHandler(8, 'Trying to access array offset on value of type null', 'APPPATH\\Views\\dashboard\\qr_code.php', 29, [...])
 2 SYSTEMPATH\View\View.php(213): include('APPPATH\\Views\\dashboard\\qr_code.php')
 3 SYSTEMPATH\View\View.php(216): CodeIgniter\View\View->CodeIgniter\View\{closure}()
 4 SYSTEMPATH\Common.php(1135): CodeIgniter\View\View->render('dashboard/qr_code', [], true)
 5 APPPATH\Controllers\Dashboard.php(211): view('dashboard/qr_code', [...])
 6 SYSTEMPATH\CodeIgniter.php(896): App\Controllers\Dashboard->qr_code('FCPATH\\js', 'qrcode.js')
 7 SYSTEMPATH\CodeIgniter.php(466): CodeIgniter\CodeIgniter->runController(Object(App\Controllers\Dashboard))
 8 SYSTEMPATH\CodeIgniter.php(349): CodeIgniter\CodeIgniter->handleRequest(null, Object(Config\Cache), false)
 9 FCPATH\index.php(55): CodeIgniter\CodeIgniter->run()
10 SYSTEMPATH\Commands\Server\rewrite.php(43): require_once('FCPATH\\index.php')
CRITICAL - 2022-09-12 00:39:59 --> Trying to access array offset on value of type null
in APPPATH\Views\dashboard\qr_code.php on line 29.
 1 APPPATH\Views\dashboard\qr_code.php(29): CodeIgniter\Debug\Exceptions->errorHandler(8, 'Trying to access array offset on value of type null', 'APPPATH\\Views\\dashboard\\qr_code.php', 29, [...])
 2 SYSTEMPATH\View\View.php(213): include('APPPATH\\Views\\dashboard\\qr_code.php')
 3 SYSTEMPATH\View\View.php(216): CodeIgniter\View\View->CodeIgniter\View\{closure}()
 4 SYSTEMPATH\Common.php(1135): CodeIgniter\View\View->render('dashboard/qr_code', [], true)
 5 APPPATH\Controllers\Dashboard.php(211): view('dashboard/qr_code', [...])
 6 SYSTEMPATH\CodeIgniter.php(896): App\Controllers\Dashboard->qr_code('FCPATH\\js', 'jsfunctions.js')
 7 SYSTEMPATH\CodeIgniter.php(466): CodeIgniter\CodeIgniter->runController(Object(App\Controllers\Dashboard))
 8 SYSTEMPATH\CodeIgniter.php(349): CodeIgniter\CodeIgniter->handleRequest(null, Object(Config\Cache), false)
 9 FCPATH\index.php(55): CodeIgniter\CodeIgniter->run()
10 SYSTEMPATH\Commands\Server\rewrite.php(43): require_once('FCPATH\\index.php')
CRITICAL - 2022-09-12 00:40:00 --> Trying to access array offset on value of type null
in APPPATH\Views\dashboard\qr_code.php on line 29.
 1 APPPATH\Views\dashboard\qr_code.php(29): CodeIgniter\Debug\Exceptions->errorHandler(8, 'Trying to access array offset on value of type null', 'APPPATH\\Views\\dashboard\\qr_code.php', 29, [...])
 2 SYSTEMPATH\View\View.php(213): include('APPPATH\\Views\\dashboard\\qr_code.php')
 3 SYSTEMPATH\View\View.php(216): CodeIgniter\View\View->CodeIgniter\View\{closure}()
 4 SYSTEMPATH\Common.php(1135): CodeIgniter\View\View->render('dashboard/qr_code', [], true)
 5 APPPATH\Controllers\Dashboard.php(211): view('dashboard/qr_code', [...])
 6 SYSTEMPATH\CodeIgniter.php(896): App\Controllers\Dashboard->qr_code('FCPATH\\js', 'qrcode.js')
 7 SYSTEMPATH\CodeIgniter.php(466): CodeIgniter\CodeIgniter->runController(Object(App\Controllers\Dashboard))
 8 SYSTEMPATH\CodeIgniter.php(349): CodeIgniter\CodeIgniter->handleRequest(null, Object(Config\Cache), false)
 9 FCPATH\index.php(55): CodeIgniter\CodeIgniter->run()
10 SYSTEMPATH\Commands\Server\rewrite.php(43): require_once('FCPATH\\index.php')
CRITICAL - 2022-09-12 00:40:11 --> Trying to access array offset on value of type null
in APPPATH\Views\dashboard\qr_code.php on line 29.
 1 APPPATH\Views\dashboard\qr_code.php(29): CodeIgniter\Debug\Exceptions->errorHandler(8, 'Trying to access array offset on value of type null', 'APPPATH\\Views\\dashboard\\qr_code.php', 29, [...])
 2 SYSTEMPATH\View\View.php(213): include('APPPATH\\Views\\dashboard\\qr_code.php')
 3 SYSTEMPATH\View\View.php(216): CodeIgniter\View\View->CodeIgniter\View\{closure}()
 4 SYSTEMPATH\Common.php(1135): CodeIgniter\View\View->render('dashboard/qr_code', [], true)
 5 APPPATH\Controllers\Dashboard.php(211): view('dashboard/qr_code', [...])
 6 SYSTEMPATH\CodeIgniter.php(896): App\Controllers\Dashboard->qr_code('FCPATH\\js', 'jsfunctions.js')
 7 SYSTEMPATH\CodeIgniter.php(466): CodeIgniter\CodeIgniter->runController(Object(App\Controllers\Dashboard))
 8 SYSTEMPATH\CodeIgniter.php(349): CodeIgniter\CodeIgniter->handleRequest(null, Object(Config\Cache), false)
 9 FCPATH\index.php(55): CodeIgniter\CodeIgniter->run()
10 SYSTEMPATH\Commands\Server\rewrite.php(43): require_once('FCPATH\\index.php')
CRITICAL - 2022-09-12 00:40:11 --> Trying to access array offset on value of type null
in APPPATH\Views\dashboard\qr_code.php on line 29.
 1 APPPATH\Views\dashboard\qr_code.php(29): CodeIgniter\Debug\Exceptions->errorHandler(8, 'Trying to access array offset on value of type null', 'APPPATH\\Views\\dashboard\\qr_code.php', 29, [...])
 2 SYSTEMPATH\View\View.php(213): include('APPPATH\\Views\\dashboard\\qr_code.php')
 3 SYSTEMPATH\View\View.php(216): CodeIgniter\View\View->CodeIgniter\View\{closure}()
 4 SYSTEMPATH\Common.php(1135): CodeIgniter\View\View->render('dashboard/qr_code', [], true)
 5 APPPATH\Controllers\Dashboard.php(211): view('dashboard/qr_code', [...])
 6 SYSTEMPATH\CodeIgniter.php(896): App\Controllers\Dashboard->qr_code('FCPATH\\js', 'qrcode.js')
 7 SYSTEMPATH\CodeIgniter.php(466): CodeIgniter\CodeIgniter->runController(Object(App\Controllers\Dashboard))
 8 SYSTEMPATH\CodeIgniter.php(349): CodeIgniter\CodeIgniter->handleRequest(null, Object(Config\Cache), false)
 9 FCPATH\index.php(55): CodeIgniter\CodeIgniter->run()
10 SYSTEMPATH\Commands\Server\rewrite.php(43): require_once('FCPATH\\index.php')
CRITICAL - 2022-09-12 00:40:23 --> Trying to access array offset on value of type null
in APPPATH\Views\dashboard\qr_code.php on line 29.
 1 APPPATH\Views\dashboard\qr_code.php(29): CodeIgniter\Debug\Exceptions->errorHandler(8, 'Trying to access array offset on value of type null', 'APPPATH\\Views\\dashboard\\qr_code.php', 29, [...])
 2 SYSTEMPATH\View\View.php(213): include('APPPATH\\Views\\dashboard\\qr_code.php')
 3 SYSTEMPATH\View\View.php(216): CodeIgniter\View\View->CodeIgniter\View\{closure}()
 4 SYSTEMPATH\Common.php(1135): CodeIgniter\View\View->render('dashboard/qr_code', [], true)
 5 APPPATH\Controllers\Dashboard.php(211): view('dashboard/qr_code', [...])
 6 SYSTEMPATH\CodeIgniter.php(896): App\Controllers\Dashboard->qr_code('FCPATH\\js', 'jsfunctions.js')
 7 SYSTEMPATH\CodeIgniter.php(466): CodeIgniter\CodeIgniter->runController(Object(App\Controllers\Dashboard))
 8 SYSTEMPATH\CodeIgniter.php(349): CodeIgniter\CodeIgniter->handleRequest(null, Object(Config\Cache), false)
 9 FCPATH\index.php(55): CodeIgniter\CodeIgniter->run()
10 SYSTEMPATH\Commands\Server\rewrite.php(43): require_once('FCPATH\\index.php')
CRITICAL - 2022-09-12 00:40:24 --> Trying to access array offset on value of type null
in APPPATH\Views\dashboard\qr_code.php on line 29.
 1 APPPATH\Views\dashboard\qr_code.php(29): CodeIgniter\Debug\Exceptions->errorHandler(8, 'Trying to access array offset on value of type null', 'APPPATH\\Views\\dashboard\\qr_code.php', 29, [...])
 2 SYSTEMPATH\View\View.php(213): include('APPPATH\\Views\\dashboard\\qr_code.php')
 3 SYSTEMPATH\View\View.php(216): CodeIgniter\View\View->CodeIgniter\View\{closure}()
 4 SYSTEMPATH\Common.php(1135): CodeIgniter\View\View->render('dashboard/qr_code', [], true)
 5 APPPATH\Controllers\Dashboard.php(211): view('dashboard/qr_code', [...])
 6 SYSTEMPATH\CodeIgniter.php(896): App\Controllers\Dashboard->qr_code('FCPATH\\js', 'qrcode.js')
 7 SYSTEMPATH\CodeIgniter.php(466): CodeIgniter\CodeIgniter->runController(Object(App\Controllers\Dashboard))
 8 SYSTEMPATH\CodeIgniter.php(349): CodeIgniter\CodeIgniter->handleRequest(null, Object(Config\Cache), false)
 9 FCPATH\index.php(55): CodeIgniter\CodeIgniter->run()
10 SYSTEMPATH\Commands\Server\rewrite.php(43): require_once('FCPATH\\index.php')
CRITICAL - 2022-09-12 00:40:39 --> Trying to access array offset on value of type null
in APPPATH\Views\dashboard\qr_code.php on line 29.
 1 APPPATH\Views\dashboard\qr_code.php(29): CodeIgniter\Debug\Exceptions->errorHandler(8, 'Trying to access array offset on value of type null', 'APPPATH\\Views\\dashboard\\qr_code.php', 29, [...])
 2 SYSTEMPATH\View\View.php(213): include('APPPATH\\Views\\dashboard\\qr_code.php')
 3 SYSTEMPATH\View\View.php(216): CodeIgniter\View\View->CodeIgniter\View\{closure}()
 4 SYSTEMPATH\Common.php(1135): CodeIgniter\View\View->render('dashboard/qr_code', [], true)
 5 APPPATH\Controllers\Dashboard.php(211): view('dashboard/qr_code', [...])
 6 SYSTEMPATH\CodeIgniter.php(896): App\Controllers\Dashboard->qr_code('FCPATH\\js', 'jsfunctions.js')
 7 SYSTEMPATH\CodeIgniter.php(466): CodeIgniter\CodeIgniter->runController(Object(App\Controllers\Dashboard))
 8 SYSTEMPATH\CodeIgniter.php(349): CodeIgniter\CodeIgniter->handleRequest(null, Object(Config\Cache), false)
 9 FCPATH\index.php(55): CodeIgniter\CodeIgniter->run()
10 SYSTEMPATH\Commands\Server\rewrite.php(43): require_once('FCPATH\\index.php')
CRITICAL - 2022-09-12 00:40:39 --> Trying to access array offset on value of type null
in APPPATH\Views\dashboard\qr_code.php on line 29.
 1 APPPATH\Views\dashboard\qr_code.php(29): CodeIgniter\Debug\Exceptions->errorHandler(8, 'Trying to access array offset on value of type null', 'APPPATH\\Views\\dashboard\\qr_code.php', 29, [...])
 2 SYSTEMPATH\View\View.php(213): include('APPPATH\\Views\\dashboard\\qr_code.php')
 3 SYSTEMPATH\View\View.php(216): CodeIgniter\View\View->CodeIgniter\View\{closure}()
 4 SYSTEMPATH\Common.php(1135): CodeIgniter\View\View->render('dashboard/qr_code', [], true)
 5 APPPATH\Controllers\Dashboard.php(211): view('dashboard/qr_code', [...])
 6 SYSTEMPATH\CodeIgniter.php(896): App\Controllers\Dashboard->qr_code('FCPATH\\js', 'qrcode.js')
 7 SYSTEMPATH\CodeIgniter.php(466): CodeIgniter\CodeIgniter->runController(Object(App\Controllers\Dashboard))
 8 SYSTEMPATH\CodeIgniter.php(349): CodeIgniter\CodeIgniter->handleRequest(null, Object(Config\Cache), false)
 9 FCPATH\index.php(55): CodeIgniter\CodeIgniter->run()
10 SYSTEMPATH\Commands\Server\rewrite.php(43): require_once('FCPATH\\index.php')
CRITICAL - 2022-09-12 00:40:44 --> Trying to access array offset on value of type null
in APPPATH\Views\dashboard\qr_code.php on line 29.
 1 APPPATH\Views\dashboard\qr_code.php(29): CodeIgniter\Debug\Exceptions->errorHandler(8, 'Trying to access array offset on value of type null', 'APPPATH\\Views\\dashboard\\qr_code.php', 29, [...])
 2 SYSTEMPATH\View\View.php(213): include('APPPATH\\Views\\dashboard\\qr_code.php')
 3 SYSTEMPATH\View\View.php(216): CodeIgniter\View\View->CodeIgniter\View\{closure}()
 4 SYSTEMPATH\Common.php(1135): CodeIgniter\View\View->render('dashboard/qr_code', [], true)
 5 APPPATH\Controllers\Dashboard.php(211): view('dashboard/qr_code', [...])
 6 SYSTEMPATH\CodeIgniter.php(896): App\Controllers\Dashboard->qr_code('FCPATH\\js', 'jsfunctions.js')
 7 SYSTEMPATH\CodeIgniter.php(466): CodeIgniter\CodeIgniter->runController(Object(App\Controllers\Dashboard))
 8 SYSTEMPATH\CodeIgniter.php(349): CodeIgniter\CodeIgniter->handleRequest(null, Object(Config\Cache), false)
 9 FCPATH\index.php(55): CodeIgniter\CodeIgniter->run()
10 SYSTEMPATH\Commands\Server\rewrite.php(43): require_once('FCPATH\\index.php')
CRITICAL - 2022-09-12 00:40:44 --> Trying to access array offset on value of type null
in APPPATH\Views\dashboard\qr_code.php on line 29.
 1 APPPATH\Views\dashboard\qr_code.php(29): CodeIgniter\Debug\Exceptions->errorHandler(8, 'Trying to access array offset on value of type null', 'APPPATH\\Views\\dashboard\\qr_code.php', 29, [...])
 2 SYSTEMPATH\View\View.php(213): include('APPPATH\\Views\\dashboard\\qr_code.php')
 3 SYSTEMPATH\View\View.php(216): CodeIgniter\View\View->CodeIgniter\View\{closure}()
 4 SYSTEMPATH\Common.php(1135): CodeIgniter\View\View->render('dashboard/qr_code', [], true)
 5 APPPATH\Controllers\Dashboard.php(211): view('dashboard/qr_code', [...])
 6 SYSTEMPATH\CodeIgniter.php(896): App\Controllers\Dashboard->qr_code('FCPATH\\js', 'qrcode.js')
 7 SYSTEMPATH\CodeIgniter.php(466): CodeIgniter\CodeIgniter->runController(Object(App\Controllers\Dashboard))
 8 SYSTEMPATH\CodeIgniter.php(349): CodeIgniter\CodeIgniter->handleRequest(null, Object(Config\Cache), false)
 9 FCPATH\index.php(55): CodeIgniter\CodeIgniter->run()
10 SYSTEMPATH\Commands\Server\rewrite.php(43): require_once('FCPATH\\index.php')
CRITICAL - 2022-09-12 00:40:49 --> Trying to access array offset on value of type null
in APPPATH\Views\dashboard\qr_code.php on line 29.
 1 APPPATH\Views\dashboard\qr_code.php(29): CodeIgniter\Debug\Exceptions->errorHandler(8, 'Trying to access array offset on value of type null', 'APPPATH\\Views\\dashboard\\qr_code.php', 29, [...])
 2 SYSTEMPATH\View\View.php(213): include('APPPATH\\Views\\dashboard\\qr_code.php')
 3 SYSTEMPATH\View\View.php(216): CodeIgniter\View\View->CodeIgniter\View\{closure}()
 4 SYSTEMPATH\Common.php(1135): CodeIgniter\View\View->render('dashboard/qr_code', [], true)
 5 APPPATH\Controllers\Dashboard.php(211): view('dashboard/qr_code', [...])
 6 SYSTEMPATH\CodeIgniter.php(896): App\Controllers\Dashboard->qr_code('FCPATH\\js', 'jsfunctions.js')
 7 SYSTEMPATH\CodeIgniter.php(466): CodeIgniter\CodeIgniter->runController(Object(App\Controllers\Dashboard))
 8 SYSTEMPATH\CodeIgniter.php(349): CodeIgniter\CodeIgniter->handleRequest(null, Object(Config\Cache), false)
 9 FCPATH\index.php(55): CodeIgniter\CodeIgniter->run()
10 SYSTEMPATH\Commands\Server\rewrite.php(43): require_once('FCPATH\\index.php')
CRITICAL - 2022-09-12 00:40:49 --> Trying to access array offset on value of type null
in APPPATH\Views\dashboard\qr_code.php on line 29.
 1 APPPATH\Views\dashboard\qr_code.php(29): CodeIgniter\Debug\Exceptions->errorHandler(8, 'Trying to access array offset on value of type null', 'APPPATH\\Views\\dashboard\\qr_code.php', 29, [...])
 2 SYSTEMPATH\View\View.php(213): include('APPPATH\\Views\\dashboard\\qr_code.php')
 3 SYSTEMPATH\View\View.php(216): CodeIgniter\View\View->CodeIgniter\View\{closure}()
 4 SYSTEMPATH\Common.php(1135): CodeIgniter\View\View->render('dashboard/qr_code', [], true)
 5 APPPATH\Controllers\Dashboard.php(211): view('dashboard/qr_code', [...])
 6 SYSTEMPATH\CodeIgniter.php(896): App\Controllers\Dashboard->qr_code('FCPATH\\js', 'qrcode.js')
 7 SYSTEMPATH\CodeIgniter.php(466): CodeIgniter\CodeIgniter->runController(Object(App\Controllers\Dashboard))
 8 SYSTEMPATH\CodeIgniter.php(349): CodeIgniter\CodeIgniter->handleRequest(null, Object(Config\Cache), false)
 9 FCPATH\index.php(55): CodeIgniter\CodeIgniter->run()
10 SYSTEMPATH\Commands\Server\rewrite.php(43): require_once('FCPATH\\index.php')
CRITICAL - 2022-09-12 01:16:25 --> Trying to access array offset on value of type null
in APPPATH\Views\dashboard\qr_code.php on line 29.
 1 APPPATH\Views\dashboard\qr_code.php(29): CodeIgniter\Debug\Exceptions->errorHandler(8, 'Trying to access array offset on value of type null', 'APPPATH\\Views\\dashboard\\qr_code.php', 29, [...])
 2 SYSTEMPATH\View\View.php(213): include('APPPATH\\Views\\dashboard\\qr_code.php')
 3 SYSTEMPATH\View\View.php(216): CodeIgniter\View\View->CodeIgniter\View\{closure}()
 4 SYSTEMPATH\Common.php(1135): CodeIgniter\View\View->render('dashboard/qr_code', [], true)
 5 APPPATH\Controllers\Dashboard.php(211): view('dashboard/qr_code', [...])
 6 SYSTEMPATH\CodeIgniter.php(896): App\Controllers\Dashboard->qr_code('FCPATH\\js', 'jsfunctions.js')
 7 SYSTEMPATH\CodeIgniter.php(466): CodeIgniter\CodeIgniter->runController(Object(App\Controllers\Dashboard))
 8 SYSTEMPATH\CodeIgniter.php(349): CodeIgniter\CodeIgniter->handleRequest(null, Object(Config\Cache), false)
 9 FCPATH\index.php(55): CodeIgniter\CodeIgniter->run()
10 SYSTEMPATH\Commands\Server\rewrite.php(43): require_once('FCPATH\\index.php')
CRITICAL - 2022-09-12 01:16:25 --> Trying to access array offset on value of type null
in APPPATH\Views\dashboard\qr_code.php on line 29.
 1 APPPATH\Views\dashboard\qr_code.php(29): CodeIgniter\Debug\Exceptions->errorHandler(8, 'Trying to access array offset on value of type null', 'APPPATH\\Views\\dashboard\\qr_code.php', 29, [...])
 2 SYSTEMPATH\View\View.php(213): include('APPPATH\\Views\\dashboard\\qr_code.php')
 3 SYSTEMPATH\View\View.php(216): CodeIgniter\View\View->CodeIgniter\View\{closure}()
 4 SYSTEMPATH\Common.php(1135): CodeIgniter\View\View->render('dashboard/qr_code', [], true)
 5 APPPATH\Controllers\Dashboard.php(211): view('dashboard/qr_code', [...])
 6 SYSTEMPATH\CodeIgniter.php(896): App\Controllers\Dashboard->qr_code('FCPATH\\js', 'qrcode.js')
 7 SYSTEMPATH\CodeIgniter.php(466): CodeIgniter\CodeIgniter->runController(Object(App\Controllers\Dashboard))
 8 SYSTEMPATH\CodeIgniter.php(349): CodeIgniter\CodeIgniter->handleRequest(null, Object(Config\Cache), false)
 9 FCPATH\index.php(55): CodeIgniter\CodeIgniter->run()
10 SYSTEMPATH\Commands\Server\rewrite.php(43): require_once('FCPATH\\index.php')
CRITICAL - 2022-09-12 01:16:54 --> Trying to access array offset on value of type null
in APPPATH\Views\dashboard\qr_code.php on line 29.
 1 APPPATH\Views\dashboard\qr_code.php(29): CodeIgniter\Debug\Exceptions->errorHandler(8, 'Trying to access array offset on value of type null', 'APPPATH\\Views\\dashboard\\qr_code.php', 29, [...])
 2 SYSTEMPATH\View\View.php(213): include('APPPATH\\Views\\dashboard\\qr_code.php')
 3 SYSTEMPATH\View\View.php(216): CodeIgniter\View\View->CodeIgniter\View\{closure}()
 4 SYSTEMPATH\Common.php(1135): CodeIgniter\View\View->render('dashboard/qr_code', [], true)
 5 APPPATH\Controllers\Dashboard.php(211): view('dashboard/qr_code', [...])
 6 SYSTEMPATH\CodeIgniter.php(896): App\Controllers\Dashboard->qr_code('FCPATH\\js', 'jsfunctions.js')
 7 SYSTEMPATH\CodeIgniter.php(466): CodeIgniter\CodeIgniter->runController(Object(App\Controllers\Dashboard))
 8 SYSTEMPATH\CodeIgniter.php(349): CodeIgniter\CodeIgniter->handleRequest(null, Object(Config\Cache), false)
 9 FCPATH\index.php(55): CodeIgniter\CodeIgniter->run()
10 SYSTEMPATH\Commands\Server\rewrite.php(43): require_once('FCPATH\\index.php')
CRITICAL - 2022-09-12 01:16:54 --> Trying to access array offset on value of type null
in APPPATH\Views\dashboard\qr_code.php on line 29.
 1 APPPATH\Views\dashboard\qr_code.php(29): CodeIgniter\Debug\Exceptions->errorHandler(8, 'Trying to access array offset on value of type null', 'APPPATH\\Views\\dashboard\\qr_code.php', 29, [...])
 2 SYSTEMPATH\View\View.php(213): include('APPPATH\\Views\\dashboard\\qr_code.php')
 3 SYSTEMPATH\View\View.php(216): CodeIgniter\View\View->CodeIgniter\View\{closure}()
 4 SYSTEMPATH\Common.php(1135): CodeIgniter\View\View->render('dashboard/qr_code', [], true)
 5 APPPATH\Controllers\Dashboard.php(211): view('dashboard/qr_code', [...])
 6 SYSTEMPATH\CodeIgniter.php(896): App\Controllers\Dashboard->qr_code('FCPATH\\js', 'qrcode.js')
 7 SYSTEMPATH\CodeIgniter.php(466): CodeIgniter\CodeIgniter->runController(Object(App\Controllers\Dashboard))
 8 SYSTEMPATH\CodeIgniter.php(349): CodeIgniter\CodeIgniter->handleRequest(null, Object(Config\Cache), false)
 9 FCPATH\index.php(55): CodeIgniter\CodeIgniter->run()
10 SYSTEMPATH\Commands\Server\rewrite.php(43): require_once('FCPATH\\index.php')
CRITICAL - 2022-09-12 01:17:38 --> Trying to access array offset on value of type null
in APPPATH\Views\dashboard\qr_code.php on line 29.
 1 APPPATH\Views\dashboard\qr_code.php(29): CodeIgniter\Debug\Exceptions->errorHandler(8, 'Trying to access array offset on value of type null', 'APPPATH\\Views\\dashboard\\qr_code.php', 29, [...])
 2 SYSTEMPATH\View\View.php(213): include('APPPATH\\Views\\dashboard\\qr_code.php')
 3 SYSTEMPATH\View\View.php(216): CodeIgniter\View\View->CodeIgniter\View\{closure}()
 4 SYSTEMPATH\Common.php(1135): CodeIgniter\View\View->render('dashboard/qr_code', [], true)
 5 APPPATH\Controllers\Dashboard.php(211): view('dashboard/qr_code', [...])
 6 SYSTEMPATH\CodeIgniter.php(896): App\Controllers\Dashboard->qr_code('FCPATH\\js', 'jsfunctions.js')
 7 SYSTEMPATH\CodeIgniter.php(466): CodeIgniter\CodeIgniter->runController(Object(App\Controllers\Dashboard))
 8 SYSTEMPATH\CodeIgniter.php(349): CodeIgniter\CodeIgniter->handleRequest(null, Object(Config\Cache), false)
 9 FCPATH\index.php(55): CodeIgniter\CodeIgniter->run()
10 SYSTEMPATH\Commands\Server\rewrite.php(43): require_once('FCPATH\\index.php')
CRITICAL - 2022-09-12 01:17:38 --> Trying to access array offset on value of type null
in APPPATH\Views\dashboard\qr_code.php on line 29.
 1 APPPATH\Views\dashboard\qr_code.php(29): CodeIgniter\Debug\Exceptions->errorHandler(8, 'Trying to access array offset on value of type null', 'APPPATH\\Views\\dashboard\\qr_code.php', 29, [...])
 2 SYSTEMPATH\View\View.php(213): include('APPPATH\\Views\\dashboard\\qr_code.php')
 3 SYSTEMPATH\View\View.php(216): CodeIgniter\View\View->CodeIgniter\View\{closure}()
 4 SYSTEMPATH\Common.php(1135): CodeIgniter\View\View->render('dashboard/qr_code', [], true)
 5 APPPATH\Controllers\Dashboard.php(211): view('dashboard/qr_code', [...])
 6 SYSTEMPATH\CodeIgniter.php(896): App\Controllers\Dashboard->qr_code('FCPATH\\js', 'qrcode.js')
 7 SYSTEMPATH\CodeIgniter.php(466): CodeIgniter\CodeIgniter->runController(Object(App\Controllers\Dashboard))
 8 SYSTEMPATH\CodeIgniter.php(349): CodeIgniter\CodeIgniter->handleRequest(null, Object(Config\Cache), false)
 9 FCPATH\index.php(55): CodeIgniter\CodeIgniter->run()
10 SYSTEMPATH\Commands\Server\rewrite.php(43): require_once('FCPATH\\index.php')
CRITICAL - 2022-09-12 01:18:03 --> Trying to access array offset on value of type null
in APPPATH\Views\dashboard\qr_code.php on line 29.
 1 APPPATH\Views\dashboard\qr_code.php(29): CodeIgniter\Debug\Exceptions->errorHandler(8, 'Trying to access array offset on value of type null', 'APPPATH\\Views\\dashboard\\qr_code.php', 29, [...])
 2 SYSTEMPATH\View\View.php(213): include('APPPATH\\Views\\dashboard\\qr_code.php')
 3 SYSTEMPATH\View\View.php(216): CodeIgniter\View\View->CodeIgniter\View\{closure}()
 4 SYSTEMPATH\Common.php(1135): CodeIgniter\View\View->render('dashboard/qr_code', [], true)
 5 APPPATH\Controllers\Dashboard.php(211): view('dashboard/qr_code', [...])
 6 SYSTEMPATH\CodeIgniter.php(896): App\Controllers\Dashboard->qr_code('FCPATH\\js', 'jsfunctions.js')
 7 SYSTEMPATH\CodeIgniter.php(466): CodeIgniter\CodeIgniter->runController(Object(App\Controllers\Dashboard))
 8 SYSTEMPATH\CodeIgniter.php(349): CodeIgniter\CodeIgniter->handleRequest(null, Object(Config\Cache), false)
 9 FCPATH\index.php(55): CodeIgniter\CodeIgniter->run()
10 SYSTEMPATH\Commands\Server\rewrite.php(43): require_once('FCPATH\\index.php')
CRITICAL - 2022-09-12 01:18:03 --> Trying to access array offset on value of type null
in APPPATH\Views\dashboard\qr_code.php on line 29.
 1 APPPATH\Views\dashboard\qr_code.php(29): CodeIgniter\Debug\Exceptions->errorHandler(8, 'Trying to access array offset on value of type null', 'APPPATH\\Views\\dashboard\\qr_code.php', 29, [...])
 2 SYSTEMPATH\View\View.php(213): include('APPPATH\\Views\\dashboard\\qr_code.php')
 3 SYSTEMPATH\View\View.php(216): CodeIgniter\View\View->CodeIgniter\View\{closure}()
 4 SYSTEMPATH\Common.php(1135): CodeIgniter\View\View->render('dashboard/qr_code', [], true)
 5 APPPATH\Controllers\Dashboard.php(211): view('dashboard/qr_code', [...])
 6 SYSTEMPATH\CodeIgniter.php(896): App\Controllers\Dashboard->qr_code('FCPATH\\js', 'qrcode.js')
 7 SYSTEMPATH\CodeIgniter.php(466): CodeIgniter\CodeIgniter->runController(Object(App\Controllers\Dashboard))
 8 SYSTEMPATH\CodeIgniter.php(349): CodeIgniter\CodeIgniter->handleRequest(null, Object(Config\Cache), false)
 9 FCPATH\index.php(55): CodeIgniter\CodeIgniter->run()
10 SYSTEMPATH\Commands\Server\rewrite.php(43): require_once('FCPATH\\index.php')
CRITICAL - 2022-09-12 01:18:11 --> Trying to access array offset on value of type null
in APPPATH\Views\dashboard\qr_code.php on line 29.
 1 APPPATH\Views\dashboard\qr_code.php(29): CodeIgniter\Debug\Exceptions->errorHandler(8, 'Trying to access array offset on value of type null', 'APPPATH\\Views\\dashboard\\qr_code.php', 29, [...])
 2 SYSTEMPATH\View\View.php(213): include('APPPATH\\Views\\dashboard\\qr_code.php')
 3 SYSTEMPATH\View\View.php(216): CodeIgniter\View\View->CodeIgniter\View\{closure}()
 4 SYSTEMPATH\Common.php(1135): CodeIgniter\View\View->render('dashboard/qr_code', [], true)
 5 APPPATH\Controllers\Dashboard.php(211): view('dashboard/qr_code', [...])
 6 SYSTEMPATH\CodeIgniter.php(896): App\Controllers\Dashboard->qr_code('FCPATH\\js', 'jsfunctions.js')
 7 SYSTEMPATH\CodeIgniter.php(466): CodeIgniter\CodeIgniter->runController(Object(App\Controllers\Dashboard))
 8 SYSTEMPATH\CodeIgniter.php(349): CodeIgniter\CodeIgniter->handleRequest(null, Object(Config\Cache), false)
 9 FCPATH\index.php(55): CodeIgniter\CodeIgniter->run()
10 SYSTEMPATH\Commands\Server\rewrite.php(43): require_once('FCPATH\\index.php')
CRITICAL - 2022-09-12 01:18:11 --> Trying to access array offset on value of type null
in APPPATH\Views\dashboard\qr_code.php on line 29.
 1 APPPATH\Views\dashboard\qr_code.php(29): CodeIgniter\Debug\Exceptions->errorHandler(8, 'Trying to access array offset on value of type null', 'APPPATH\\Views\\dashboard\\qr_code.php', 29, [...])
 2 SYSTEMPATH\View\View.php(213): include('APPPATH\\Views\\dashboard\\qr_code.php')
 3 SYSTEMPATH\View\View.php(216): CodeIgniter\View\View->CodeIgniter\View\{closure}()
 4 SYSTEMPATH\Common.php(1135): CodeIgniter\View\View->render('dashboard/qr_code', [], true)
 5 APPPATH\Controllers\Dashboard.php(211): view('dashboard/qr_code', [...])
 6 SYSTEMPATH\CodeIgniter.php(896): App\Controllers\Dashboard->qr_code('FCPATH\\js', 'qrcode.js')
 7 SYSTEMPATH\CodeIgniter.php(466): CodeIgniter\CodeIgniter->runController(Object(App\Controllers\Dashboard))
 8 SYSTEMPATH\CodeIgniter.php(349): CodeIgniter\CodeIgniter->handleRequest(null, Object(Config\Cache), false)
 9 FCPATH\index.php(55): CodeIgniter\CodeIgniter->run()
10 SYSTEMPATH\Commands\Server\rewrite.php(43): require_once('FCPATH\\index.php')
CRITICAL - 2022-09-12 01:18:38 --> Trying to access array offset on value of type null
in APPPATH\Views\dashboard\qr_code.php on line 29.
 1 APPPATH\Views\dashboard\qr_code.php(29): CodeIgniter\Debug\Exceptions->errorHandler(8, 'Trying to access array offset on value of type null', 'APPPATH\\Views\\dashboard\\qr_code.php', 29, [...])
 2 SYSTEMPATH\View\View.php(213): include('APPPATH\\Views\\dashboard\\qr_code.php')
 3 SYSTEMPATH\View\View.php(216): CodeIgniter\View\View->CodeIgniter\View\{closure}()
 4 SYSTEMPATH\Common.php(1135): CodeIgniter\View\View->render('dashboard/qr_code', [], true)
 5 APPPATH\Controllers\Dashboard.php(211): view('dashboard/qr_code', [...])
 6 SYSTEMPATH\CodeIgniter.php(896): App\Controllers\Dashboard->qr_code('FCPATH\\js', 'jsfunctions.js')
 7 SYSTEMPATH\CodeIgniter.php(466): CodeIgniter\CodeIgniter->runController(Object(App\Controllers\Dashboard))
 8 SYSTEMPATH\CodeIgniter.php(349): CodeIgniter\CodeIgniter->handleRequest(null, Object(Config\Cache), false)
 9 FCPATH\index.php(55): CodeIgniter\CodeIgniter->run()
10 SYSTEMPATH\Commands\Server\rewrite.php(43): require_once('FCPATH\\index.php')
CRITICAL - 2022-09-12 01:18:38 --> Trying to access array offset on value of type null
in APPPATH\Views\dashboard\qr_code.php on line 29.
 1 APPPATH\Views\dashboard\qr_code.php(29): CodeIgniter\Debug\Exceptions->errorHandler(8, 'Trying to access array offset on value of type null', 'APPPATH\\Views\\dashboard\\qr_code.php', 29, [...])
 2 SYSTEMPATH\View\View.php(213): include('APPPATH\\Views\\dashboard\\qr_code.php')
 3 SYSTEMPATH\View\View.php(216): CodeIgniter\View\View->CodeIgniter\View\{closure}()
 4 SYSTEMPATH\Common.php(1135): CodeIgniter\View\View->render('dashboard/qr_code', [], true)
 5 APPPATH\Controllers\Dashboard.php(211): view('dashboard/qr_code', [...])
 6 SYSTEMPATH\CodeIgniter.php(896): App\Controllers\Dashboard->qr_code('FCPATH\\js', 'qrcode.js')
 7 SYSTEMPATH\CodeIgniter.php(466): CodeIgniter\CodeIgniter->runController(Object(App\Controllers\Dashboard))
 8 SYSTEMPATH\CodeIgniter.php(349): CodeIgniter\CodeIgniter->handleRequest(null, Object(Config\Cache), false)
 9 FCPATH\index.php(55): CodeIgniter\CodeIgniter->run()
10 SYSTEMPATH\Commands\Server\rewrite.php(43): require_once('FCPATH\\index.php')
CRITICAL - 2022-09-12 01:18:48 --> Trying to access array offset on value of type null
in APPPATH\Views\dashboard\qr_code.php on line 29.
 1 APPPATH\Views\dashboard\qr_code.php(29): CodeIgniter\Debug\Exceptions->errorHandler(8, 'Trying to access array offset on value of type null', 'APPPATH\\Views\\dashboard\\qr_code.php', 29, [...])
 2 SYSTEMPATH\View\View.php(213): include('APPPATH\\Views\\dashboard\\qr_code.php')
 3 SYSTEMPATH\View\View.php(216): CodeIgniter\View\View->CodeIgniter\View\{closure}()
 4 SYSTEMPATH\Common.php(1135): CodeIgniter\View\View->render('dashboard/qr_code', [], true)
 5 APPPATH\Controllers\Dashboard.php(211): view('dashboard/qr_code', [...])
 6 SYSTEMPATH\CodeIgniter.php(896): App\Controllers\Dashboard->qr_code('FCPATH\\js', 'jsfunctions.js')
 7 SYSTEMPATH\CodeIgniter.php(466): CodeIgniter\CodeIgniter->runController(Object(App\Controllers\Dashboard))
 8 SYSTEMPATH\CodeIgniter.php(349): CodeIgniter\CodeIgniter->handleRequest(null, Object(Config\Cache), false)
 9 FCPATH\index.php(55): CodeIgniter\CodeIgniter->run()
10 SYSTEMPATH\Commands\Server\rewrite.php(43): require_once('FCPATH\\index.php')
CRITICAL - 2022-09-12 01:18:48 --> Trying to access array offset on value of type null
in APPPATH\Views\dashboard\qr_code.php on line 29.
 1 APPPATH\Views\dashboard\qr_code.php(29): CodeIgniter\Debug\Exceptions->errorHandler(8, 'Trying to access array offset on value of type null', 'APPPATH\\Views\\dashboard\\qr_code.php', 29, [...])
 2 SYSTEMPATH\View\View.php(213): include('APPPATH\\Views\\dashboard\\qr_code.php')
 3 SYSTEMPATH\View\View.php(216): CodeIgniter\View\View->CodeIgniter\View\{closure}()
 4 SYSTEMPATH\Common.php(1135): CodeIgniter\View\View->render('dashboard/qr_code', [], true)
 5 APPPATH\Controllers\Dashboard.php(211): view('dashboard/qr_code', [...])
 6 SYSTEMPATH\CodeIgniter.php(896): App\Controllers\Dashboard->qr_code('FCPATH\\js', 'qrcode.js')
 7 SYSTEMPATH\CodeIgniter.php(466): CodeIgniter\CodeIgniter->runController(Object(App\Controllers\Dashboard))
 8 SYSTEMPATH\CodeIgniter.php(349): CodeIgniter\CodeIgniter->handleRequest(null, Object(Config\Cache), false)
 9 FCPATH\index.php(55): CodeIgniter\CodeIgniter->run()
10 SYSTEMPATH\Commands\Server\rewrite.php(43): require_once('FCPATH\\index.php')
CRITICAL - 2022-09-12 01:19:16 --> Trying to access array offset on value of type null
in APPPATH\Views\dashboard\qr_code.php on line 29.
 1 APPPATH\Views\dashboard\qr_code.php(29): CodeIgniter\Debug\Exceptions->errorHandler(8, 'Trying to access array offset on value of type null', 'APPPATH\\Views\\dashboard\\qr_code.php', 29, [...])
 2 SYSTEMPATH\View\View.php(213): include('APPPATH\\Views\\dashboard\\qr_code.php')
 3 SYSTEMPATH\View\View.php(216): CodeIgniter\View\View->CodeIgniter\View\{closure}()
 4 SYSTEMPATH\Common.php(1135): CodeIgniter\View\View->render('dashboard/qr_code', [], true)
 5 APPPATH\Controllers\Dashboard.php(211): view('dashboard/qr_code', [...])
 6 SYSTEMPATH\CodeIgniter.php(896): App\Controllers\Dashboard->qr_code('FCPATH\\js', 'jsfunctions.js')
 7 SYSTEMPATH\CodeIgniter.php(466): CodeIgniter\CodeIgniter->runController(Object(App\Controllers\Dashboard))
 8 SYSTEMPATH\CodeIgniter.php(349): CodeIgniter\CodeIgniter->handleRequest(null, Object(Config\Cache), false)
 9 FCPATH\index.php(55): CodeIgniter\CodeIgniter->run()
10 SYSTEMPATH\Commands\Server\rewrite.php(43): require_once('FCPATH\\index.php')
CRITICAL - 2022-09-12 01:19:16 --> Trying to access array offset on value of type null
in APPPATH\Views\dashboard\qr_code.php on line 29.
 1 APPPATH\Views\dashboard\qr_code.php(29): CodeIgniter\Debug\Exceptions->errorHandler(8, 'Trying to access array offset on value of type null', 'APPPATH\\Views\\dashboard\\qr_code.php', 29, [...])
 2 SYSTEMPATH\View\View.php(213): include('APPPATH\\Views\\dashboard\\qr_code.php')
 3 SYSTEMPATH\View\View.php(216): CodeIgniter\View\View->CodeIgniter\View\{closure}()
 4 SYSTEMPATH\Common.php(1135): CodeIgniter\View\View->render('dashboard/qr_code', [], true)
 5 APPPATH\Controllers\Dashboard.php(211): view('dashboard/qr_code', [...])
 6 SYSTEMPATH\CodeIgniter.php(896): App\Controllers\Dashboard->qr_code('FCPATH\\js', 'qrcode.js')
 7 SYSTEMPATH\CodeIgniter.php(466): CodeIgniter\CodeIgniter->runController(Object(App\Controllers\Dashboard))
 8 SYSTEMPATH\CodeIgniter.php(349): CodeIgniter\CodeIgniter->handleRequest(null, Object(Config\Cache), false)
 9 FCPATH\index.php(55): CodeIgniter\CodeIgniter->run()
10 SYSTEMPATH\Commands\Server\rewrite.php(43): require_once('FCPATH\\index.php')
CRITICAL - 2022-09-12 01:19:38 --> Trying to access array offset on value of type null
in APPPATH\Views\dashboard\qr_code.php on line 29.
 1 APPPATH\Views\dashboard\qr_code.php(29): CodeIgniter\Debug\Exceptions->errorHandler(8, 'Trying to access array offset on value of type null', 'APPPATH\\Views\\dashboard\\qr_code.php', 29, [...])
 2 SYSTEMPATH\View\View.php(213): include('APPPATH\\Views\\dashboard\\qr_code.php')
 3 SYSTEMPATH\View\View.php(216): CodeIgniter\View\View->CodeIgniter\View\{closure}()
 4 SYSTEMPATH\Common.php(1135): CodeIgniter\View\View->render('dashboard/qr_code', [], true)
 5 APPPATH\Controllers\Dashboard.php(211): view('dashboard/qr_code', [...])
 6 SYSTEMPATH\CodeIgniter.php(896): App\Controllers\Dashboard->qr_code('FCPATH\\js', 'jsfunctions.js')
 7 SYSTEMPATH\CodeIgniter.php(466): CodeIgniter\CodeIgniter->runController(Object(App\Controllers\Dashboard))
 8 SYSTEMPATH\CodeIgniter.php(349): CodeIgniter\CodeIgniter->handleRequest(null, Object(Config\Cache), false)
 9 FCPATH\index.php(55): CodeIgniter\CodeIgniter->run()
10 SYSTEMPATH\Commands\Server\rewrite.php(43): require_once('FCPATH\\index.php')
CRITICAL - 2022-09-12 01:19:38 --> Trying to access array offset on value of type null
in APPPATH\Views\dashboard\qr_code.php on line 29.
 1 APPPATH\Views\dashboard\qr_code.php(29): CodeIgniter\Debug\Exceptions->errorHandler(8, 'Trying to access array offset on value of type null', 'APPPATH\\Views\\dashboard\\qr_code.php', 29, [...])
 2 SYSTEMPATH\View\View.php(213): include('APPPATH\\Views\\dashboard\\qr_code.php')
 3 SYSTEMPATH\View\View.php(216): CodeIgniter\View\View->CodeIgniter\View\{closure}()
 4 SYSTEMPATH\Common.php(1135): CodeIgniter\View\View->render('dashboard/qr_code', [], true)
 5 APPPATH\Controllers\Dashboard.php(211): view('dashboard/qr_code', [...])
 6 SYSTEMPATH\CodeIgniter.php(896): App\Controllers\Dashboard->qr_code('FCPATH\\js', 'qrcode.js')
 7 SYSTEMPATH\CodeIgniter.php(466): CodeIgniter\CodeIgniter->runController(Object(App\Controllers\Dashboard))
 8 SYSTEMPATH\CodeIgniter.php(349): CodeIgniter\CodeIgniter->handleRequest(null, Object(Config\Cache), false)
 9 FCPATH\index.php(55): CodeIgniter\CodeIgniter->run()
10 SYSTEMPATH\Commands\Server\rewrite.php(43): require_once('FCPATH\\index.php')
CRITICAL - 2022-09-12 01:19:59 --> Trying to access array offset on value of type null
in APPPATH\Views\dashboard\qr_code.php on line 29.
 1 APPPATH\Views\dashboard\qr_code.php(29): CodeIgniter\Debug\Exceptions->errorHandler(8, 'Trying to access array offset on value of type null', 'APPPATH\\Views\\dashboard\\qr_code.php', 29, [...])
 2 SYSTEMPATH\View\View.php(213): include('APPPATH\\Views\\dashboard\\qr_code.php')
 3 SYSTEMPATH\View\View.php(216): CodeIgniter\View\View->CodeIgniter\View\{closure}()
 4 SYSTEMPATH\Common.php(1135): CodeIgniter\View\View->render('dashboard/qr_code', [], true)
 5 APPPATH\Controllers\Dashboard.php(211): view('dashboard/qr_code', [...])
 6 SYSTEMPATH\CodeIgniter.php(896): App\Controllers\Dashboard->qr_code('FCPATH\\js', 'jsfunctions.js')
 7 SYSTEMPATH\CodeIgniter.php(466): CodeIgniter\CodeIgniter->runController(Object(App\Controllers\Dashboard))
 8 SYSTEMPATH\CodeIgniter.php(349): CodeIgniter\CodeIgniter->handleRequest(null, Object(Config\Cache), false)
 9 FCPATH\index.php(55): CodeIgniter\CodeIgniter->run()
10 SYSTEMPATH\Commands\Server\rewrite.php(43): require_once('FCPATH\\index.php')
CRITICAL - 2022-09-12 01:19:59 --> Trying to access array offset on value of type null
in APPPATH\Views\dashboard\qr_code.php on line 29.
 1 APPPATH\Views\dashboard\qr_code.php(29): CodeIgniter\Debug\Exceptions->errorHandler(8, 'Trying to access array offset on value of type null', 'APPPATH\\Views\\dashboard\\qr_code.php', 29, [...])
 2 SYSTEMPATH\View\View.php(213): include('APPPATH\\Views\\dashboard\\qr_code.php')
 3 SYSTEMPATH\View\View.php(216): CodeIgniter\View\View->CodeIgniter\View\{closure}()
 4 SYSTEMPATH\Common.php(1135): CodeIgniter\View\View->render('dashboard/qr_code', [], true)
 5 APPPATH\Controllers\Dashboard.php(211): view('dashboard/qr_code', [...])
 6 SYSTEMPATH\CodeIgniter.php(896): App\Controllers\Dashboard->qr_code('FCPATH\\js', 'qrcode.js')
 7 SYSTEMPATH\CodeIgniter.php(466): CodeIgniter\CodeIgniter->runController(Object(App\Controllers\Dashboard))
 8 SYSTEMPATH\CodeIgniter.php(349): CodeIgniter\CodeIgniter->handleRequest(null, Object(Config\Cache), false)
 9 FCPATH\index.php(55): CodeIgniter\CodeIgniter->run()
10 SYSTEMPATH\Commands\Server\rewrite.php(43): require_once('FCPATH\\index.php')
CRITICAL - 2022-09-12 01:20:29 --> Trying to access array offset on value of type null
in APPPATH\Views\dashboard\qr_code.php on line 29.
 1 APPPATH\Views\dashboard\qr_code.php(29): CodeIgniter\Debug\Exceptions->errorHandler(8, 'Trying to access array offset on value of type null', 'APPPATH\\Views\\dashboard\\qr_code.php', 29, [...])
 2 SYSTEMPATH\View\View.php(213): include('APPPATH\\Views\\dashboard\\qr_code.php')
 3 SYSTEMPATH\View\View.php(216): CodeIgniter\View\View->CodeIgniter\View\{closure}()
 4 SYSTEMPATH\Common.php(1135): CodeIgniter\View\View->render('dashboard/qr_code', [], true)
 5 APPPATH\Controllers\Dashboard.php(211): view('dashboard/qr_code', [...])
 6 SYSTEMPATH\CodeIgniter.php(896): App\Controllers\Dashboard->qr_code('FCPATH\\js', 'jsfunctions.js')
 7 SYSTEMPATH\CodeIgniter.php(466): CodeIgniter\CodeIgniter->runController(Object(App\Controllers\Dashboard))
 8 SYSTEMPATH\CodeIgniter.php(349): CodeIgniter\CodeIgniter->handleRequest(null, Object(Config\Cache), false)
 9 FCPATH\index.php(55): CodeIgniter\CodeIgniter->run()
10 SYSTEMPATH\Commands\Server\rewrite.php(43): require_once('FCPATH\\index.php')
CRITICAL - 2022-09-12 01:20:30 --> Trying to access array offset on value of type null
in APPPATH\Views\dashboard\qr_code.php on line 29.
 1 APPPATH\Views\dashboard\qr_code.php(29): CodeIgniter\Debug\Exceptions->errorHandler(8, 'Trying to access array offset on value of type null', 'APPPATH\\Views\\dashboard\\qr_code.php', 29, [...])
 2 SYSTEMPATH\View\View.php(213): include('APPPATH\\Views\\dashboard\\qr_code.php')
 3 SYSTEMPATH\View\View.php(216): CodeIgniter\View\View->CodeIgniter\View\{closure}()
 4 SYSTEMPATH\Common.php(1135): CodeIgniter\View\View->render('dashboard/qr_code', [], true)
 5 APPPATH\Controllers\Dashboard.php(211): view('dashboard/qr_code', [...])
 6 SYSTEMPATH\CodeIgniter.php(896): App\Controllers\Dashboard->qr_code('FCPATH\\js', 'qrcode.js')
 7 SYSTEMPATH\CodeIgniter.php(466): CodeIgniter\CodeIgniter->runController(Object(App\Controllers\Dashboard))
 8 SYSTEMPATH\CodeIgniter.php(349): CodeIgniter\CodeIgniter->handleRequest(null, Object(Config\Cache), false)
 9 FCPATH\index.php(55): CodeIgniter\CodeIgniter->run()
10 SYSTEMPATH\Commands\Server\rewrite.php(43): require_once('FCPATH\\index.php')
CRITICAL - 2022-09-12 01:20:53 --> Trying to access array offset on value of type null
in APPPATH\Views\dashboard\qr_code.php on line 29.
 1 APPPATH\Views\dashboard\qr_code.php(29): CodeIgniter\Debug\Exceptions->errorHandler(8, 'Trying to access array offset on value of type null', 'APPPATH\\Views\\dashboard\\qr_code.php', 29, [...])
 2 SYSTEMPATH\View\View.php(213): include('APPPATH\\Views\\dashboard\\qr_code.php')
 3 SYSTEMPATH\View\View.php(216): CodeIgniter\View\View->CodeIgniter\View\{closure}()
 4 SYSTEMPATH\Common.php(1135): CodeIgniter\View\View->render('dashboard/qr_code', [], true)
 5 APPPATH\Controllers\Dashboard.php(211): view('dashboard/qr_code', [...])
 6 SYSTEMPATH\CodeIgniter.php(896): App\Controllers\Dashboard->qr_code('FCPATH\\js', 'jsfunctions.js')
 7 SYSTEMPATH\CodeIgniter.php(466): CodeIgniter\CodeIgniter->runController(Object(App\Controllers\Dashboard))
 8 SYSTEMPATH\CodeIgniter.php(349): CodeIgniter\CodeIgniter->handleRequest(null, Object(Config\Cache), false)
 9 FCPATH\index.php(55): CodeIgniter\CodeIgniter->run()
10 SYSTEMPATH\Commands\Server\rewrite.php(43): require_once('FCPATH\\index.php')
CRITICAL - 2022-09-12 01:20:53 --> Trying to access array offset on value of type null
in APPPATH\Views\dashboard\qr_code.php on line 29.
 1 APPPATH\Views\dashboard\qr_code.php(29): CodeIgniter\Debug\Exceptions->errorHandler(8, 'Trying to access array offset on value of type null', 'APPPATH\\Views\\dashboard\\qr_code.php', 29, [...])
 2 SYSTEMPATH\View\View.php(213): include('APPPATH\\Views\\dashboard\\qr_code.php')
 3 SYSTEMPATH\View\View.php(216): CodeIgniter\View\View->CodeIgniter\View\{closure}()
 4 SYSTEMPATH\Common.php(1135): CodeIgniter\View\View->render('dashboard/qr_code', [], true)
 5 APPPATH\Controllers\Dashboard.php(211): view('dashboard/qr_code', [...])
 6 SYSTEMPATH\CodeIgniter.php(896): App\Controllers\Dashboard->qr_code('FCPATH\\js', 'qrcode.js')
 7 SYSTEMPATH\CodeIgniter.php(466): CodeIgniter\CodeIgniter->runController(Object(App\Controllers\Dashboard))
 8 SYSTEMPATH\CodeIgniter.php(349): CodeIgniter\CodeIgniter->handleRequest(null, Object(Config\Cache), false)
 9 FCPATH\index.php(55): CodeIgniter\CodeIgniter->run()
10 SYSTEMPATH\Commands\Server\rewrite.php(43): require_once('FCPATH\\index.php')
CRITICAL - 2022-09-12 01:21:07 --> Trying to access array offset on value of type null
in APPPATH\Views\dashboard\qr_code.php on line 29.
 1 APPPATH\Views\dashboard\qr_code.php(29): CodeIgniter\Debug\Exceptions->errorHandler(8, 'Trying to access array offset on value of type null', 'APPPATH\\Views\\dashboard\\qr_code.php', 29, [...])
 2 SYSTEMPATH\View\View.php(213): include('APPPATH\\Views\\dashboard\\qr_code.php')
 3 SYSTEMPATH\View\View.php(216): CodeIgniter\View\View->CodeIgniter\View\{closure}()
 4 SYSTEMPATH\Common.php(1135): CodeIgniter\View\View->render('dashboard/qr_code', [], true)
 5 APPPATH\Controllers\Dashboard.php(211): view('dashboard/qr_code', [...])
 6 SYSTEMPATH\CodeIgniter.php(896): App\Controllers\Dashboard->qr_code('FCPATH\\js', 'jsfunctions.js')
 7 SYSTEMPATH\CodeIgniter.php(466): CodeIgniter\CodeIgniter->runController(Object(App\Controllers\Dashboard))
 8 SYSTEMPATH\CodeIgniter.php(349): CodeIgniter\CodeIgniter->handleRequest(null, Object(Config\Cache), false)
 9 FCPATH\index.php(55): CodeIgniter\CodeIgniter->run()
10 SYSTEMPATH\Commands\Server\rewrite.php(43): require_once('FCPATH\\index.php')
CRITICAL - 2022-09-12 01:21:07 --> Trying to access array offset on value of type null
in APPPATH\Views\dashboard\qr_code.php on line 29.
 1 APPPATH\Views\dashboard\qr_code.php(29): CodeIgniter\Debug\Exceptions->errorHandler(8, 'Trying to access array offset on value of type null', 'APPPATH\\Views\\dashboard\\qr_code.php', 29, [...])
 2 SYSTEMPATH\View\View.php(213): include('APPPATH\\Views\\dashboard\\qr_code.php')
 3 SYSTEMPATH\View\View.php(216): CodeIgniter\View\View->CodeIgniter\View\{closure}()
 4 SYSTEMPATH\Common.php(1135): CodeIgniter\View\View->render('dashboard/qr_code', [], true)
 5 APPPATH\Controllers\Dashboard.php(211): view('dashboard/qr_code', [...])
 6 SYSTEMPATH\CodeIgniter.php(896): App\Controllers\Dashboard->qr_code('FCPATH\\js', 'qrcode.js')
 7 SYSTEMPATH\CodeIgniter.php(466): CodeIgniter\CodeIgniter->runController(Object(App\Controllers\Dashboard))
 8 SYSTEMPATH\CodeIgniter.php(349): CodeIgniter\CodeIgniter->handleRequest(null, Object(Config\Cache), false)
 9 FCPATH\index.php(55): CodeIgniter\CodeIgniter->run()
10 SYSTEMPATH\Commands\Server\rewrite.php(43): require_once('FCPATH\\index.php')
CRITICAL - 2022-09-12 01:21:17 --> Trying to access array offset on value of type null
in APPPATH\Views\dashboard\qr_code.php on line 29.
 1 APPPATH\Views\dashboard\qr_code.php(29): CodeIgniter\Debug\Exceptions->errorHandler(8, 'Trying to access array offset on value of type null', 'APPPATH\\Views\\dashboard\\qr_code.php', 29, [...])
 2 SYSTEMPATH\View\View.php(213): include('APPPATH\\Views\\dashboard\\qr_code.php')
 3 SYSTEMPATH\View\View.php(216): CodeIgniter\View\View->CodeIgniter\View\{closure}()
 4 SYSTEMPATH\Common.php(1135): CodeIgniter\View\View->render('dashboard/qr_code', [], true)
 5 APPPATH\Controllers\Dashboard.php(211): view('dashboard/qr_code', [...])
 6 SYSTEMPATH\CodeIgniter.php(896): App\Controllers\Dashboard->qr_code('FCPATH\\js', 'jsfunctions.js')
 7 SYSTEMPATH\CodeIgniter.php(466): CodeIgniter\CodeIgniter->runController(Object(App\Controllers\Dashboard))
 8 SYSTEMPATH\CodeIgniter.php(349): CodeIgniter\CodeIgniter->handleRequest(null, Object(Config\Cache), false)
 9 FCPATH\index.php(55): CodeIgniter\CodeIgniter->run()
10 SYSTEMPATH\Commands\Server\rewrite.php(43): require_once('FCPATH\\index.php')
CRITICAL - 2022-09-12 01:21:17 --> Trying to access array offset on value of type null
in APPPATH\Views\dashboard\qr_code.php on line 29.
 1 APPPATH\Views\dashboard\qr_code.php(29): CodeIgniter\Debug\Exceptions->errorHandler(8, 'Trying to access array offset on value of type null', 'APPPATH\\Views\\dashboard\\qr_code.php', 29, [...])
 2 SYSTEMPATH\View\View.php(213): include('APPPATH\\Views\\dashboard\\qr_code.php')
 3 SYSTEMPATH\View\View.php(216): CodeIgniter\View\View->CodeIgniter\View\{closure}()
 4 SYSTEMPATH\Common.php(1135): CodeIgniter\View\View->render('dashboard/qr_code', [], true)
 5 APPPATH\Controllers\Dashboard.php(211): view('dashboard/qr_code', [...])
 6 SYSTEMPATH\CodeIgniter.php(896): App\Controllers\Dashboard->qr_code('FCPATH\\js', 'qrcode.js')
 7 SYSTEMPATH\CodeIgniter.php(466): CodeIgniter\CodeIgniter->runController(Object(App\Controllers\Dashboard))
 8 SYSTEMPATH\CodeIgniter.php(349): CodeIgniter\CodeIgniter->handleRequest(null, Object(Config\Cache), false)
 9 FCPATH\index.php(55): CodeIgniter\CodeIgniter->run()
10 SYSTEMPATH\Commands\Server\rewrite.php(43): require_once('FCPATH\\index.php')
CRITICAL - 2022-09-12 01:21:22 --> Trying to access array offset on value of type null
in APPPATH\Views\dashboard\qr_code.php on line 29.
 1 APPPATH\Views\dashboard\qr_code.php(29): CodeIgniter\Debug\Exceptions->errorHandler(8, 'Trying to access array offset on value of type null', 'APPPATH\\Views\\dashboard\\qr_code.php', 29, [...])
 2 SYSTEMPATH\View\View.php(213): include('APPPATH\\Views\\dashboard\\qr_code.php')
 3 SYSTEMPATH\View\View.php(216): CodeIgniter\View\View->CodeIgniter\View\{closure}()
 4 SYSTEMPATH\Common.php(1135): CodeIgniter\View\View->render('dashboard/qr_code', [], true)
 5 APPPATH\Controllers\Dashboard.php(211): view('dashboard/qr_code', [...])
 6 SYSTEMPATH\CodeIgniter.php(896): App\Controllers\Dashboard->qr_code('FCPATH\\js', 'jsfunctions.js')
 7 SYSTEMPATH\CodeIgniter.php(466): CodeIgniter\CodeIgniter->runController(Object(App\Controllers\Dashboard))
 8 SYSTEMPATH\CodeIgniter.php(349): CodeIgniter\CodeIgniter->handleRequest(null, Object(Config\Cache), false)
 9 FCPATH\index.php(55): CodeIgniter\CodeIgniter->run()
10 SYSTEMPATH\Commands\Server\rewrite.php(43): require_once('FCPATH\\index.php')
CRITICAL - 2022-09-12 01:21:22 --> Trying to access array offset on value of type null
in APPPATH\Views\dashboard\qr_code.php on line 29.
 1 APPPATH\Views\dashboard\qr_code.php(29): CodeIgniter\Debug\Exceptions->errorHandler(8, 'Trying to access array offset on value of type null', 'APPPATH\\Views\\dashboard\\qr_code.php', 29, [...])
 2 SYSTEMPATH\View\View.php(213): include('APPPATH\\Views\\dashboard\\qr_code.php')
 3 SYSTEMPATH\View\View.php(216): CodeIgniter\View\View->CodeIgniter\View\{closure}()
 4 SYSTEMPATH\Common.php(1135): CodeIgniter\View\View->render('dashboard/qr_code', [], true)
 5 APPPATH\Controllers\Dashboard.php(211): view('dashboard/qr_code', [...])
 6 SYSTEMPATH\CodeIgniter.php(896): App\Controllers\Dashboard->qr_code('FCPATH\\js', 'qrcode.js')
 7 SYSTEMPATH\CodeIgniter.php(466): CodeIgniter\CodeIgniter->runController(Object(App\Controllers\Dashboard))
 8 SYSTEMPATH\CodeIgniter.php(349): CodeIgniter\CodeIgniter->handleRequest(null, Object(Config\Cache), false)
 9 FCPATH\index.php(55): CodeIgniter\CodeIgniter->run()
10 SYSTEMPATH\Commands\Server\rewrite.php(43): require_once('FCPATH\\index.php')
CRITICAL - 2022-09-12 01:22:19 --> Trying to access array offset on value of type null
in APPPATH\Views\dashboard\qr_code.php on line 29.
 1 APPPATH\Views\dashboard\qr_code.php(29): CodeIgniter\Debug\Exceptions->errorHandler(8, 'Trying to access array offset on value of type null', 'APPPATH\\Views\\dashboard\\qr_code.php', 29, [...])
 2 SYSTEMPATH\View\View.php(213): include('APPPATH\\Views\\dashboard\\qr_code.php')
 3 SYSTEMPATH\View\View.php(216): CodeIgniter\View\View->CodeIgniter\View\{closure}()
 4 SYSTEMPATH\Common.php(1135): CodeIgniter\View\View->render('dashboard/qr_code', [], true)
 5 APPPATH\Controllers\Dashboard.php(211): view('dashboard/qr_code', [...])
 6 SYSTEMPATH\CodeIgniter.php(896): App\Controllers\Dashboard->qr_code('FCPATH\\js', 'jsfunctions.js')
 7 SYSTEMPATH\CodeIgniter.php(466): CodeIgniter\CodeIgniter->runController(Object(App\Controllers\Dashboard))
 8 SYSTEMPATH\CodeIgniter.php(349): CodeIgniter\CodeIgniter->handleRequest(null, Object(Config\Cache), false)
 9 FCPATH\index.php(55): CodeIgniter\CodeIgniter->run()
10 SYSTEMPATH\Commands\Server\rewrite.php(43): require_once('FCPATH\\index.php')
CRITICAL - 2022-09-12 01:22:19 --> Trying to access array offset on value of type null
in APPPATH\Views\dashboard\qr_code.php on line 29.
 1 APPPATH\Views\dashboard\qr_code.php(29): CodeIgniter\Debug\Exceptions->errorHandler(8, 'Trying to access array offset on value of type null', 'APPPATH\\Views\\dashboard\\qr_code.php', 29, [...])
 2 SYSTEMPATH\View\View.php(213): include('APPPATH\\Views\\dashboard\\qr_code.php')
 3 SYSTEMPATH\View\View.php(216): CodeIgniter\View\View->CodeIgniter\View\{closure}()
 4 SYSTEMPATH\Common.php(1135): CodeIgniter\View\View->render('dashboard/qr_code', [], true)
 5 APPPATH\Controllers\Dashboard.php(211): view('dashboard/qr_code', [...])
 6 SYSTEMPATH\CodeIgniter.php(896): App\Controllers\Dashboard->qr_code('FCPATH\\js', 'qrcode.js')
 7 SYSTEMPATH\CodeIgniter.php(466): CodeIgniter\CodeIgniter->runController(Object(App\Controllers\Dashboard))
 8 SYSTEMPATH\CodeIgniter.php(349): CodeIgniter\CodeIgniter->handleRequest(null, Object(Config\Cache), false)
 9 FCPATH\index.php(55): CodeIgniter\CodeIgniter->run()
10 SYSTEMPATH\Commands\Server\rewrite.php(43): require_once('FCPATH\\index.php')
CRITICAL - 2022-09-12 01:22:27 --> Trying to access array offset on value of type null
in APPPATH\Views\dashboard\qr_code.php on line 29.
 1 APPPATH\Views\dashboard\qr_code.php(29): CodeIgniter\Debug\Exceptions->errorHandler(8, 'Trying to access array offset on value of type null', 'APPPATH\\Views\\dashboard\\qr_code.php', 29, [...])
 2 SYSTEMPATH\View\View.php(213): include('APPPATH\\Views\\dashboard\\qr_code.php')
 3 SYSTEMPATH\View\View.php(216): CodeIgniter\View\View->CodeIgniter\View\{closure}()
 4 SYSTEMPATH\Common.php(1135): CodeIgniter\View\View->render('dashboard/qr_code', [], true)
 5 APPPATH\Controllers\Dashboard.php(211): view('dashboard/qr_code', [...])
 6 SYSTEMPATH\CodeIgniter.php(896): App\Controllers\Dashboard->qr_code('FCPATH\\js', 'jsfunctions.js')
 7 SYSTEMPATH\CodeIgniter.php(466): CodeIgniter\CodeIgniter->runController(Object(App\Controllers\Dashboard))
 8 SYSTEMPATH\CodeIgniter.php(349): CodeIgniter\CodeIgniter->handleRequest(null, Object(Config\Cache), false)
 9 FCPATH\index.php(55): CodeIgniter\CodeIgniter->run()
10 SYSTEMPATH\Commands\Server\rewrite.php(43): require_once('FCPATH\\index.php')
CRITICAL - 2022-09-12 01:22:27 --> Trying to access array offset on value of type null
in APPPATH\Views\dashboard\qr_code.php on line 29.
 1 APPPATH\Views\dashboard\qr_code.php(29): CodeIgniter\Debug\Exceptions->errorHandler(8, 'Trying to access array offset on value of type null', 'APPPATH\\Views\\dashboard\\qr_code.php', 29, [...])
 2 SYSTEMPATH\View\View.php(213): include('APPPATH\\Views\\dashboard\\qr_code.php')
 3 SYSTEMPATH\View\View.php(216): CodeIgniter\View\View->CodeIgniter\View\{closure}()
 4 SYSTEMPATH\Common.php(1135): CodeIgniter\View\View->render('dashboard/qr_code', [], true)
 5 APPPATH\Controllers\Dashboard.php(211): view('dashboard/qr_code', [...])
 6 SYSTEMPATH\CodeIgniter.php(896): App\Controllers\Dashboard->qr_code('FCPATH\\js', 'qrcode.js')
 7 SYSTEMPATH\CodeIgniter.php(466): CodeIgniter\CodeIgniter->runController(Object(App\Controllers\Dashboard))
 8 SYSTEMPATH\CodeIgniter.php(349): CodeIgniter\CodeIgniter->handleRequest(null, Object(Config\Cache), false)
 9 FCPATH\index.php(55): CodeIgniter\CodeIgniter->run()
10 SYSTEMPATH\Commands\Server\rewrite.php(43): require_once('FCPATH\\index.php')
CRITICAL - 2022-09-12 01:22:35 --> Trying to access array offset on value of type null
in APPPATH\Views\dashboard\qr_code.php on line 29.
 1 APPPATH\Views\dashboard\qr_code.php(29): CodeIgniter\Debug\Exceptions->errorHandler(8, 'Trying to access array offset on value of type null', 'APPPATH\\Views\\dashboard\\qr_code.php', 29, [...])
 2 SYSTEMPATH\View\View.php(213): include('APPPATH\\Views\\dashboard\\qr_code.php')
 3 SYSTEMPATH\View\View.php(216): CodeIgniter\View\View->CodeIgniter\View\{closure}()
 4 SYSTEMPATH\Common.php(1135): CodeIgniter\View\View->render('dashboard/qr_code', [], true)
 5 APPPATH\Controllers\Dashboard.php(211): view('dashboard/qr_code', [...])
 6 SYSTEMPATH\CodeIgniter.php(896): App\Controllers\Dashboard->qr_code('FCPATH\\js', 'jsfunctions.js')
 7 SYSTEMPATH\CodeIgniter.php(466): CodeIgniter\CodeIgniter->runController(Object(App\Controllers\Dashboard))
 8 SYSTEMPATH\CodeIgniter.php(349): CodeIgniter\CodeIgniter->handleRequest(null, Object(Config\Cache), false)
 9 FCPATH\index.php(55): CodeIgniter\CodeIgniter->run()
10 SYSTEMPATH\Commands\Server\rewrite.php(43): require_once('FCPATH\\index.php')
CRITICAL - 2022-09-12 01:22:35 --> Trying to access array offset on value of type null
in APPPATH\Views\dashboard\qr_code.php on line 29.
 1 APPPATH\Views\dashboard\qr_code.php(29): CodeIgniter\Debug\Exceptions->errorHandler(8, 'Trying to access array offset on value of type null', 'APPPATH\\Views\\dashboard\\qr_code.php', 29, [...])
 2 SYSTEMPATH\View\View.php(213): include('APPPATH\\Views\\dashboard\\qr_code.php')
 3 SYSTEMPATH\View\View.php(216): CodeIgniter\View\View->CodeIgniter\View\{closure}()
 4 SYSTEMPATH\Common.php(1135): CodeIgniter\View\View->render('dashboard/qr_code', [], true)
 5 APPPATH\Controllers\Dashboard.php(211): view('dashboard/qr_code', [...])
 6 SYSTEMPATH\CodeIgniter.php(896): App\Controllers\Dashboard->qr_code('FCPATH\\js', 'qrcode.js')
 7 SYSTEMPATH\CodeIgniter.php(466): CodeIgniter\CodeIgniter->runController(Object(App\Controllers\Dashboard))
 8 SYSTEMPATH\CodeIgniter.php(349): CodeIgniter\CodeIgniter->handleRequest(null, Object(Config\Cache), false)
 9 FCPATH\index.php(55): CodeIgniter\CodeIgniter->run()
10 SYSTEMPATH\Commands\Server\rewrite.php(43): require_once('FCPATH\\index.php')
CRITICAL - 2022-09-12 01:59:21 --> Undefined index: id_kegiatan
in APPPATH\Views\dashboard\data_kegiatan.php on line 69.
 1 APPPATH\Views\dashboard\data_kegiatan.php(69): CodeIgniter\Debug\Exceptions->errorHandler(8, 'Undefined index: id_kegiatan', 'APPPATH\\Views\\dashboard\\data_kegiatan.php', 69, [...])
 2 SYSTEMPATH\View\View.php(213): include('APPPATH\\Views\\dashboard\\data_kegiatan.php')
 3 SYSTEMPATH\View\View.php(216): CodeIgniter\View\View->CodeIgniter\View\{closure}()
 4 SYSTEMPATH\Common.php(1135): CodeIgniter\View\View->render('dashboard/data_kegiatan', [], true)
 5 APPPATH\Controllers\Dashboard.php(93): view('dashboard/data_kegiatan', [...])
 6 SYSTEMPATH\CodeIgniter.php(896): App\Controllers\Dashboard->data_kegiatan()
 7 SYSTEMPATH\CodeIgniter.php(466): CodeIgniter\CodeIgniter->runController(Object(App\Controllers\Dashboard))
 8 SYSTEMPATH\CodeIgniter.php(349): CodeIgniter\CodeIgniter->handleRequest(null, Object(Config\Cache), false)
 9 FCPATH\index.php(55): CodeIgniter\CodeIgniter->run()
10 SYSTEMPATH\Commands\Server\rewrite.php(43): require_once('FCPATH\\index.php')
CRITICAL - 2022-09-12 01:59:35 --> Undefined property: App\Controllers\Dashboard::$presensi
in APPPATH\Controllers\Dashboard.php on line 100.
 1 APPPATH\Controllers\Dashboard.php(100): CodeIgniter\Debug\Exceptions->errorHandler(8, 'Undefined property: App\\Controllers\\Dashboard::$presensi', 'APPPATH\\Controllers\\Dashboard.php', 100, [...])
 2 SYSTEMPATH\CodeIgniter.php(896): App\Controllers\Dashboard->presensi('1160')
 3 SYSTEMPATH\CodeIgniter.php(466): CodeIgniter\CodeIgniter->runController(Object(App\Controllers\Dashboard))
 4 SYSTEMPATH\CodeIgniter.php(349): CodeIgniter\CodeIgniter->handleRequest(null, Object(Config\Cache), false)
 5 FCPATH\index.php(55): CodeIgniter\CodeIgniter->run()
 6 SYSTEMPATH\Commands\Server\rewrite.php(43): require_once('FCPATH\\index.php')
CRITICAL - 2022-09-12 14:58:52 --> Trying to access array offset on value of type null
in APPPATH\Views\dashboard\qr_code.php on line 29.
 1 APPPATH\Views\dashboard\qr_code.php(29): CodeIgniter\Debug\Exceptions->errorHandler(8, 'Trying to access array offset on value of type null', 'APPPATH\\Views\\dashboard\\qr_code.php', 29, [...])
 2 SYSTEMPATH\View\View.php(213): include('APPPATH\\Views\\dashboard\\qr_code.php')
 3 SYSTEMPATH\View\View.php(216): CodeIgniter\View\View->CodeIgniter\View\{closure}()
 4 SYSTEMPATH\Common.php(1135): CodeIgniter\View\View->render('dashboard/qr_code', [], true)
 5 APPPATH\Controllers\Dashboard.php(216): view('dashboard/qr_code', [...])
 6 SYSTEMPATH\CodeIgniter.php(896): App\Controllers\Dashboard->qr_code('FCPATH\\js', 'jsfunctions.js')
 7 SYSTEMPATH\CodeIgniter.php(466): CodeIgniter\CodeIgniter->runController(Object(App\Controllers\Dashboard))
 8 SYSTEMPATH\CodeIgniter.php(349): CodeIgniter\CodeIgniter->handleRequest(null, Object(Config\Cache), false)
 9 FCPATH\index.php(55): CodeIgniter\CodeIgniter->run()
10 SYSTEMPATH\Commands\Server\rewrite.php(43): require_once('FCPATH\\index.php')
CRITICAL - 2022-09-12 14:58:53 --> Trying to access array offset on value of type null
in APPPATH\Views\dashboard\qr_code.php on line 29.
 1 APPPATH\Views\dashboard\qr_code.php(29): CodeIgniter\Debug\Exceptions->errorHandler(8, 'Trying to access array offset on value of type null', 'APPPATH\\Views\\dashboard\\qr_code.php', 29, [...])
 2 SYSTEMPATH\View\View.php(213): include('APPPATH\\Views\\dashboard\\qr_code.php')
 3 SYSTEMPATH\View\View.php(216): CodeIgniter\View\View->CodeIgniter\View\{closure}()
 4 SYSTEMPATH\Common.php(1135): CodeIgniter\View\View->render('dashboard/qr_code', [], true)
 5 APPPATH\Controllers\Dashboard.php(216): view('dashboard/qr_code', [...])
 6 SYSTEMPATH\CodeIgniter.php(896): App\Controllers\Dashboard->qr_code('FCPATH\\js', 'qrcode.js')
 7 SYSTEMPATH\CodeIgniter.php(466): CodeIgniter\CodeIgniter->runController(Object(App\Controllers\Dashboard))
 8 SYSTEMPATH\CodeIgniter.php(349): CodeIgniter\CodeIgniter->handleRequest(null, Object(Config\Cache), false)
 9 FCPATH\index.php(55): CodeIgniter\CodeIgniter->run()
10 SYSTEMPATH\Commands\Server\rewrite.php(43): require_once('FCPATH\\index.php')
CRITICAL - 2022-09-12 14:58:58 --> Undefined index: npm
in APPPATH\Views\dashboard\presensi.php on line 51.
 1 APPPATH\Views\dashboard\presensi.php(51): CodeIgniter\Debug\Exceptions->errorHandler(8, 'Undefined index: npm', 'APPPATH\\Views\\dashboard\\presensi.php', 51, [...])
 2 SYSTEMPATH\View\View.php(213): include('APPPATH\\Views\\dashboard\\presensi.php')
 3 SYSTEMPATH\View\View.php(216): CodeIgniter\View\View->CodeIgniter\View\{closure}()
 4 SYSTEMPATH\Common.php(1135): CodeIgniter\View\View->render('dashboard/presensi', [], true)
 5 APPPATH\Controllers\Dashboard.php(105): view('dashboard/presensi', [...])
 6 SYSTEMPATH\CodeIgniter.php(896): App\Controllers\Dashboard->presensi('2871')
 7 SYSTEMPATH\CodeIgniter.php(466): CodeIgniter\CodeIgniter->runController(Object(App\Controllers\Dashboard))
 8 SYSTEMPATH\CodeIgniter.php(349): CodeIgniter\CodeIgniter->handleRequest(null, Object(Config\Cache), false)
 9 FCPATH\index.php(55): CodeIgniter\CodeIgniter->run()
10 SYSTEMPATH\Commands\Server\rewrite.php(43): require_once('FCPATH\\index.php')
CRITICAL - 2022-09-12 15:01:26 --> Undefined property: App\Controllers\Dashboard::$presensi
in APPPATH\Controllers\Dashboard.php on line 103.
 1 APPPATH\Controllers\Dashboard.php(103): CodeIgniter\Debug\Exceptions->errorHandler(8, 'Undefined property: App\\Controllers\\Dashboard::$presensi', 'APPPATH\\Controllers\\Dashboard.php', 103, [...])
 2 SYSTEMPATH\CodeIgniter.php(896): App\Controllers\Dashboard->presensi('2871')
 3 SYSTEMPATH\CodeIgniter.php(466): CodeIgniter\CodeIgniter->runController(Object(App\Controllers\Dashboard))
 4 SYSTEMPATH\CodeIgniter.php(349): CodeIgniter\CodeIgniter->handleRequest(null, Object(Config\Cache), false)
 5 FCPATH\index.php(55): CodeIgniter\CodeIgniter->run()
 6 SYSTEMPATH\Commands\Server\rewrite.php(43): require_once('FCPATH\\index.php')
ERROR - 2022-09-12 15:01:44 --> Column 'id_kegiatan' in where clause is ambiguous
CRITICAL - 2022-09-12 15:01:44 --> Column 'id_kegiatan' in where clause is ambiguous
in SYSTEMPATH\Database\MySQLi\Connection.php on line 292.
 1 SYSTEMPATH\Database\MySQLi\Connection.php(292): mysqli->query('SELECT *
FROM `presensi`
JOIN `data_anggota` ON `data_anggota`.`npm`=`presensi`.`id_data`
JOIN `data_kegiatan` ON `data_kegiatan`.`id_kegiatan`=`presensi`.`id_kegiatan`
WHERE `id_kegiatan` = \'2871\'', 0)
 2 SYSTEMPATH\Database\BaseConnection.php(695): CodeIgniter\Database\MySQLi\Connection->execute('SELECT *
FROM `presensi`
JOIN `data_anggota` ON `data_anggota`.`npm`=`presensi`.`id_data`
JOIN `data_kegiatan` ON `data_kegiatan`.`id_kegiatan`=`presensi`.`id_kegiatan`
WHERE `id_kegiatan` = \'2871\'')
 3 SYSTEMPATH\Database\BaseConnection.php(609): CodeIgniter\Database\BaseConnection->simpleQuery('SELECT *
FROM `presensi`
JOIN `data_anggota` ON `data_anggota`.`npm`=`presensi`.`id_data`
JOIN `data_kegiatan` ON `data_kegiatan`.`id_kegiatan`=`presensi`.`id_kegiatan`
WHERE `id_kegiatan` = \'2871\'')
 4 SYSTEMPATH\Database\BaseBuilder.php(1585): CodeIgniter\Database\BaseConnection->query('SELECT *
FROM `presensi`
JOIN `data_anggota` ON `data_anggota`.`npm`=`presensi`.`id_data`
JOIN `data_kegiatan` ON `data_kegiatan`.`id_kegiatan`=`presensi`.`id_kegiatan`
WHERE `id_kegiatan` = :id_kegiatan:', [...], false)
 5 SYSTEMPATH\Model.php(771): CodeIgniter\Database\BaseBuilder->get()
 6 APPPATH\Models\Presensi.php(21): CodeIgniter\Model->__call('get', [])
 7 APPPATH\Controllers\Dashboard.php(103): App\Models\Presensi->getPresensi('2871')
 8 SYSTEMPATH\CodeIgniter.php(896): App\Controllers\Dashboard->presensi('2871')
 9 SYSTEMPATH\CodeIgniter.php(466): CodeIgniter\CodeIgniter->runController(Object(App\Controllers\Dashboard))
10 SYSTEMPATH\CodeIgniter.php(349): CodeIgniter\CodeIgniter->handleRequest(null, Object(Config\Cache), false)
11 FCPATH\index.php(55): CodeIgniter\CodeIgniter->run()
12 SYSTEMPATH\Commands\Server\rewrite.php(43): require_once('FCPATH\\index.php')
CRITICAL - 2022-09-12 15:03:06 --> Undefined index: poin
in APPPATH\Views\dashboard\presensi.php on line 60.
 1 APPPATH\Views\dashboard\presensi.php(60): CodeIgniter\Debug\Exceptions->errorHandler(8, 'Undefined index: poin', 'APPPATH\\Views\\dashboard\\presensi.php', 60, [...])
 2 SYSTEMPATH\View\View.php(213): include('APPPATH\\Views\\dashboard\\presensi.php')
 3 SYSTEMPATH\View\View.php(216): CodeIgniter\View\View->CodeIgniter\View\{closure}()
 4 SYSTEMPATH\Common.php(1135): CodeIgniter\View\View->render('dashboard/presensi', [], true)
 5 APPPATH\Controllers\Dashboard.php(105): view('dashboard/presensi', [...])
 6 SYSTEMPATH\CodeIgniter.php(896): App\Controllers\Dashboard->presensi('2871')
 7 SYSTEMPATH\CodeIgniter.php(466): CodeIgniter\CodeIgniter->runController(Object(App\Controllers\Dashboard))
 8 SYSTEMPATH\CodeIgniter.php(349): CodeIgniter\CodeIgniter->handleRequest(null, Object(Config\Cache), false)
 9 FCPATH\index.php(55): CodeIgniter\CodeIgniter->run()
10 SYSTEMPATH\Commands\Server\rewrite.php(43): require_once('FCPATH\\index.php')
CRITICAL - 2022-09-12 15:19:35 --> Trying to access array offset on value of type null
in APPPATH\Views\dashboard\presensi.php on line 35.
 1 APPPATH\Views\dashboard\presensi.php(35): CodeIgniter\Debug\Exceptions->errorHandler(8, 'Trying to access array offset on value of type null', 'APPPATH\\Views\\dashboard\\presensi.php', 35, [...])
 2 SYSTEMPATH\View\View.php(213): include('APPPATH\\Views\\dashboard\\presensi.php')
 3 SYSTEMPATH\View\View.php(216): CodeIgniter\View\View->CodeIgniter\View\{closure}()
 4 SYSTEMPATH\Common.php(1135): CodeIgniter\View\View->render('dashboard/presensi', [], true)
 5 APPPATH\Controllers\Dashboard.php(106): view('dashboard/presensi', [...])
 6 SYSTEMPATH\CodeIgniter.php(896): App\Controllers\Dashboard->presensi('FCPATH\\js', 'jsfunctions.js')
 7 SYSTEMPATH\CodeIgniter.php(466): CodeIgniter\CodeIgniter->runController(Object(App\Controllers\Dashboard))
 8 SYSTEMPATH\CodeIgniter.php(349): CodeIgniter\CodeIgniter->handleRequest(null, Object(Config\Cache), false)
 9 FCPATH\index.php(55): CodeIgniter\CodeIgniter->run()
10 SYSTEMPATH\Commands\Server\rewrite.php(43): require_once('FCPATH\\index.php')
CRITICAL - 2022-09-12 15:19:36 --> Trying to access array offset on value of type null
in APPPATH\Views\dashboard\presensi.php on line 35.
 1 APPPATH\Views\dashboard\presensi.php(35): CodeIgniter\Debug\Exceptions->errorHandler(8, 'Trying to access array offset on value of type null', 'APPPATH\\Views\\dashboard\\presensi.php', 35, [...])
 2 SYSTEMPATH\View\View.php(213): include('APPPATH\\Views\\dashboard\\presensi.php')
 3 SYSTEMPATH\View\View.php(216): CodeIgniter\View\View->CodeIgniter\View\{closure}()
 4 SYSTEMPATH\Common.php(1135): CodeIgniter\View\View->render('dashboard/presensi', [], true)
 5 APPPATH\Controllers\Dashboard.php(106): view('dashboard/presensi', [...])
 6 SYSTEMPATH\CodeIgniter.php(896): App\Controllers\Dashboard->presensi('FCPATH\\js', 'qrcode.js')
 7 SYSTEMPATH\CodeIgniter.php(466): CodeIgniter\CodeIgniter->runController(Object(App\Controllers\Dashboard))
 8 SYSTEMPATH\CodeIgniter.php(349): CodeIgniter\CodeIgniter->handleRequest(null, Object(Config\Cache), false)
 9 FCPATH\index.php(55): CodeIgniter\CodeIgniter->run()
10 SYSTEMPATH\Commands\Server\rewrite.php(43): require_once('FCPATH\\index.php')
CRITICAL - 2022-09-12 15:19:57 --> Trying to access array offset on value of type null
in APPPATH\Views\dashboard\presensi.php on line 35.
 1 APPPATH\Views\dashboard\presensi.php(35): CodeIgniter\Debug\Exceptions->errorHandler(8, 'Trying to access array offset on value of type null', 'APPPATH\\Views\\dashboard\\presensi.php', 35, [...])
 2 SYSTEMPATH\View\View.php(213): include('APPPATH\\Views\\dashboard\\presensi.php')
 3 SYSTEMPATH\View\View.php(216): CodeIgniter\View\View->CodeIgniter\View\{closure}()
 4 SYSTEMPATH\Common.php(1135): CodeIgniter\View\View->render('dashboard/presensi', [], true)
 5 APPPATH\Controllers\Dashboard.php(106): view('dashboard/presensi', [...])
 6 SYSTEMPATH\CodeIgniter.php(896): App\Controllers\Dashboard->presensi('FCPATH\\js', 'jsfunctions.js')
 7 SYSTEMPATH\CodeIgniter.php(466): CodeIgniter\CodeIgniter->runController(Object(App\Controllers\Dashboard))
 8 SYSTEMPATH\CodeIgniter.php(349): CodeIgniter\CodeIgniter->handleRequest(null, Object(Config\Cache), false)
 9 FCPATH\index.php(55): CodeIgniter\CodeIgniter->run()
10 SYSTEMPATH\Commands\Server\rewrite.php(43): require_once('FCPATH\\index.php')
CRITICAL - 2022-09-12 15:19:57 --> Trying to access array offset on value of type null
in APPPATH\Views\dashboard\presensi.php on line 35.
 1 APPPATH\Views\dashboard\presensi.php(35): CodeIgniter\Debug\Exceptions->errorHandler(8, 'Trying to access array offset on value of type null', 'APPPATH\\Views\\dashboard\\presensi.php', 35, [...])
 2 SYSTEMPATH\View\View.php(213): include('APPPATH\\Views\\dashboard\\presensi.php')
 3 SYSTEMPATH\View\View.php(216): CodeIgniter\View\View->CodeIgniter\View\{closure}()
 4 SYSTEMPATH\Common.php(1135): CodeIgniter\View\View->render('dashboard/presensi', [], true)
 5 APPPATH\Controllers\Dashboard.php(106): view('dashboard/presensi', [...])
 6 SYSTEMPATH\CodeIgniter.php(896): App\Controllers\Dashboard->presensi('FCPATH\\js', 'qrcode.js')
 7 SYSTEMPATH\CodeIgniter.php(466): CodeIgniter\CodeIgniter->runController(Object(App\Controllers\Dashboard))
 8 SYSTEMPATH\CodeIgniter.php(349): CodeIgniter\CodeIgniter->handleRequest(null, Object(Config\Cache), false)
 9 FCPATH\index.php(55): CodeIgniter\CodeIgniter->run()
10 SYSTEMPATH\Commands\Server\rewrite.php(43): require_once('FCPATH\\index.php')
CRITICAL - 2022-09-12 15:20:02 --> Trying to access array offset on value of type null
in APPPATH\Views\dashboard\presensi.php on line 35.
 1 APPPATH\Views\dashboard\presensi.php(35): CodeIgniter\Debug\Exceptions->errorHandler(8, 'Trying to access array offset on value of type null', 'APPPATH\\Views\\dashboard\\presensi.php', 35, [...])
 2 SYSTEMPATH\View\View.php(213): include('APPPATH\\Views\\dashboard\\presensi.php')
 3 SYSTEMPATH\View\View.php(216): CodeIgniter\View\View->CodeIgniter\View\{closure}()
 4 SYSTEMPATH\Common.php(1135): CodeIgniter\View\View->render('dashboard/presensi', [], true)
 5 APPPATH\Controllers\Dashboard.php(106): view('dashboard/presensi', [...])
 6 SYSTEMPATH\CodeIgniter.php(896): App\Controllers\Dashboard->presensi('FCPATH\\js', 'jsfunctions.js')
 7 SYSTEMPATH\CodeIgniter.php(466): CodeIgniter\CodeIgniter->runController(Object(App\Controllers\Dashboard))
 8 SYSTEMPATH\CodeIgniter.php(349): CodeIgniter\CodeIgniter->handleRequest(null, Object(Config\Cache), false)
 9 FCPATH\index.php(55): CodeIgniter\CodeIgniter->run()
10 SYSTEMPATH\Commands\Server\rewrite.php(43): require_once('FCPATH\\index.php')
CRITICAL - 2022-09-12 15:20:03 --> Trying to access array offset on value of type null
in APPPATH\Views\dashboard\presensi.php on line 35.
 1 APPPATH\Views\dashboard\presensi.php(35): CodeIgniter\Debug\Exceptions->errorHandler(8, 'Trying to access array offset on value of type null', 'APPPATH\\Views\\dashboard\\presensi.php', 35, [...])
 2 SYSTEMPATH\View\View.php(213): include('APPPATH\\Views\\dashboard\\presensi.php')
 3 SYSTEMPATH\View\View.php(216): CodeIgniter\View\View->CodeIgniter\View\{closure}()
 4 SYSTEMPATH\Common.php(1135): CodeIgniter\View\View->render('dashboard/presensi', [], true)
 5 APPPATH\Controllers\Dashboard.php(106): view('dashboard/presensi', [...])
 6 SYSTEMPATH\CodeIgniter.php(896): App\Controllers\Dashboard->presensi('FCPATH\\js', 'qrcode.js')
 7 SYSTEMPATH\CodeIgniter.php(466): CodeIgniter\CodeIgniter->runController(Object(App\Controllers\Dashboard))
 8 SYSTEMPATH\CodeIgniter.php(349): CodeIgniter\CodeIgniter->handleRequest(null, Object(Config\Cache), false)
 9 FCPATH\index.php(55): CodeIgniter\CodeIgniter->run()
10 SYSTEMPATH\Commands\Server\rewrite.php(43): require_once('FCPATH\\index.php')
CRITICAL - 2022-09-12 15:20:07 --> Trying to access array offset on value of type null
in APPPATH\Views\dashboard\presensi.php on line 35.
 1 APPPATH\Views\dashboard\presensi.php(35): CodeIgniter\Debug\Exceptions->errorHandler(8, 'Trying to access array offset on value of type null', 'APPPATH\\Views\\dashboard\\presensi.php', 35, [...])
 2 SYSTEMPATH\View\View.php(213): include('APPPATH\\Views\\dashboard\\presensi.php')
 3 SYSTEMPATH\View\View.php(216): CodeIgniter\View\View->CodeIgniter\View\{closure}()
 4 SYSTEMPATH\Common.php(1135): CodeIgniter\View\View->render('dashboard/presensi', [], true)
 5 APPPATH\Controllers\Dashboard.php(106): view('dashboard/presensi', [...])
 6 SYSTEMPATH\CodeIgniter.php(896): App\Controllers\Dashboard->presensi('FCPATH\\js', 'jsfunctions.js')
 7 SYSTEMPATH\CodeIgniter.php(466): CodeIgniter\CodeIgniter->runController(Object(App\Controllers\Dashboard))
 8 SYSTEMPATH\CodeIgniter.php(349): CodeIgniter\CodeIgniter->handleRequest(null, Object(Config\Cache), false)
 9 FCPATH\index.php(55): CodeIgniter\CodeIgniter->run()
10 SYSTEMPATH\Commands\Server\rewrite.php(43): require_once('FCPATH\\index.php')
CRITICAL - 2022-09-12 15:20:07 --> Trying to access array offset on value of type null
in APPPATH\Views\dashboard\presensi.php on line 35.
 1 APPPATH\Views\dashboard\presensi.php(35): CodeIgniter\Debug\Exceptions->errorHandler(8, 'Trying to access array offset on value of type null', 'APPPATH\\Views\\dashboard\\presensi.php', 35, [...])
 2 SYSTEMPATH\View\View.php(213): include('APPPATH\\Views\\dashboard\\presensi.php')
 3 SYSTEMPATH\View\View.php(216): CodeIgniter\View\View->CodeIgniter\View\{closure}()
 4 SYSTEMPATH\Common.php(1135): CodeIgniter\View\View->render('dashboard/presensi', [], true)
 5 APPPATH\Controllers\Dashboard.php(106): view('dashboard/presensi', [...])
 6 SYSTEMPATH\CodeIgniter.php(896): App\Controllers\Dashboard->presensi('FCPATH\\js', 'qrcode.js')
 7 SYSTEMPATH\CodeIgniter.php(466): CodeIgniter\CodeIgniter->runController(Object(App\Controllers\Dashboard))
 8 SYSTEMPATH\CodeIgniter.php(349): CodeIgniter\CodeIgniter->handleRequest(null, Object(Config\Cache), false)
 9 FCPATH\index.php(55): CodeIgniter\CodeIgniter->run()
10 SYSTEMPATH\Commands\Server\rewrite.php(43): require_once('FCPATH\\index.php')
CRITICAL - 2022-09-12 15:20:13 --> Trying to access array offset on value of type null
in APPPATH\Views\dashboard\presensi.php on line 35.
 1 APPPATH\Views\dashboard\presensi.php(35): CodeIgniter\Debug\Exceptions->errorHandler(8, 'Trying to access array offset on value of type null', 'APPPATH\\Views\\dashboard\\presensi.php', 35, [...])
 2 SYSTEMPATH\View\View.php(213): include('APPPATH\\Views\\dashboard\\presensi.php')
 3 SYSTEMPATH\View\View.php(216): CodeIgniter\View\View->CodeIgniter\View\{closure}()
 4 SYSTEMPATH\Common.php(1135): CodeIgniter\View\View->render('dashboard/presensi', [], true)
 5 APPPATH\Controllers\Dashboard.php(106): view('dashboard/presensi', [...])
 6 SYSTEMPATH\CodeIgniter.php(896): App\Controllers\Dashboard->presensi('FCPATH\\js', 'jsfunctions.js')
 7 SYSTEMPATH\CodeIgniter.php(466): CodeIgniter\CodeIgniter->runController(Object(App\Controllers\Dashboard))
 8 SYSTEMPATH\CodeIgniter.php(349): CodeIgniter\CodeIgniter->handleRequest(null, Object(Config\Cache), false)
 9 FCPATH\index.php(55): CodeIgniter\CodeIgniter->run()
10 SYSTEMPATH\Commands\Server\rewrite.php(43): require_once('FCPATH\\index.php')
CRITICAL - 2022-09-12 15:20:13 --> Trying to access array offset on value of type null
in APPPATH\Views\dashboard\presensi.php on line 35.
 1 APPPATH\Views\dashboard\presensi.php(35): CodeIgniter\Debug\Exceptions->errorHandler(8, 'Trying to access array offset on value of type null', 'APPPATH\\Views\\dashboard\\presensi.php', 35, [...])
 2 SYSTEMPATH\View\View.php(213): include('APPPATH\\Views\\dashboard\\presensi.php')
 3 SYSTEMPATH\View\View.php(216): CodeIgniter\View\View->CodeIgniter\View\{closure}()
 4 SYSTEMPATH\Common.php(1135): CodeIgniter\View\View->render('dashboard/presensi', [], true)
 5 APPPATH\Controllers\Dashboard.php(106): view('dashboard/presensi', [...])
 6 SYSTEMPATH\CodeIgniter.php(896): App\Controllers\Dashboard->presensi('FCPATH\\js', 'qrcode.js')
 7 SYSTEMPATH\CodeIgniter.php(466): CodeIgniter\CodeIgniter->runController(Object(App\Controllers\Dashboard))
 8 SYSTEMPATH\CodeIgniter.php(349): CodeIgniter\CodeIgniter->handleRequest(null, Object(Config\Cache), false)
 9 FCPATH\index.php(55): CodeIgniter\CodeIgniter->run()
10 SYSTEMPATH\Commands\Server\rewrite.php(43): require_once('FCPATH\\index.php')
CRITICAL - 2022-09-12 15:21:18 --> Trying to access array offset on value of type null
in APPPATH\Views\dashboard\presensi.php on line 35.
 1 APPPATH\Views\dashboard\presensi.php(35): CodeIgniter\Debug\Exceptions->errorHandler(8, 'Trying to access array offset on value of type null', 'APPPATH\\Views\\dashboard\\presensi.php', 35, [...])
 2 SYSTEMPATH\View\View.php(213): include('APPPATH\\Views\\dashboard\\presensi.php')
 3 SYSTEMPATH\View\View.php(216): CodeIgniter\View\View->CodeIgniter\View\{closure}()
 4 SYSTEMPATH\Common.php(1135): CodeIgniter\View\View->render('dashboard/presensi', [], true)
 5 APPPATH\Controllers\Dashboard.php(106): view('dashboard/presensi', [...])
 6 SYSTEMPATH\CodeIgniter.php(896): App\Controllers\Dashboard->presensi('FCPATH\\js', 'jsfunctions.js')
 7 SYSTEMPATH\CodeIgniter.php(466): CodeIgniter\CodeIgniter->runController(Object(App\Controllers\Dashboard))
 8 SYSTEMPATH\CodeIgniter.php(349): CodeIgniter\CodeIgniter->handleRequest(null, Object(Config\Cache), false)
 9 FCPATH\index.php(55): CodeIgniter\CodeIgniter->run()
10 SYSTEMPATH\Commands\Server\rewrite.php(43): require_once('FCPATH\\index.php')
CRITICAL - 2022-09-12 15:21:18 --> Trying to access array offset on value of type null
in APPPATH\Views\dashboard\presensi.php on line 35.
 1 APPPATH\Views\dashboard\presensi.php(35): CodeIgniter\Debug\Exceptions->errorHandler(8, 'Trying to access array offset on value of type null', 'APPPATH\\Views\\dashboard\\presensi.php', 35, [...])
 2 SYSTEMPATH\View\View.php(213): include('APPPATH\\Views\\dashboard\\presensi.php')
 3 SYSTEMPATH\View\View.php(216): CodeIgniter\View\View->CodeIgniter\View\{closure}()
 4 SYSTEMPATH\Common.php(1135): CodeIgniter\View\View->render('dashboard/presensi', [], true)
 5 APPPATH\Controllers\Dashboard.php(106): view('dashboard/presensi', [...])
 6 SYSTEMPATH\CodeIgniter.php(896): App\Controllers\Dashboard->presensi('FCPATH\\js', 'qrcode.js')
 7 SYSTEMPATH\CodeIgniter.php(466): CodeIgniter\CodeIgniter->runController(Object(App\Controllers\Dashboard))
 8 SYSTEMPATH\CodeIgniter.php(349): CodeIgniter\CodeIgniter->handleRequest(null, Object(Config\Cache), false)
 9 FCPATH\index.php(55): CodeIgniter\CodeIgniter->run()
10 SYSTEMPATH\Commands\Server\rewrite.php(43): require_once('FCPATH\\index.php')
CRITICAL - 2022-09-12 15:21:25 --> Trying to access array offset on value of type null
in APPPATH\Views\dashboard\presensi.php on line 35.
 1 APPPATH\Views\dashboard\presensi.php(35): CodeIgniter\Debug\Exceptions->errorHandler(8, 'Trying to access array offset on value of type null', 'APPPATH\\Views\\dashboard\\presensi.php', 35, [...])
 2 SYSTEMPATH\View\View.php(213): include('APPPATH\\Views\\dashboard\\presensi.php')
 3 SYSTEMPATH\View\View.php(216): CodeIgniter\View\View->CodeIgniter\View\{closure}()
 4 SYSTEMPATH\Common.php(1135): CodeIgniter\View\View->render('dashboard/presensi', [], true)
 5 APPPATH\Controllers\Dashboard.php(106): view('dashboard/presensi', [...])
 6 SYSTEMPATH\CodeIgniter.php(896): App\Controllers\Dashboard->presensi('FCPATH\\js', 'jsfunctions.js')
 7 SYSTEMPATH\CodeIgniter.php(466): CodeIgniter\CodeIgniter->runController(Object(App\Controllers\Dashboard))
 8 SYSTEMPATH\CodeIgniter.php(349): CodeIgniter\CodeIgniter->handleRequest(null, Object(Config\Cache), false)
 9 FCPATH\index.php(55): CodeIgniter\CodeIgniter->run()
10 SYSTEMPATH\Commands\Server\rewrite.php(43): require_once('FCPATH\\index.php')
CRITICAL - 2022-09-12 15:21:25 --> Trying to access array offset on value of type null
in APPPATH\Views\dashboard\presensi.php on line 35.
 1 APPPATH\Views\dashboard\presensi.php(35): CodeIgniter\Debug\Exceptions->errorHandler(8, 'Trying to access array offset on value of type null', 'APPPATH\\Views\\dashboard\\presensi.php', 35, [...])
 2 SYSTEMPATH\View\View.php(213): include('APPPATH\\Views\\dashboard\\presensi.php')
 3 SYSTEMPATH\View\View.php(216): CodeIgniter\View\View->CodeIgniter\View\{closure}()
 4 SYSTEMPATH\Common.php(1135): CodeIgniter\View\View->render('dashboard/presensi', [], true)
 5 APPPATH\Controllers\Dashboard.php(106): view('dashboard/presensi', [...])
 6 SYSTEMPATH\CodeIgniter.php(896): App\Controllers\Dashboard->presensi('FCPATH\\js', 'qrcode.js')
 7 SYSTEMPATH\CodeIgniter.php(466): CodeIgniter\CodeIgniter->runController(Object(App\Controllers\Dashboard))
 8 SYSTEMPATH\CodeIgniter.php(349): CodeIgniter\CodeIgniter->handleRequest(null, Object(Config\Cache), false)
 9 FCPATH\index.php(55): CodeIgniter\CodeIgniter->run()
10 SYSTEMPATH\Commands\Server\rewrite.php(43): require_once('FCPATH\\index.php')
CRITICAL - 2022-09-12 15:21:34 --> Trying to access array offset on value of type null
in APPPATH\Views\dashboard\presensi.php on line 35.
 1 APPPATH\Views\dashboard\presensi.php(35): CodeIgniter\Debug\Exceptions->errorHandler(8, 'Trying to access array offset on value of type null', 'APPPATH\\Views\\dashboard\\presensi.php', 35, [...])
 2 SYSTEMPATH\View\View.php(213): include('APPPATH\\Views\\dashboard\\presensi.php')
 3 SYSTEMPATH\View\View.php(216): CodeIgniter\View\View->CodeIgniter\View\{closure}()
 4 SYSTEMPATH\Common.php(1135): CodeIgniter\View\View->render('dashboard/presensi', [], true)
 5 APPPATH\Controllers\Dashboard.php(106): view('dashboard/presensi', [...])
 6 SYSTEMPATH\CodeIgniter.php(896): App\Controllers\Dashboard->presensi('FCPATH\\js', 'jsfunctions.js')
 7 SYSTEMPATH\CodeIgniter.php(466): CodeIgniter\CodeIgniter->runController(Object(App\Controllers\Dashboard))
 8 SYSTEMPATH\CodeIgniter.php(349): CodeIgniter\CodeIgniter->handleRequest(null, Object(Config\Cache), false)
 9 FCPATH\index.php(55): CodeIgniter\CodeIgniter->run()
10 SYSTEMPATH\Commands\Server\rewrite.php(43): require_once('FCPATH\\index.php')
CRITICAL - 2022-09-12 15:21:34 --> Trying to access array offset on value of type null
in APPPATH\Views\dashboard\presensi.php on line 35.
 1 APPPATH\Views\dashboard\presensi.php(35): CodeIgniter\Debug\Exceptions->errorHandler(8, 'Trying to access array offset on value of type null', 'APPPATH\\Views\\dashboard\\presensi.php', 35, [...])
 2 SYSTEMPATH\View\View.php(213): include('APPPATH\\Views\\dashboard\\presensi.php')
 3 SYSTEMPATH\View\View.php(216): CodeIgniter\View\View->CodeIgniter\View\{closure}()
 4 SYSTEMPATH\Common.php(1135): CodeIgniter\View\View->render('dashboard/presensi', [], true)
 5 APPPATH\Controllers\Dashboard.php(106): view('dashboard/presensi', [...])
 6 SYSTEMPATH\CodeIgniter.php(896): App\Controllers\Dashboard->presensi('FCPATH\\js', 'qrcode.js')
 7 SYSTEMPATH\CodeIgniter.php(466): CodeIgniter\CodeIgniter->runController(Object(App\Controllers\Dashboard))
 8 SYSTEMPATH\CodeIgniter.php(349): CodeIgniter\CodeIgniter->handleRequest(null, Object(Config\Cache), false)
 9 FCPATH\index.php(55): CodeIgniter\CodeIgniter->run()
10 SYSTEMPATH\Commands\Server\rewrite.php(43): require_once('FCPATH\\index.php')
CRITICAL - 2022-09-12 15:21:46 --> Trying to access array offset on value of type null
in APPPATH\Views\dashboard\presensi.php on line 35.
 1 APPPATH\Views\dashboard\presensi.php(35): CodeIgniter\Debug\Exceptions->errorHandler(8, 'Trying to access array offset on value of type null', 'APPPATH\\Views\\dashboard\\presensi.php', 35, [...])
 2 SYSTEMPATH\View\View.php(213): include('APPPATH\\Views\\dashboard\\presensi.php')
 3 SYSTEMPATH\View\View.php(216): CodeIgniter\View\View->CodeIgniter\View\{closure}()
 4 SYSTEMPATH\Common.php(1135): CodeIgniter\View\View->render('dashboard/presensi', [], true)
 5 APPPATH\Controllers\Dashboard.php(106): view('dashboard/presensi', [...])
 6 SYSTEMPATH\CodeIgniter.php(896): App\Controllers\Dashboard->presensi('FCPATH\\js', 'jsfunctions.js')
 7 SYSTEMPATH\CodeIgniter.php(466): CodeIgniter\CodeIgniter->runController(Object(App\Controllers\Dashboard))
 8 SYSTEMPATH\CodeIgniter.php(349): CodeIgniter\CodeIgniter->handleRequest(null, Object(Config\Cache), false)
 9 FCPATH\index.php(55): CodeIgniter\CodeIgniter->run()
10 SYSTEMPATH\Commands\Server\rewrite.php(43): require_once('FCPATH\\index.php')
CRITICAL - 2022-09-12 15:21:47 --> Trying to access array offset on value of type null
in APPPATH\Views\dashboard\presensi.php on line 35.
 1 APPPATH\Views\dashboard\presensi.php(35): CodeIgniter\Debug\Exceptions->errorHandler(8, 'Trying to access array offset on value of type null', 'APPPATH\\Views\\dashboard\\presensi.php', 35, [...])
 2 SYSTEMPATH\View\View.php(213): include('APPPATH\\Views\\dashboard\\presensi.php')
 3 SYSTEMPATH\View\View.php(216): CodeIgniter\View\View->CodeIgniter\View\{closure}()
 4 SYSTEMPATH\Common.php(1135): CodeIgniter\View\View->render('dashboard/presensi', [], true)
 5 APPPATH\Controllers\Dashboard.php(106): view('dashboard/presensi', [...])
 6 SYSTEMPATH\CodeIgniter.php(896): App\Controllers\Dashboard->presensi('FCPATH\\js', 'qrcode.js')
 7 SYSTEMPATH\CodeIgniter.php(466): CodeIgniter\CodeIgniter->runController(Object(App\Controllers\Dashboard))
 8 SYSTEMPATH\CodeIgniter.php(349): CodeIgniter\CodeIgniter->handleRequest(null, Object(Config\Cache), false)
 9 FCPATH\index.php(55): CodeIgniter\CodeIgniter->run()
10 SYSTEMPATH\Commands\Server\rewrite.php(43): require_once('FCPATH\\index.php')
CRITICAL - 2022-09-12 15:21:54 --> Trying to access array offset on value of type null
in APPPATH\Views\dashboard\presensi.php on line 35.
 1 APPPATH\Views\dashboard\presensi.php(35): CodeIgniter\Debug\Exceptions->errorHandler(8, 'Trying to access array offset on value of type null', 'APPPATH\\Views\\dashboard\\presensi.php', 35, [...])
 2 SYSTEMPATH\View\View.php(213): include('APPPATH\\Views\\dashboard\\presensi.php')
 3 SYSTEMPATH\View\View.php(216): CodeIgniter\View\View->CodeIgniter\View\{closure}()
 4 SYSTEMPATH\Common.php(1135): CodeIgniter\View\View->render('dashboard/presensi', [], true)
 5 APPPATH\Controllers\Dashboard.php(106): view('dashboard/presensi', [...])
 6 SYSTEMPATH\CodeIgniter.php(896): App\Controllers\Dashboard->presensi('FCPATH\\js', 'jsfunctions.js')
 7 SYSTEMPATH\CodeIgniter.php(466): CodeIgniter\CodeIgniter->runController(Object(App\Controllers\Dashboard))
 8 SYSTEMPATH\CodeIgniter.php(349): CodeIgniter\CodeIgniter->handleRequest(null, Object(Config\Cache), false)
 9 FCPATH\index.php(55): CodeIgniter\CodeIgniter->run()
10 SYSTEMPATH\Commands\Server\rewrite.php(43): require_once('FCPATH\\index.php')
CRITICAL - 2022-09-12 15:21:54 --> Trying to access array offset on value of type null
in APPPATH\Views\dashboard\presensi.php on line 35.
 1 APPPATH\Views\dashboard\presensi.php(35): CodeIgniter\Debug\Exceptions->errorHandler(8, 'Trying to access array offset on value of type null', 'APPPATH\\Views\\dashboard\\presensi.php', 35, [...])
 2 SYSTEMPATH\View\View.php(213): include('APPPATH\\Views\\dashboard\\presensi.php')
 3 SYSTEMPATH\View\View.php(216): CodeIgniter\View\View->CodeIgniter\View\{closure}()
 4 SYSTEMPATH\Common.php(1135): CodeIgniter\View\View->render('dashboard/presensi', [], true)
 5 APPPATH\Controllers\Dashboard.php(106): view('dashboard/presensi', [...])
 6 SYSTEMPATH\CodeIgniter.php(896): App\Controllers\Dashboard->presensi('FCPATH\\js', 'qrcode.js')
 7 SYSTEMPATH\CodeIgniter.php(466): CodeIgniter\CodeIgniter->runController(Object(App\Controllers\Dashboard))
 8 SYSTEMPATH\CodeIgniter.php(349): CodeIgniter\CodeIgniter->handleRequest(null, Object(Config\Cache), false)
 9 FCPATH\index.php(55): CodeIgniter\CodeIgniter->run()
10 SYSTEMPATH\Commands\Server\rewrite.php(43): require_once('FCPATH\\index.php')
CRITICAL - 2022-09-12 15:22:13 --> Trying to access array offset on value of type null
in APPPATH\Views\dashboard\presensi.php on line 35.
 1 APPPATH\Views\dashboard\presensi.php(35): CodeIgniter\Debug\Exceptions->errorHandler(8, 'Trying to access array offset on value of type null', 'APPPATH\\Views\\dashboard\\presensi.php', 35, [...])
 2 SYSTEMPATH\View\View.php(213): include('APPPATH\\Views\\dashboard\\presensi.php')
 3 SYSTEMPATH\View\View.php(216): CodeIgniter\View\View->CodeIgniter\View\{closure}()
 4 SYSTEMPATH\Common.php(1135): CodeIgniter\View\View->render('dashboard/presensi', [], true)
 5 APPPATH\Controllers\Dashboard.php(106): view('dashboard/presensi', [...])
 6 SYSTEMPATH\CodeIgniter.php(896): App\Controllers\Dashboard->presensi('FCPATH\\js', 'jsfunctions.js')
 7 SYSTEMPATH\CodeIgniter.php(466): CodeIgniter\CodeIgniter->runController(Object(App\Controllers\Dashboard))
 8 SYSTEMPATH\CodeIgniter.php(349): CodeIgniter\CodeIgniter->handleRequest(null, Object(Config\Cache), false)
 9 FCPATH\index.php(55): CodeIgniter\CodeIgniter->run()
10 SYSTEMPATH\Commands\Server\rewrite.php(43): require_once('FCPATH\\index.php')
CRITICAL - 2022-09-12 15:22:13 --> Trying to access array offset on value of type null
in APPPATH\Views\dashboard\presensi.php on line 35.
 1 APPPATH\Views\dashboard\presensi.php(35): CodeIgniter\Debug\Exceptions->errorHandler(8, 'Trying to access array offset on value of type null', 'APPPATH\\Views\\dashboard\\presensi.php', 35, [...])
 2 SYSTEMPATH\View\View.php(213): include('APPPATH\\Views\\dashboard\\presensi.php')
 3 SYSTEMPATH\View\View.php(216): CodeIgniter\View\View->CodeIgniter\View\{closure}()
 4 SYSTEMPATH\Common.php(1135): CodeIgniter\View\View->render('dashboard/presensi', [], true)
 5 APPPATH\Controllers\Dashboard.php(106): view('dashboard/presensi', [...])
 6 SYSTEMPATH\CodeIgniter.php(896): App\Controllers\Dashboard->presensi('FCPATH\\js', 'qrcode.js')
 7 SYSTEMPATH\CodeIgniter.php(466): CodeIgniter\CodeIgniter->runController(Object(App\Controllers\Dashboard))
 8 SYSTEMPATH\CodeIgniter.php(349): CodeIgniter\CodeIgniter->handleRequest(null, Object(Config\Cache), false)
 9 FCPATH\index.php(55): CodeIgniter\CodeIgniter->run()
10 SYSTEMPATH\Commands\Server\rewrite.php(43): require_once('FCPATH\\index.php')
CRITICAL - 2022-09-12 15:22:22 --> Trying to access array offset on value of type null
in APPPATH\Views\dashboard\presensi.php on line 35.
 1 APPPATH\Views\dashboard\presensi.php(35): CodeIgniter\Debug\Exceptions->errorHandler(8, 'Trying to access array offset on value of type null', 'APPPATH\\Views\\dashboard\\presensi.php', 35, [...])
 2 SYSTEMPATH\View\View.php(213): include('APPPATH\\Views\\dashboard\\presensi.php')
 3 SYSTEMPATH\View\View.php(216): CodeIgniter\View\View->CodeIgniter\View\{closure}()
 4 SYSTEMPATH\Common.php(1135): CodeIgniter\View\View->render('dashboard/presensi', [], true)
 5 APPPATH\Controllers\Dashboard.php(106): view('dashboard/presensi', [...])
 6 SYSTEMPATH\CodeIgniter.php(896): App\Controllers\Dashboard->presensi('FCPATH\\js', 'jsfunctions.js')
 7 SYSTEMPATH\CodeIgniter.php(466): CodeIgniter\CodeIgniter->runController(Object(App\Controllers\Dashboard))
 8 SYSTEMPATH\CodeIgniter.php(349): CodeIgniter\CodeIgniter->handleRequest(null, Object(Config\Cache), false)
 9 FCPATH\index.php(55): CodeIgniter\CodeIgniter->run()
10 SYSTEMPATH\Commands\Server\rewrite.php(43): require_once('FCPATH\\index.php')
CRITICAL - 2022-09-12 15:22:22 --> Trying to access array offset on value of type null
in APPPATH\Views\dashboard\presensi.php on line 35.
 1 APPPATH\Views\dashboard\presensi.php(35): CodeIgniter\Debug\Exceptions->errorHandler(8, 'Trying to access array offset on value of type null', 'APPPATH\\Views\\dashboard\\presensi.php', 35, [...])
 2 SYSTEMPATH\View\View.php(213): include('APPPATH\\Views\\dashboard\\presensi.php')
 3 SYSTEMPATH\View\View.php(216): CodeIgniter\View\View->CodeIgniter\View\{closure}()
 4 SYSTEMPATH\Common.php(1135): CodeIgniter\View\View->render('dashboard/presensi', [], true)
 5 APPPATH\Controllers\Dashboard.php(106): view('dashboard/presensi', [...])
 6 SYSTEMPATH\CodeIgniter.php(896): App\Controllers\Dashboard->presensi('FCPATH\\js', 'qrcode.js')
 7 SYSTEMPATH\CodeIgniter.php(466): CodeIgniter\CodeIgniter->runController(Object(App\Controllers\Dashboard))
 8 SYSTEMPATH\CodeIgniter.php(349): CodeIgniter\CodeIgniter->handleRequest(null, Object(Config\Cache), false)
 9 FCPATH\index.php(55): CodeIgniter\CodeIgniter->run()
10 SYSTEMPATH\Commands\Server\rewrite.php(43): require_once('FCPATH\\index.php')
CRITICAL - 2022-09-12 15:22:54 --> Trying to access array offset on value of type null
in APPPATH\Views\dashboard\presensi.php on line 35.
 1 APPPATH\Views\dashboard\presensi.php(35): CodeIgniter\Debug\Exceptions->errorHandler(8, 'Trying to access array offset on value of type null', 'APPPATH\\Views\\dashboard\\presensi.php', 35, [...])
 2 SYSTEMPATH\View\View.php(213): include('APPPATH\\Views\\dashboard\\presensi.php')
 3 SYSTEMPATH\View\View.php(216): CodeIgniter\View\View->CodeIgniter\View\{closure}()
 4 SYSTEMPATH\Common.php(1135): CodeIgniter\View\View->render('dashboard/presensi', [], true)
 5 APPPATH\Controllers\Dashboard.php(106): view('dashboard/presensi', [...])
 6 SYSTEMPATH\CodeIgniter.php(896): App\Controllers\Dashboard->presensi('FCPATH\\js', 'jsfunctions.js')
 7 SYSTEMPATH\CodeIgniter.php(466): CodeIgniter\CodeIgniter->runController(Object(App\Controllers\Dashboard))
 8 SYSTEMPATH\CodeIgniter.php(349): CodeIgniter\CodeIgniter->handleRequest(null, Object(Config\Cache), false)
 9 FCPATH\index.php(55): CodeIgniter\CodeIgniter->run()
10 SYSTEMPATH\Commands\Server\rewrite.php(43): require_once('FCPATH\\index.php')
CRITICAL - 2022-09-12 15:22:54 --> Trying to access array offset on value of type null
in APPPATH\Views\dashboard\presensi.php on line 35.
 1 APPPATH\Views\dashboard\presensi.php(35): CodeIgniter\Debug\Exceptions->errorHandler(8, 'Trying to access array offset on value of type null', 'APPPATH\\Views\\dashboard\\presensi.php', 35, [...])
 2 SYSTEMPATH\View\View.php(213): include('APPPATH\\Views\\dashboard\\presensi.php')
 3 SYSTEMPATH\View\View.php(216): CodeIgniter\View\View->CodeIgniter\View\{closure}()
 4 SYSTEMPATH\Common.php(1135): CodeIgniter\View\View->render('dashboard/presensi', [], true)
 5 APPPATH\Controllers\Dashboard.php(106): view('dashboard/presensi', [...])
 6 SYSTEMPATH\CodeIgniter.php(896): App\Controllers\Dashboard->presensi('FCPATH\\js', 'qrcode.js')
 7 SYSTEMPATH\CodeIgniter.php(466): CodeIgniter\CodeIgniter->runController(Object(App\Controllers\Dashboard))
 8 SYSTEMPATH\CodeIgniter.php(349): CodeIgniter\CodeIgniter->handleRequest(null, Object(Config\Cache), false)
 9 FCPATH\index.php(55): CodeIgniter\CodeIgniter->run()
10 SYSTEMPATH\Commands\Server\rewrite.php(43): require_once('FCPATH\\index.php')
CRITICAL - 2022-09-12 15:23:13 --> Trying to access array offset on value of type null
in APPPATH\Views\dashboard\presensi.php on line 35.
 1 APPPATH\Views\dashboard\presensi.php(35): CodeIgniter\Debug\Exceptions->errorHandler(8, 'Trying to access array offset on value of type null', 'APPPATH\\Views\\dashboard\\presensi.php', 35, [...])
 2 SYSTEMPATH\View\View.php(213): include('APPPATH\\Views\\dashboard\\presensi.php')
 3 SYSTEMPATH\View\View.php(216): CodeIgniter\View\View->CodeIgniter\View\{closure}()
 4 SYSTEMPATH\Common.php(1135): CodeIgniter\View\View->render('dashboard/presensi', [], true)
 5 APPPATH\Controllers\Dashboard.php(106): view('dashboard/presensi', [...])
 6 SYSTEMPATH\CodeIgniter.php(896): App\Controllers\Dashboard->presensi('FCPATH\\js', 'jsfunctions.js')
 7 SYSTEMPATH\CodeIgniter.php(466): CodeIgniter\CodeIgniter->runController(Object(App\Controllers\Dashboard))
 8 SYSTEMPATH\CodeIgniter.php(349): CodeIgniter\CodeIgniter->handleRequest(null, Object(Config\Cache), false)
 9 FCPATH\index.php(55): CodeIgniter\CodeIgniter->run()
10 SYSTEMPATH\Commands\Server\rewrite.php(43): require_once('FCPATH\\index.php')
CRITICAL - 2022-09-12 15:23:13 --> Trying to access array offset on value of type null
in APPPATH\Views\dashboard\presensi.php on line 35.
 1 APPPATH\Views\dashboard\presensi.php(35): CodeIgniter\Debug\Exceptions->errorHandler(8, 'Trying to access array offset on value of type null', 'APPPATH\\Views\\dashboard\\presensi.php', 35, [...])
 2 SYSTEMPATH\View\View.php(213): include('APPPATH\\Views\\dashboard\\presensi.php')
 3 SYSTEMPATH\View\View.php(216): CodeIgniter\View\View->CodeIgniter\View\{closure}()
 4 SYSTEMPATH\Common.php(1135): CodeIgniter\View\View->render('dashboard/presensi', [], true)
 5 APPPATH\Controllers\Dashboard.php(106): view('dashboard/presensi', [...])
 6 SYSTEMPATH\CodeIgniter.php(896): App\Controllers\Dashboard->presensi('FCPATH\\js', 'qrcode.js')
 7 SYSTEMPATH\CodeIgniter.php(466): CodeIgniter\CodeIgniter->runController(Object(App\Controllers\Dashboard))
 8 SYSTEMPATH\CodeIgniter.php(349): CodeIgniter\CodeIgniter->handleRequest(null, Object(Config\Cache), false)
 9 FCPATH\index.php(55): CodeIgniter\CodeIgniter->run()
10 SYSTEMPATH\Commands\Server\rewrite.php(43): require_once('FCPATH\\index.php')
CRITICAL - 2022-09-12 15:23:43 --> Trying to access array offset on value of type null
in APPPATH\Views\dashboard\presensi.php on line 35.
 1 APPPATH\Views\dashboard\presensi.php(35): CodeIgniter\Debug\Exceptions->errorHandler(8, 'Trying to access array offset on value of type null', 'APPPATH\\Views\\dashboard\\presensi.php', 35, [...])
 2 SYSTEMPATH\View\View.php(213): include('APPPATH\\Views\\dashboard\\presensi.php')
 3 SYSTEMPATH\View\View.php(216): CodeIgniter\View\View->CodeIgniter\View\{closure}()
 4 SYSTEMPATH\Common.php(1135): CodeIgniter\View\View->render('dashboard/presensi', [], true)
 5 APPPATH\Controllers\Dashboard.php(106): view('dashboard/presensi', [...])
 6 SYSTEMPATH\CodeIgniter.php(896): App\Controllers\Dashboard->presensi('FCPATH\\js', 'jsfunctions.js')
 7 SYSTEMPATH\CodeIgniter.php(466): CodeIgniter\CodeIgniter->runController(Object(App\Controllers\Dashboard))
 8 SYSTEMPATH\CodeIgniter.php(349): CodeIgniter\CodeIgniter->handleRequest(null, Object(Config\Cache), false)
 9 FCPATH\index.php(55): CodeIgniter\CodeIgniter->run()
10 SYSTEMPATH\Commands\Server\rewrite.php(43): require_once('FCPATH\\index.php')
CRITICAL - 2022-09-12 15:23:43 --> Trying to access array offset on value of type null
in APPPATH\Views\dashboard\presensi.php on line 35.
 1 APPPATH\Views\dashboard\presensi.php(35): CodeIgniter\Debug\Exceptions->errorHandler(8, 'Trying to access array offset on value of type null', 'APPPATH\\Views\\dashboard\\presensi.php', 35, [...])
 2 SYSTEMPATH\View\View.php(213): include('APPPATH\\Views\\dashboard\\presensi.php')
 3 SYSTEMPATH\View\View.php(216): CodeIgniter\View\View->CodeIgniter\View\{closure}()
 4 SYSTEMPATH\Common.php(1135): CodeIgniter\View\View->render('dashboard/presensi', [], true)
 5 APPPATH\Controllers\Dashboard.php(106): view('dashboard/presensi', [...])
 6 SYSTEMPATH\CodeIgniter.php(896): App\Controllers\Dashboard->presensi('FCPATH\\js', 'qrcode.js')
 7 SYSTEMPATH\CodeIgniter.php(466): CodeIgniter\CodeIgniter->runController(Object(App\Controllers\Dashboard))
 8 SYSTEMPATH\CodeIgniter.php(349): CodeIgniter\CodeIgniter->handleRequest(null, Object(Config\Cache), false)
 9 FCPATH\index.php(55): CodeIgniter\CodeIgniter->run()
10 SYSTEMPATH\Commands\Server\rewrite.php(43): require_once('FCPATH\\index.php')
CRITICAL - 2022-09-12 15:40:58 --> Trying to access array offset on value of type null
in APPPATH\Views\dashboard\presensi.php on line 35.
 1 APPPATH\Views\dashboard\presensi.php(35): CodeIgniter\Debug\Exceptions->errorHandler(8, 'Trying to access array offset on value of type null', 'APPPATH\\Views\\dashboard\\presensi.php', 35, [...])
 2 SYSTEMPATH\View\View.php(213): include('APPPATH\\Views\\dashboard\\presensi.php')
 3 SYSTEMPATH\View\View.php(216): CodeIgniter\View\View->CodeIgniter\View\{closure}()
 4 SYSTEMPATH\Common.php(1135): CodeIgniter\View\View->render('dashboard/presensi', [], true)
 5 APPPATH\Controllers\Dashboard.php(106): view('dashboard/presensi', [...])
 6 SYSTEMPATH\CodeIgniter.php(896): App\Controllers\Dashboard->presensi('FCPATH\\js', 'jsfunctions.js')
 7 SYSTEMPATH\CodeIgniter.php(466): CodeIgniter\CodeIgniter->runController(Object(App\Controllers\Dashboard))
 8 SYSTEMPATH\CodeIgniter.php(349): CodeIgniter\CodeIgniter->handleRequest(null, Object(Config\Cache), false)
 9 FCPATH\index.php(55): CodeIgniter\CodeIgniter->run()
10 SYSTEMPATH\Commands\Server\rewrite.php(43): require_once('FCPATH\\index.php')
CRITICAL - 2022-09-12 15:40:58 --> Trying to access array offset on value of type null
in APPPATH\Views\dashboard\presensi.php on line 35.
 1 APPPATH\Views\dashboard\presensi.php(35): CodeIgniter\Debug\Exceptions->errorHandler(8, 'Trying to access array offset on value of type null', 'APPPATH\\Views\\dashboard\\presensi.php', 35, [...])
 2 SYSTEMPATH\View\View.php(213): include('APPPATH\\Views\\dashboard\\presensi.php')
 3 SYSTEMPATH\View\View.php(216): CodeIgniter\View\View->CodeIgniter\View\{closure}()
 4 SYSTEMPATH\Common.php(1135): CodeIgniter\View\View->render('dashboard/presensi', [], true)
 5 APPPATH\Controllers\Dashboard.php(106): view('dashboard/presensi', [...])
 6 SYSTEMPATH\CodeIgniter.php(896): App\Controllers\Dashboard->presensi('FCPATH\\js', 'qrcode.js')
 7 SYSTEMPATH\CodeIgniter.php(466): CodeIgniter\CodeIgniter->runController(Object(App\Controllers\Dashboard))
 8 SYSTEMPATH\CodeIgniter.php(349): CodeIgniter\CodeIgniter->handleRequest(null, Object(Config\Cache), false)
 9 FCPATH\index.php(55): CodeIgniter\CodeIgniter->run()
10 SYSTEMPATH\Commands\Server\rewrite.php(43): require_once('FCPATH\\index.php')
CRITICAL - 2022-09-12 15:45:45 --> Trying to access array offset on value of type null
in APPPATH\Views\dashboard\presensi.php on line 6.
 1 APPPATH\Views\dashboard\presensi.php(6): CodeIgniter\Debug\Exceptions->errorHandler(8, 'Trying to access array offset on value of type null', 'APPPATH\\Views\\dashboard\\presensi.php', 6, [...])
 2 SYSTEMPATH\View\View.php(213): include('APPPATH\\Views\\dashboard\\presensi.php')
 3 SYSTEMPATH\View\View.php(216): CodeIgniter\View\View->CodeIgniter\View\{closure}()
 4 SYSTEMPATH\Common.php(1135): CodeIgniter\View\View->render('dashboard/presensi', [], true)
 5 APPPATH\Controllers\Dashboard.php(106): view('dashboard/presensi', [...])
 6 SYSTEMPATH\CodeIgniter.php(896): App\Controllers\Dashboard->presensi('FCPATH\\js', 'jsfunctions.js')
 7 SYSTEMPATH\CodeIgniter.php(466): CodeIgniter\CodeIgniter->runController(Object(App\Controllers\Dashboard))
 8 SYSTEMPATH\CodeIgniter.php(349): CodeIgniter\CodeIgniter->handleRequest(null, Object(Config\Cache), false)
 9 FCPATH\index.php(55): CodeIgniter\CodeIgniter->run()
10 SYSTEMPATH\Commands\Server\rewrite.php(43): require_once('FCPATH\\index.php')
CRITICAL - 2022-09-12 15:45:46 --> Trying to access array offset on value of type null
in APPPATH\Views\dashboard\presensi.php on line 6.
 1 APPPATH\Views\dashboard\presensi.php(6): CodeIgniter\Debug\Exceptions->errorHandler(8, 'Trying to access array offset on value of type null', 'APPPATH\\Views\\dashboard\\presensi.php', 6, [...])
 2 SYSTEMPATH\View\View.php(213): include('APPPATH\\Views\\dashboard\\presensi.php')
 3 SYSTEMPATH\View\View.php(216): CodeIgniter\View\View->CodeIgniter\View\{closure}()
 4 SYSTEMPATH\Common.php(1135): CodeIgniter\View\View->render('dashboard/presensi', [], true)
 5 APPPATH\Controllers\Dashboard.php(106): view('dashboard/presensi', [...])
 6 SYSTEMPATH\CodeIgniter.php(896): App\Controllers\Dashboard->presensi('FCPATH\\js', 'qrcode.js')
 7 SYSTEMPATH\CodeIgniter.php(466): CodeIgniter\CodeIgniter->runController(Object(App\Controllers\Dashboard))
 8 SYSTEMPATH\CodeIgniter.php(349): CodeIgniter\CodeIgniter->handleRequest(null, Object(Config\Cache), false)
 9 FCPATH\index.php(55): CodeIgniter\CodeIgniter->run()
10 SYSTEMPATH\Commands\Server\rewrite.php(43): require_once('FCPATH\\index.php')
CRITICAL - 2022-09-12 15:46:33 --> Trying to access array offset on value of type null
in APPPATH\Views\dashboard\presensi.php on line 6.
 1 APPPATH\Views\dashboard\presensi.php(6): CodeIgniter\Debug\Exceptions->errorHandler(8, 'Trying to access array offset on value of type null', 'APPPATH\\Views\\dashboard\\presensi.php', 6, [...])
 2 SYSTEMPATH\View\View.php(213): include('APPPATH\\Views\\dashboard\\presensi.php')
 3 SYSTEMPATH\View\View.php(216): CodeIgniter\View\View->CodeIgniter\View\{closure}()
 4 SYSTEMPATH\Common.php(1135): CodeIgniter\View\View->render('dashboard/presensi', [], true)
 5 APPPATH\Controllers\Dashboard.php(106): view('dashboard/presensi', [...])
 6 SYSTEMPATH\CodeIgniter.php(896): App\Controllers\Dashboard->presensi('FCPATH\\js', 'jsfunctions.js')
 7 SYSTEMPATH\CodeIgniter.php(466): CodeIgniter\CodeIgniter->runController(Object(App\Controllers\Dashboard))
 8 SYSTEMPATH\CodeIgniter.php(349): CodeIgniter\CodeIgniter->handleRequest(null, Object(Config\Cache), false)
 9 FCPATH\index.php(55): CodeIgniter\CodeIgniter->run()
10 SYSTEMPATH\Commands\Server\rewrite.php(43): require_once('FCPATH\\index.php')
CRITICAL - 2022-09-12 15:46:33 --> Trying to access array offset on value of type null
in APPPATH\Views\dashboard\presensi.php on line 6.
 1 APPPATH\Views\dashboard\presensi.php(6): CodeIgniter\Debug\Exceptions->errorHandler(8, 'Trying to access array offset on value of type null', 'APPPATH\\Views\\dashboard\\presensi.php', 6, [...])
 2 SYSTEMPATH\View\View.php(213): include('APPPATH\\Views\\dashboard\\presensi.php')
 3 SYSTEMPATH\View\View.php(216): CodeIgniter\View\View->CodeIgniter\View\{closure}()
 4 SYSTEMPATH\Common.php(1135): CodeIgniter\View\View->render('dashboard/presensi', [], true)
 5 APPPATH\Controllers\Dashboard.php(106): view('dashboard/presensi', [...])
 6 SYSTEMPATH\CodeIgniter.php(896): App\Controllers\Dashboard->presensi('FCPATH\\js', 'qrcode.js')
 7 SYSTEMPATH\CodeIgniter.php(466): CodeIgniter\CodeIgniter->runController(Object(App\Controllers\Dashboard))
 8 SYSTEMPATH\CodeIgniter.php(349): CodeIgniter\CodeIgniter->handleRequest(null, Object(Config\Cache), false)
 9 FCPATH\index.php(55): CodeIgniter\CodeIgniter->run()
10 SYSTEMPATH\Commands\Server\rewrite.php(43): require_once('FCPATH\\index.php')
CRITICAL - 2022-09-12 15:49:04 --> Object of class DateTime could not be converted to number
in APPPATH\Views\dashboard\presensi.php on line 56.
 1 APPPATH\Views\dashboard\presensi.php(56): CodeIgniter\Debug\Exceptions->errorHandler(8, 'Object of class DateTime could not be converted to number', 'APPPATH\\Views\\dashboard\\presensi.php', 56, [...])
 2 SYSTEMPATH\View\View.php(213): include('APPPATH\\Views\\dashboard\\presensi.php')
 3 SYSTEMPATH\View\View.php(216): CodeIgniter\View\View->CodeIgniter\View\{closure}()
 4 SYSTEMPATH\Common.php(1135): CodeIgniter\View\View->render('dashboard/presensi', [], true)
 5 APPPATH\Controllers\Dashboard.php(106): view('dashboard/presensi', [...])
 6 SYSTEMPATH\CodeIgniter.php(896): App\Controllers\Dashboard->presensi('2871')
 7 SYSTEMPATH\CodeIgniter.php(466): CodeIgniter\CodeIgniter->runController(Object(App\Controllers\Dashboard))
 8 SYSTEMPATH\CodeIgniter.php(349): CodeIgniter\CodeIgniter->handleRequest(null, Object(Config\Cache), false)
 9 FCPATH\index.php(55): CodeIgniter\CodeIgniter->run()
10 SYSTEMPATH\Commands\Server\rewrite.php(43): require_once('FCPATH\\index.php')
CRITICAL - 2022-09-12 15:50:18 --> Trying to access array offset on value of type null
in APPPATH\Views\dashboard\presensi.php on line 6.
 1 APPPATH\Views\dashboard\presensi.php(6): CodeIgniter\Debug\Exceptions->errorHandler(8, 'Trying to access array offset on value of type null', 'APPPATH\\Views\\dashboard\\presensi.php', 6, [...])
 2 SYSTEMPATH\View\View.php(213): include('APPPATH\\Views\\dashboard\\presensi.php')
 3 SYSTEMPATH\View\View.php(216): CodeIgniter\View\View->CodeIgniter\View\{closure}()
 4 SYSTEMPATH\Common.php(1135): CodeIgniter\View\View->render('dashboard/presensi', [], true)
 5 APPPATH\Controllers\Dashboard.php(106): view('dashboard/presensi', [...])
 6 SYSTEMPATH\CodeIgniter.php(896): App\Controllers\Dashboard->presensi('FCPATH\\js', 'jsfunctions.js')
 7 SYSTEMPATH\CodeIgniter.php(466): CodeIgniter\CodeIgniter->runController(Object(App\Controllers\Dashboard))
 8 SYSTEMPATH\CodeIgniter.php(349): CodeIgniter\CodeIgniter->handleRequest(null, Object(Config\Cache), false)
 9 FCPATH\index.php(55): CodeIgniter\CodeIgniter->run()
10 SYSTEMPATH\Commands\Server\rewrite.php(43): require_once('FCPATH\\index.php')
CRITICAL - 2022-09-12 15:50:18 --> Trying to access array offset on value of type null
in APPPATH\Views\dashboard\presensi.php on line 6.
 1 APPPATH\Views\dashboard\presensi.php(6): CodeIgniter\Debug\Exceptions->errorHandler(8, 'Trying to access array offset on value of type null', 'APPPATH\\Views\\dashboard\\presensi.php', 6, [...])
 2 SYSTEMPATH\View\View.php(213): include('APPPATH\\Views\\dashboard\\presensi.php')
 3 SYSTEMPATH\View\View.php(216): CodeIgniter\View\View->CodeIgniter\View\{closure}()
 4 SYSTEMPATH\Common.php(1135): CodeIgniter\View\View->render('dashboard/presensi', [], true)
 5 APPPATH\Controllers\Dashboard.php(106): view('dashboard/presensi', [...])
 6 SYSTEMPATH\CodeIgniter.php(896): App\Controllers\Dashboard->presensi('FCPATH\\js', 'qrcode.js')
 7 SYSTEMPATH\CodeIgniter.php(466): CodeIgniter\CodeIgniter->runController(Object(App\Controllers\Dashboard))
 8 SYSTEMPATH\CodeIgniter.php(349): CodeIgniter\CodeIgniter->handleRequest(null, Object(Config\Cache), false)
 9 FCPATH\index.php(55): CodeIgniter\CodeIgniter->run()
10 SYSTEMPATH\Commands\Server\rewrite.php(43): require_once('FCPATH\\index.php')
CRITICAL - 2022-09-12 15:50:26 --> Trying to access array offset on value of type null
in APPPATH\Views\dashboard\presensi.php on line 6.
 1 APPPATH\Views\dashboard\presensi.php(6): CodeIgniter\Debug\Exceptions->errorHandler(8, 'Trying to access array offset on value of type null', 'APPPATH\\Views\\dashboard\\presensi.php', 6, [...])
 2 SYSTEMPATH\View\View.php(213): include('APPPATH\\Views\\dashboard\\presensi.php')
 3 SYSTEMPATH\View\View.php(216): CodeIgniter\View\View->CodeIgniter\View\{closure}()
 4 SYSTEMPATH\Common.php(1135): CodeIgniter\View\View->render('dashboard/presensi', [], true)
 5 APPPATH\Controllers\Dashboard.php(106): view('dashboard/presensi', [...])
 6 SYSTEMPATH\CodeIgniter.php(896): App\Controllers\Dashboard->presensi('FCPATH\\js', 'jsfunctions.js')
 7 SYSTEMPATH\CodeIgniter.php(466): CodeIgniter\CodeIgniter->runController(Object(App\Controllers\Dashboard))
 8 SYSTEMPATH\CodeIgniter.php(349): CodeIgniter\CodeIgniter->handleRequest(null, Object(Config\Cache), false)
 9 FCPATH\index.php(55): CodeIgniter\CodeIgniter->run()
10 SYSTEMPATH\Commands\Server\rewrite.php(43): require_once('FCPATH\\index.php')
CRITICAL - 2022-09-12 15:50:26 --> Trying to access array offset on value of type null
in APPPATH\Views\dashboard\presensi.php on line 6.
 1 APPPATH\Views\dashboard\presensi.php(6): CodeIgniter\Debug\Exceptions->errorHandler(8, 'Trying to access array offset on value of type null', 'APPPATH\\Views\\dashboard\\presensi.php', 6, [...])
 2 SYSTEMPATH\View\View.php(213): include('APPPATH\\Views\\dashboard\\presensi.php')
 3 SYSTEMPATH\View\View.php(216): CodeIgniter\View\View->CodeIgniter\View\{closure}()
 4 SYSTEMPATH\Common.php(1135): CodeIgniter\View\View->render('dashboard/presensi', [], true)
 5 APPPATH\Controllers\Dashboard.php(106): view('dashboard/presensi', [...])
 6 SYSTEMPATH\CodeIgniter.php(896): App\Controllers\Dashboard->presensi('FCPATH\\js', 'qrcode.js')
 7 SYSTEMPATH\CodeIgniter.php(466): CodeIgniter\CodeIgniter->runController(Object(App\Controllers\Dashboard))
 8 SYSTEMPATH\CodeIgniter.php(349): CodeIgniter\CodeIgniter->handleRequest(null, Object(Config\Cache), false)
 9 FCPATH\index.php(55): CodeIgniter\CodeIgniter->run()
10 SYSTEMPATH\Commands\Server\rewrite.php(43): require_once('FCPATH\\index.php')
CRITICAL - 2022-09-12 15:51:22 --> Unparenthesized `a ? b : c ? d : e` is deprecated. Use either `(a ? b : c) ? d : e` or `a ? b : (c ? d : e)`
in APPPATH\Views\dashboard\presensi.php on line 56.
 1 SYSTEMPATH\View\View.php(213): CodeIgniter\Debug\Exceptions->errorHandler(8192, 'Unparenthesized `a ? b : c ? d : e` is deprecated. Use either `(a ? b : c) ? d : e` or `a ? b : (c ? d : e)`', 'APPPATH\\Views\\dashboard\\presensi.php', 56, [...])
 2 SYSTEMPATH\View\View.php(213): include()
 3 SYSTEMPATH\View\View.php(216): CodeIgniter\View\View->CodeIgniter\View\{closure}()
 4 SYSTEMPATH\Common.php(1135): CodeIgniter\View\View->render('dashboard/presensi', [], true)
 5 APPPATH\Controllers\Dashboard.php(106): view('dashboard/presensi', [...])
 6 SYSTEMPATH\CodeIgniter.php(896): App\Controllers\Dashboard->presensi('2871')
 7 SYSTEMPATH\CodeIgniter.php(466): CodeIgniter\CodeIgniter->runController(Object(App\Controllers\Dashboard))
 8 SYSTEMPATH\CodeIgniter.php(349): CodeIgniter\CodeIgniter->handleRequest(null, Object(Config\Cache), false)
 9 FCPATH\index.php(55): CodeIgniter\CodeIgniter->run()
10 SYSTEMPATH\Commands\Server\rewrite.php(43): require_once('FCPATH\\index.php')
CRITICAL - 2022-09-12 15:53:04 --> Trying to access array offset on value of type null
in APPPATH\Views\dashboard\presensi.php on line 6.
 1 APPPATH\Views\dashboard\presensi.php(6): CodeIgniter\Debug\Exceptions->errorHandler(8, 'Trying to access array offset on value of type null', 'APPPATH\\Views\\dashboard\\presensi.php', 6, [...])
 2 SYSTEMPATH\View\View.php(213): include('APPPATH\\Views\\dashboard\\presensi.php')
 3 SYSTEMPATH\View\View.php(216): CodeIgniter\View\View->CodeIgniter\View\{closure}()
 4 SYSTEMPATH\Common.php(1135): CodeIgniter\View\View->render('dashboard/presensi', [], true)
 5 APPPATH\Controllers\Dashboard.php(106): view('dashboard/presensi', [...])
 6 SYSTEMPATH\CodeIgniter.php(896): App\Controllers\Dashboard->presensi('FCPATH\\js', 'jsfunctions.js')
 7 SYSTEMPATH\CodeIgniter.php(466): CodeIgniter\CodeIgniter->runController(Object(App\Controllers\Dashboard))
 8 SYSTEMPATH\CodeIgniter.php(349): CodeIgniter\CodeIgniter->handleRequest(null, Object(Config\Cache), false)
 9 FCPATH\index.php(55): CodeIgniter\CodeIgniter->run()
10 SYSTEMPATH\Commands\Server\rewrite.php(43): require_once('FCPATH\\index.php')
CRITICAL - 2022-09-12 15:53:04 --> Trying to access array offset on value of type null
in APPPATH\Views\dashboard\presensi.php on line 6.
 1 APPPATH\Views\dashboard\presensi.php(6): CodeIgniter\Debug\Exceptions->errorHandler(8, 'Trying to access array offset on value of type null', 'APPPATH\\Views\\dashboard\\presensi.php', 6, [...])
 2 SYSTEMPATH\View\View.php(213): include('APPPATH\\Views\\dashboard\\presensi.php')
 3 SYSTEMPATH\View\View.php(216): CodeIgniter\View\View->CodeIgniter\View\{closure}()
 4 SYSTEMPATH\Common.php(1135): CodeIgniter\View\View->render('dashboard/presensi', [], true)
 5 APPPATH\Controllers\Dashboard.php(106): view('dashboard/presensi', [...])
 6 SYSTEMPATH\CodeIgniter.php(896): App\Controllers\Dashboard->presensi('FCPATH\\js', 'qrcode.js')
 7 SYSTEMPATH\CodeIgniter.php(466): CodeIgniter\CodeIgniter->runController(Object(App\Controllers\Dashboard))
 8 SYSTEMPATH\CodeIgniter.php(349): CodeIgniter\CodeIgniter->handleRequest(null, Object(Config\Cache), false)
 9 FCPATH\index.php(55): CodeIgniter\CodeIgniter->run()
10 SYSTEMPATH\Commands\Server\rewrite.php(43): require_once('FCPATH\\index.php')
CRITICAL - 2022-09-12 15:53:12 --> Trying to access array offset on value of type null
in APPPATH\Views\dashboard\presensi.php on line 6.
 1 APPPATH\Views\dashboard\presensi.php(6): CodeIgniter\Debug\Exceptions->errorHandler(8, 'Trying to access array offset on value of type null', 'APPPATH\\Views\\dashboard\\presensi.php', 6, [...])
 2 SYSTEMPATH\View\View.php(213): include('APPPATH\\Views\\dashboard\\presensi.php')
 3 SYSTEMPATH\View\View.php(216): CodeIgniter\View\View->CodeIgniter\View\{closure}()
 4 SYSTEMPATH\Common.php(1135): CodeIgniter\View\View->render('dashboard/presensi', [], true)
 5 APPPATH\Controllers\Dashboard.php(106): view('dashboard/presensi', [...])
 6 SYSTEMPATH\CodeIgniter.php(896): App\Controllers\Dashboard->presensi('FCPATH\\js', 'jsfunctions.js')
 7 SYSTEMPATH\CodeIgniter.php(466): CodeIgniter\CodeIgniter->runController(Object(App\Controllers\Dashboard))
 8 SYSTEMPATH\CodeIgniter.php(349): CodeIgniter\CodeIgniter->handleRequest(null, Object(Config\Cache), false)
 9 FCPATH\index.php(55): CodeIgniter\CodeIgniter->run()
10 SYSTEMPATH\Commands\Server\rewrite.php(43): require_once('FCPATH\\index.php')
CRITICAL - 2022-09-12 15:53:12 --> Trying to access array offset on value of type null
in APPPATH\Views\dashboard\presensi.php on line 6.
 1 APPPATH\Views\dashboard\presensi.php(6): CodeIgniter\Debug\Exceptions->errorHandler(8, 'Trying to access array offset on value of type null', 'APPPATH\\Views\\dashboard\\presensi.php', 6, [...])
 2 SYSTEMPATH\View\View.php(213): include('APPPATH\\Views\\dashboard\\presensi.php')
 3 SYSTEMPATH\View\View.php(216): CodeIgniter\View\View->CodeIgniter\View\{closure}()
 4 SYSTEMPATH\Common.php(1135): CodeIgniter\View\View->render('dashboard/presensi', [], true)
 5 APPPATH\Controllers\Dashboard.php(106): view('dashboard/presensi', [...])
 6 SYSTEMPATH\CodeIgniter.php(896): App\Controllers\Dashboard->presensi('FCPATH\\js', 'qrcode.js')
 7 SYSTEMPATH\CodeIgniter.php(466): CodeIgniter\CodeIgniter->runController(Object(App\Controllers\Dashboard))
 8 SYSTEMPATH\CodeIgniter.php(349): CodeIgniter\CodeIgniter->handleRequest(null, Object(Config\Cache), false)
 9 FCPATH\index.php(55): CodeIgniter\CodeIgniter->run()
10 SYSTEMPATH\Commands\Server\rewrite.php(43): require_once('FCPATH\\index.php')
CRITICAL - 2022-09-12 15:53:27 --> Trying to access array offset on value of type null
in APPPATH\Views\dashboard\presensi.php on line 6.
 1 APPPATH\Views\dashboard\presensi.php(6): CodeIgniter\Debug\Exceptions->errorHandler(8, 'Trying to access array offset on value of type null', 'APPPATH\\Views\\dashboard\\presensi.php', 6, [...])
 2 SYSTEMPATH\View\View.php(213): include('APPPATH\\Views\\dashboard\\presensi.php')
 3 SYSTEMPATH\View\View.php(216): CodeIgniter\View\View->CodeIgniter\View\{closure}()
 4 SYSTEMPATH\Common.php(1135): CodeIgniter\View\View->render('dashboard/presensi', [], true)
 5 APPPATH\Controllers\Dashboard.php(106): view('dashboard/presensi', [...])
 6 SYSTEMPATH\CodeIgniter.php(896): App\Controllers\Dashboard->presensi('FCPATH\\js', 'jsfunctions.js')
 7 SYSTEMPATH\CodeIgniter.php(466): CodeIgniter\CodeIgniter->runController(Object(App\Controllers\Dashboard))
 8 SYSTEMPATH\CodeIgniter.php(349): CodeIgniter\CodeIgniter->handleRequest(null, Object(Config\Cache), false)
 9 FCPATH\index.php(55): CodeIgniter\CodeIgniter->run()
10 SYSTEMPATH\Commands\Server\rewrite.php(43): require_once('FCPATH\\index.php')
CRITICAL - 2022-09-12 15:53:27 --> Trying to access array offset on value of type null
in APPPATH\Views\dashboard\presensi.php on line 6.
 1 APPPATH\Views\dashboard\presensi.php(6): CodeIgniter\Debug\Exceptions->errorHandler(8, 'Trying to access array offset on value of type null', 'APPPATH\\Views\\dashboard\\presensi.php', 6, [...])
 2 SYSTEMPATH\View\View.php(213): include('APPPATH\\Views\\dashboard\\presensi.php')
 3 SYSTEMPATH\View\View.php(216): CodeIgniter\View\View->CodeIgniter\View\{closure}()
 4 SYSTEMPATH\Common.php(1135): CodeIgniter\View\View->render('dashboard/presensi', [], true)
 5 APPPATH\Controllers\Dashboard.php(106): view('dashboard/presensi', [...])
 6 SYSTEMPATH\CodeIgniter.php(896): App\Controllers\Dashboard->presensi('FCPATH\\js', 'qrcode.js')
 7 SYSTEMPATH\CodeIgniter.php(466): CodeIgniter\CodeIgniter->runController(Object(App\Controllers\Dashboard))
 8 SYSTEMPATH\CodeIgniter.php(349): CodeIgniter\CodeIgniter->handleRequest(null, Object(Config\Cache), false)
 9 FCPATH\index.php(55): CodeIgniter\CodeIgniter->run()
10 SYSTEMPATH\Commands\Server\rewrite.php(43): require_once('FCPATH\\index.php')
CRITICAL - 2022-09-12 15:53:56 --> Trying to access array offset on value of type null
in APPPATH\Views\dashboard\presensi.php on line 46.
 1 APPPATH\Views\dashboard\presensi.php(46): CodeIgniter\Debug\Exceptions->errorHandler(8, 'Trying to access array offset on value of type null', 'APPPATH\\Views\\dashboard\\presensi.php', 46, [...])
 2 SYSTEMPATH\View\View.php(213): include('APPPATH\\Views\\dashboard\\presensi.php')
 3 SYSTEMPATH\View\View.php(216): CodeIgniter\View\View->CodeIgniter\View\{closure}()
 4 SYSTEMPATH\Common.php(1135): CodeIgniter\View\View->render('dashboard/presensi', [], true)
 5 APPPATH\Controllers\Dashboard.php(106): view('dashboard/presensi', [...])
 6 SYSTEMPATH\CodeIgniter.php(896): App\Controllers\Dashboard->presensi('FCPATH\\js', 'jsfunctions.js')
 7 SYSTEMPATH\CodeIgniter.php(466): CodeIgniter\CodeIgniter->runController(Object(App\Controllers\Dashboard))
 8 SYSTEMPATH\CodeIgniter.php(349): CodeIgniter\CodeIgniter->handleRequest(null, Object(Config\Cache), false)
 9 FCPATH\index.php(55): CodeIgniter\CodeIgniter->run()
10 SYSTEMPATH\Commands\Server\rewrite.php(43): require_once('FCPATH\\index.php')
CRITICAL - 2022-09-12 15:53:56 --> Trying to access array offset on value of type null
in APPPATH\Views\dashboard\presensi.php on line 46.
 1 APPPATH\Views\dashboard\presensi.php(46): CodeIgniter\Debug\Exceptions->errorHandler(8, 'Trying to access array offset on value of type null', 'APPPATH\\Views\\dashboard\\presensi.php', 46, [...])
 2 SYSTEMPATH\View\View.php(213): include('APPPATH\\Views\\dashboard\\presensi.php')
 3 SYSTEMPATH\View\View.php(216): CodeIgniter\View\View->CodeIgniter\View\{closure}()
 4 SYSTEMPATH\Common.php(1135): CodeIgniter\View\View->render('dashboard/presensi', [], true)
 5 APPPATH\Controllers\Dashboard.php(106): view('dashboard/presensi', [...])
 6 SYSTEMPATH\CodeIgniter.php(896): App\Controllers\Dashboard->presensi('FCPATH\\js', 'qrcode.js')
 7 SYSTEMPATH\CodeIgniter.php(466): CodeIgniter\CodeIgniter->runController(Object(App\Controllers\Dashboard))
 8 SYSTEMPATH\CodeIgniter.php(349): CodeIgniter\CodeIgniter->handleRequest(null, Object(Config\Cache), false)
 9 FCPATH\index.php(55): CodeIgniter\CodeIgniter->run()
10 SYSTEMPATH\Commands\Server\rewrite.php(43): require_once('FCPATH\\index.php')
CRITICAL - 2022-09-12 15:54:02 --> Trying to access array offset on value of type null
in APPPATH\Views\dashboard\presensi.php on line 46.
 1 APPPATH\Views\dashboard\presensi.php(46): CodeIgniter\Debug\Exceptions->errorHandler(8, 'Trying to access array offset on value of type null', 'APPPATH\\Views\\dashboard\\presensi.php', 46, [...])
 2 SYSTEMPATH\View\View.php(213): include('APPPATH\\Views\\dashboard\\presensi.php')
 3 SYSTEMPATH\View\View.php(216): CodeIgniter\View\View->CodeIgniter\View\{closure}()
 4 SYSTEMPATH\Common.php(1135): CodeIgniter\View\View->render('dashboard/presensi', [], true)
 5 APPPATH\Controllers\Dashboard.php(106): view('dashboard/presensi', [...])
 6 SYSTEMPATH\CodeIgniter.php(896): App\Controllers\Dashboard->presensi('FCPATH\\js', 'jsfunctions.js')
 7 SYSTEMPATH\CodeIgniter.php(466): CodeIgniter\CodeIgniter->runController(Object(App\Controllers\Dashboard))
 8 SYSTEMPATH\CodeIgniter.php(349): CodeIgniter\CodeIgniter->handleRequest(null, Object(Config\Cache), false)
 9 FCPATH\index.php(55): CodeIgniter\CodeIgniter->run()
10 SYSTEMPATH\Commands\Server\rewrite.php(43): require_once('FCPATH\\index.php')
CRITICAL - 2022-09-12 15:54:03 --> Trying to access array offset on value of type null
in APPPATH\Views\dashboard\presensi.php on line 46.
 1 APPPATH\Views\dashboard\presensi.php(46): CodeIgniter\Debug\Exceptions->errorHandler(8, 'Trying to access array offset on value of type null', 'APPPATH\\Views\\dashboard\\presensi.php', 46, [...])
 2 SYSTEMPATH\View\View.php(213): include('APPPATH\\Views\\dashboard\\presensi.php')
 3 SYSTEMPATH\View\View.php(216): CodeIgniter\View\View->CodeIgniter\View\{closure}()
 4 SYSTEMPATH\Common.php(1135): CodeIgniter\View\View->render('dashboard/presensi', [], true)
 5 APPPATH\Controllers\Dashboard.php(106): view('dashboard/presensi', [...])
 6 SYSTEMPATH\CodeIgniter.php(896): App\Controllers\Dashboard->presensi('FCPATH\\js', 'qrcode.js')
 7 SYSTEMPATH\CodeIgniter.php(466): CodeIgniter\CodeIgniter->runController(Object(App\Controllers\Dashboard))
 8 SYSTEMPATH\CodeIgniter.php(349): CodeIgniter\CodeIgniter->handleRequest(null, Object(Config\Cache), false)
 9 FCPATH\index.php(55): CodeIgniter\CodeIgniter->run()
10 SYSTEMPATH\Commands\Server\rewrite.php(43): require_once('FCPATH\\index.php')
CRITICAL - 2022-09-12 15:56:00 --> Trying to access array offset on value of type null
in APPPATH\Views\dashboard\presensi.php on line 46.
 1 APPPATH\Views\dashboard\presensi.php(46): CodeIgniter\Debug\Exceptions->errorHandler(8, 'Trying to access array offset on value of type null', 'APPPATH\\Views\\dashboard\\presensi.php', 46, [...])
 2 SYSTEMPATH\View\View.php(213): include('APPPATH\\Views\\dashboard\\presensi.php')
 3 SYSTEMPATH\View\View.php(216): CodeIgniter\View\View->CodeIgniter\View\{closure}()
 4 SYSTEMPATH\Common.php(1135): CodeIgniter\View\View->render('dashboard/presensi', [], true)
 5 APPPATH\Controllers\Dashboard.php(106): view('dashboard/presensi', [...])
 6 SYSTEMPATH\CodeIgniter.php(896): App\Controllers\Dashboard->presensi('FCPATH\\js', 'jsfunctions.js')
 7 SYSTEMPATH\CodeIgniter.php(466): CodeIgniter\CodeIgniter->runController(Object(App\Controllers\Dashboard))
 8 SYSTEMPATH\CodeIgniter.php(349): CodeIgniter\CodeIgniter->handleRequest(null, Object(Config\Cache), false)
 9 FCPATH\index.php(55): CodeIgniter\CodeIgniter->run()
10 SYSTEMPATH\Commands\Server\rewrite.php(43): require_once('FCPATH\\index.php')
CRITICAL - 2022-09-12 15:56:00 --> Trying to access array offset on value of type null
in APPPATH\Views\dashboard\presensi.php on line 46.
 1 APPPATH\Views\dashboard\presensi.php(46): CodeIgniter\Debug\Exceptions->errorHandler(8, 'Trying to access array offset on value of type null', 'APPPATH\\Views\\dashboard\\presensi.php', 46, [...])
 2 SYSTEMPATH\View\View.php(213): include('APPPATH\\Views\\dashboard\\presensi.php')
 3 SYSTEMPATH\View\View.php(216): CodeIgniter\View\View->CodeIgniter\View\{closure}()
 4 SYSTEMPATH\Common.php(1135): CodeIgniter\View\View->render('dashboard/presensi', [], true)
 5 APPPATH\Controllers\Dashboard.php(106): view('dashboard/presensi', [...])
 6 SYSTEMPATH\CodeIgniter.php(896): App\Controllers\Dashboard->presensi('FCPATH\\js', 'qrcode.js')
 7 SYSTEMPATH\CodeIgniter.php(466): CodeIgniter\CodeIgniter->runController(Object(App\Controllers\Dashboard))
 8 SYSTEMPATH\CodeIgniter.php(349): CodeIgniter\CodeIgniter->handleRequest(null, Object(Config\Cache), false)
 9 FCPATH\index.php(55): CodeIgniter\CodeIgniter->run()
10 SYSTEMPATH\Commands\Server\rewrite.php(43): require_once('FCPATH\\index.php')
CRITICAL - 2022-09-12 15:56:47 --> Trying to access array offset on value of type null
in APPPATH\Views\dashboard\presensi.php on line 46.
 1 APPPATH\Views\dashboard\presensi.php(46): CodeIgniter\Debug\Exceptions->errorHandler(8, 'Trying to access array offset on value of type null', 'APPPATH\\Views\\dashboard\\presensi.php', 46, [...])
 2 SYSTEMPATH\View\View.php(213): include('APPPATH\\Views\\dashboard\\presensi.php')
 3 SYSTEMPATH\View\View.php(216): CodeIgniter\View\View->CodeIgniter\View\{closure}()
 4 SYSTEMPATH\Common.php(1135): CodeIgniter\View\View->render('dashboard/presensi', [], true)
 5 APPPATH\Controllers\Dashboard.php(106): view('dashboard/presensi', [...])
 6 SYSTEMPATH\CodeIgniter.php(896): App\Controllers\Dashboard->presensi('FCPATH\\js', 'jsfunctions.js')
 7 SYSTEMPATH\CodeIgniter.php(466): CodeIgniter\CodeIgniter->runController(Object(App\Controllers\Dashboard))
 8 SYSTEMPATH\CodeIgniter.php(349): CodeIgniter\CodeIgniter->handleRequest(null, Object(Config\Cache), false)
 9 FCPATH\index.php(55): CodeIgniter\CodeIgniter->run()
10 SYSTEMPATH\Commands\Server\rewrite.php(43): require_once('FCPATH\\index.php')
CRITICAL - 2022-09-12 15:56:47 --> Trying to access array offset on value of type null
in APPPATH\Views\dashboard\presensi.php on line 46.
 1 APPPATH\Views\dashboard\presensi.php(46): CodeIgniter\Debug\Exceptions->errorHandler(8, 'Trying to access array offset on value of type null', 'APPPATH\\Views\\dashboard\\presensi.php', 46, [...])
 2 SYSTEMPATH\View\View.php(213): include('APPPATH\\Views\\dashboard\\presensi.php')
 3 SYSTEMPATH\View\View.php(216): CodeIgniter\View\View->CodeIgniter\View\{closure}()
 4 SYSTEMPATH\Common.php(1135): CodeIgniter\View\View->render('dashboard/presensi', [], true)
 5 APPPATH\Controllers\Dashboard.php(106): view('dashboard/presensi', [...])
 6 SYSTEMPATH\CodeIgniter.php(896): App\Controllers\Dashboard->presensi('FCPATH\\js', 'qrcode.js')
 7 SYSTEMPATH\CodeIgniter.php(466): CodeIgniter\CodeIgniter->runController(Object(App\Controllers\Dashboard))
 8 SYSTEMPATH\CodeIgniter.php(349): CodeIgniter\CodeIgniter->handleRequest(null, Object(Config\Cache), false)
 9 FCPATH\index.php(55): CodeIgniter\CodeIgniter->run()
10 SYSTEMPATH\Commands\Server\rewrite.php(43): require_once('FCPATH\\index.php')
CRITICAL - 2022-09-12 15:56:58 --> Trying to access array offset on value of type null
in APPPATH\Views\dashboard\presensi.php on line 46.
 1 APPPATH\Views\dashboard\presensi.php(46): CodeIgniter\Debug\Exceptions->errorHandler(8, 'Trying to access array offset on value of type null', 'APPPATH\\Views\\dashboard\\presensi.php', 46, [...])
 2 SYSTEMPATH\View\View.php(213): include('APPPATH\\Views\\dashboard\\presensi.php')
 3 SYSTEMPATH\View\View.php(216): CodeIgniter\View\View->CodeIgniter\View\{closure}()
 4 SYSTEMPATH\Common.php(1135): CodeIgniter\View\View->render('dashboard/presensi', [], true)
 5 APPPATH\Controllers\Dashboard.php(106): view('dashboard/presensi', [...])
 6 SYSTEMPATH\CodeIgniter.php(896): App\Controllers\Dashboard->presensi('FCPATH\\js', 'jsfunctions.js')
 7 SYSTEMPATH\CodeIgniter.php(466): CodeIgniter\CodeIgniter->runController(Object(App\Controllers\Dashboard))
 8 SYSTEMPATH\CodeIgniter.php(349): CodeIgniter\CodeIgniter->handleRequest(null, Object(Config\Cache), false)
 9 FCPATH\index.php(55): CodeIgniter\CodeIgniter->run()
10 SYSTEMPATH\Commands\Server\rewrite.php(43): require_once('FCPATH\\index.php')
CRITICAL - 2022-09-12 15:56:58 --> Trying to access array offset on value of type null
in APPPATH\Views\dashboard\presensi.php on line 46.
 1 APPPATH\Views\dashboard\presensi.php(46): CodeIgniter\Debug\Exceptions->errorHandler(8, 'Trying to access array offset on value of type null', 'APPPATH\\Views\\dashboard\\presensi.php', 46, [...])
 2 SYSTEMPATH\View\View.php(213): include('APPPATH\\Views\\dashboard\\presensi.php')
 3 SYSTEMPATH\View\View.php(216): CodeIgniter\View\View->CodeIgniter\View\{closure}()
 4 SYSTEMPATH\Common.php(1135): CodeIgniter\View\View->render('dashboard/presensi', [], true)
 5 APPPATH\Controllers\Dashboard.php(106): view('dashboard/presensi', [...])
 6 SYSTEMPATH\CodeIgniter.php(896): App\Controllers\Dashboard->presensi('FCPATH\\js', 'qrcode.js')
 7 SYSTEMPATH\CodeIgniter.php(466): CodeIgniter\CodeIgniter->runController(Object(App\Controllers\Dashboard))
 8 SYSTEMPATH\CodeIgniter.php(349): CodeIgniter\CodeIgniter->handleRequest(null, Object(Config\Cache), false)
 9 FCPATH\index.php(55): CodeIgniter\CodeIgniter->run()
10 SYSTEMPATH\Commands\Server\rewrite.php(43): require_once('FCPATH\\index.php')
CRITICAL - 2022-09-12 15:57:32 --> Trying to access array offset on value of type null
in APPPATH\Views\dashboard\presensi.php on line 46.
 1 APPPATH\Views\dashboard\presensi.php(46): CodeIgniter\Debug\Exceptions->errorHandler(8, 'Trying to access array offset on value of type null', 'APPPATH\\Views\\dashboard\\presensi.php', 46, [...])
 2 SYSTEMPATH\View\View.php(213): include('APPPATH\\Views\\dashboard\\presensi.php')
 3 SYSTEMPATH\View\View.php(216): CodeIgniter\View\View->CodeIgniter\View\{closure}()
 4 SYSTEMPATH\Common.php(1135): CodeIgniter\View\View->render('dashboard/presensi', [], true)
 5 APPPATH\Controllers\Dashboard.php(106): view('dashboard/presensi', [...])
 6 SYSTEMPATH\CodeIgniter.php(896): App\Controllers\Dashboard->presensi('FCPATH\\js', 'jsfunctions.js')
 7 SYSTEMPATH\CodeIgniter.php(466): CodeIgniter\CodeIgniter->runController(Object(App\Controllers\Dashboard))
 8 SYSTEMPATH\CodeIgniter.php(349): CodeIgniter\CodeIgniter->handleRequest(null, Object(Config\Cache), false)
 9 FCPATH\index.php(55): CodeIgniter\CodeIgniter->run()
10 SYSTEMPATH\Commands\Server\rewrite.php(43): require_once('FCPATH\\index.php')
CRITICAL - 2022-09-12 15:57:32 --> Trying to access array offset on value of type null
in APPPATH\Views\dashboard\presensi.php on line 46.
 1 APPPATH\Views\dashboard\presensi.php(46): CodeIgniter\Debug\Exceptions->errorHandler(8, 'Trying to access array offset on value of type null', 'APPPATH\\Views\\dashboard\\presensi.php', 46, [...])
 2 SYSTEMPATH\View\View.php(213): include('APPPATH\\Views\\dashboard\\presensi.php')
 3 SYSTEMPATH\View\View.php(216): CodeIgniter\View\View->CodeIgniter\View\{closure}()
 4 SYSTEMPATH\Common.php(1135): CodeIgniter\View\View->render('dashboard/presensi', [], true)
 5 APPPATH\Controllers\Dashboard.php(106): view('dashboard/presensi', [...])
 6 SYSTEMPATH\CodeIgniter.php(896): App\Controllers\Dashboard->presensi('FCPATH\\js', 'qrcode.js')
 7 SYSTEMPATH\CodeIgniter.php(466): CodeIgniter\CodeIgniter->runController(Object(App\Controllers\Dashboard))
 8 SYSTEMPATH\CodeIgniter.php(349): CodeIgniter\CodeIgniter->handleRequest(null, Object(Config\Cache), false)
 9 FCPATH\index.php(55): CodeIgniter\CodeIgniter->run()
10 SYSTEMPATH\Commands\Server\rewrite.php(43): require_once('FCPATH\\index.php')
CRITICAL - 2022-09-12 15:57:40 --> Trying to access array offset on value of type null
in APPPATH\Views\dashboard\presensi.php on line 46.
 1 APPPATH\Views\dashboard\presensi.php(46): CodeIgniter\Debug\Exceptions->errorHandler(8, 'Trying to access array offset on value of type null', 'APPPATH\\Views\\dashboard\\presensi.php', 46, [...])
 2 SYSTEMPATH\View\View.php(213): include('APPPATH\\Views\\dashboard\\presensi.php')
 3 SYSTEMPATH\View\View.php(216): CodeIgniter\View\View->CodeIgniter\View\{closure}()
 4 SYSTEMPATH\Common.php(1135): CodeIgniter\View\View->render('dashboard/presensi', [], true)
 5 APPPATH\Controllers\Dashboard.php(106): view('dashboard/presensi', [...])
 6 SYSTEMPATH\CodeIgniter.php(896): App\Controllers\Dashboard->presensi('FCPATH\\js', 'jsfunctions.js')
 7 SYSTEMPATH\CodeIgniter.php(466): CodeIgniter\CodeIgniter->runController(Object(App\Controllers\Dashboard))
 8 SYSTEMPATH\CodeIgniter.php(349): CodeIgniter\CodeIgniter->handleRequest(null, Object(Config\Cache), false)
 9 FCPATH\index.php(55): CodeIgniter\CodeIgniter->run()
10 SYSTEMPATH\Commands\Server\rewrite.php(43): require_once('FCPATH\\index.php')
CRITICAL - 2022-09-12 15:57:40 --> Trying to access array offset on value of type null
in APPPATH\Views\dashboard\presensi.php on line 46.
 1 APPPATH\Views\dashboard\presensi.php(46): CodeIgniter\Debug\Exceptions->errorHandler(8, 'Trying to access array offset on value of type null', 'APPPATH\\Views\\dashboard\\presensi.php', 46, [...])
 2 SYSTEMPATH\View\View.php(213): include('APPPATH\\Views\\dashboard\\presensi.php')
 3 SYSTEMPATH\View\View.php(216): CodeIgniter\View\View->CodeIgniter\View\{closure}()
 4 SYSTEMPATH\Common.php(1135): CodeIgniter\View\View->render('dashboard/presensi', [], true)
 5 APPPATH\Controllers\Dashboard.php(106): view('dashboard/presensi', [...])
 6 SYSTEMPATH\CodeIgniter.php(896): App\Controllers\Dashboard->presensi('FCPATH\\js', 'qrcode.js')
 7 SYSTEMPATH\CodeIgniter.php(466): CodeIgniter\CodeIgniter->runController(Object(App\Controllers\Dashboard))
 8 SYSTEMPATH\CodeIgniter.php(349): CodeIgniter\CodeIgniter->handleRequest(null, Object(Config\Cache), false)
 9 FCPATH\index.php(55): CodeIgniter\CodeIgniter->run()
10 SYSTEMPATH\Commands\Server\rewrite.php(43): require_once('FCPATH\\index.php')
CRITICAL - 2022-09-12 15:58:06 --> Trying to access array offset on value of type null
in APPPATH\Views\dashboard\presensi.php on line 44.
 1 APPPATH\Views\dashboard\presensi.php(44): CodeIgniter\Debug\Exceptions->errorHandler(8, 'Trying to access array offset on value of type null', 'APPPATH\\Views\\dashboard\\presensi.php', 44, [...])
 2 SYSTEMPATH\View\View.php(213): include('APPPATH\\Views\\dashboard\\presensi.php')
 3 SYSTEMPATH\View\View.php(216): CodeIgniter\View\View->CodeIgniter\View\{closure}()
 4 SYSTEMPATH\Common.php(1135): CodeIgniter\View\View->render('dashboard/presensi', [], true)
 5 APPPATH\Controllers\Dashboard.php(106): view('dashboard/presensi', [...])
 6 SYSTEMPATH\CodeIgniter.php(896): App\Controllers\Dashboard->presensi('FCPATH\\js', 'jsfunctions.js')
 7 SYSTEMPATH\CodeIgniter.php(466): CodeIgniter\CodeIgniter->runController(Object(App\Controllers\Dashboard))
 8 SYSTEMPATH\CodeIgniter.php(349): CodeIgniter\CodeIgniter->handleRequest(null, Object(Config\Cache), false)
 9 FCPATH\index.php(55): CodeIgniter\CodeIgniter->run()
10 SYSTEMPATH\Commands\Server\rewrite.php(43): require_once('FCPATH\\index.php')
CRITICAL - 2022-09-12 15:58:06 --> Trying to access array offset on value of type null
in APPPATH\Views\dashboard\presensi.php on line 44.
 1 APPPATH\Views\dashboard\presensi.php(44): CodeIgniter\Debug\Exceptions->errorHandler(8, 'Trying to access array offset on value of type null', 'APPPATH\\Views\\dashboard\\presensi.php', 44, [...])
 2 SYSTEMPATH\View\View.php(213): include('APPPATH\\Views\\dashboard\\presensi.php')
 3 SYSTEMPATH\View\View.php(216): CodeIgniter\View\View->CodeIgniter\View\{closure}()
 4 SYSTEMPATH\Common.php(1135): CodeIgniter\View\View->render('dashboard/presensi', [], true)
 5 APPPATH\Controllers\Dashboard.php(106): view('dashboard/presensi', [...])
 6 SYSTEMPATH\CodeIgniter.php(896): App\Controllers\Dashboard->presensi('FCPATH\\js', 'qrcode.js')
 7 SYSTEMPATH\CodeIgniter.php(466): CodeIgniter\CodeIgniter->runController(Object(App\Controllers\Dashboard))
 8 SYSTEMPATH\CodeIgniter.php(349): CodeIgniter\CodeIgniter->handleRequest(null, Object(Config\Cache), false)
 9 FCPATH\index.php(55): CodeIgniter\CodeIgniter->run()
10 SYSTEMPATH\Commands\Server\rewrite.php(43): require_once('FCPATH\\index.php')
CRITICAL - 2022-09-12 15:58:17 --> Trying to access array offset on value of type null
in APPPATH\Views\dashboard\qr_code.php on line 29.
 1 APPPATH\Views\dashboard\qr_code.php(29): CodeIgniter\Debug\Exceptions->errorHandler(8, 'Trying to access array offset on value of type null', 'APPPATH\\Views\\dashboard\\qr_code.php', 29, [...])
 2 SYSTEMPATH\View\View.php(213): include('APPPATH\\Views\\dashboard\\qr_code.php')
 3 SYSTEMPATH\View\View.php(216): CodeIgniter\View\View->CodeIgniter\View\{closure}()
 4 SYSTEMPATH\Common.php(1135): CodeIgniter\View\View->render('dashboard/qr_code', [], true)
 5 APPPATH\Controllers\Dashboard.php(217): view('dashboard/qr_code', [...])
 6 SYSTEMPATH\CodeIgniter.php(896): App\Controllers\Dashboard->qr_code('FCPATH\\js', 'jsfunctions.js')
 7 SYSTEMPATH\CodeIgniter.php(466): CodeIgniter\CodeIgniter->runController(Object(App\Controllers\Dashboard))
 8 SYSTEMPATH\CodeIgniter.php(349): CodeIgniter\CodeIgniter->handleRequest(null, Object(Config\Cache), false)
 9 FCPATH\index.php(55): CodeIgniter\CodeIgniter->run()
10 SYSTEMPATH\Commands\Server\rewrite.php(43): require_once('FCPATH\\index.php')
CRITICAL - 2022-09-12 15:58:17 --> Trying to access array offset on value of type null
in APPPATH\Views\dashboard\qr_code.php on line 29.
 1 APPPATH\Views\dashboard\qr_code.php(29): CodeIgniter\Debug\Exceptions->errorHandler(8, 'Trying to access array offset on value of type null', 'APPPATH\\Views\\dashboard\\qr_code.php', 29, [...])
 2 SYSTEMPATH\View\View.php(213): include('APPPATH\\Views\\dashboard\\qr_code.php')
 3 SYSTEMPATH\View\View.php(216): CodeIgniter\View\View->CodeIgniter\View\{closure}()
 4 SYSTEMPATH\Common.php(1135): CodeIgniter\View\View->render('dashboard/qr_code', [], true)
 5 APPPATH\Controllers\Dashboard.php(217): view('dashboard/qr_code', [...])
 6 SYSTEMPATH\CodeIgniter.php(896): App\Controllers\Dashboard->qr_code('FCPATH\\js', 'qrcode.js')
 7 SYSTEMPATH\CodeIgniter.php(466): CodeIgniter\CodeIgniter->runController(Object(App\Controllers\Dashboard))
 8 SYSTEMPATH\CodeIgniter.php(349): CodeIgniter\CodeIgniter->handleRequest(null, Object(Config\Cache), false)
 9 FCPATH\index.php(55): CodeIgniter\CodeIgniter->run()
10 SYSTEMPATH\Commands\Server\rewrite.php(43): require_once('FCPATH\\index.php')
CRITICAL - 2022-09-12 15:58:21 --> Trying to access array offset on value of type null
in APPPATH\Views\dashboard\presensi.php on line 44.
 1 APPPATH\Views\dashboard\presensi.php(44): CodeIgniter\Debug\Exceptions->errorHandler(8, 'Trying to access array offset on value of type null', 'APPPATH\\Views\\dashboard\\presensi.php', 44, [...])
 2 SYSTEMPATH\View\View.php(213): include('APPPATH\\Views\\dashboard\\presensi.php')
 3 SYSTEMPATH\View\View.php(216): CodeIgniter\View\View->CodeIgniter\View\{closure}()
 4 SYSTEMPATH\Common.php(1135): CodeIgniter\View\View->render('dashboard/presensi', [], true)
 5 APPPATH\Controllers\Dashboard.php(106): view('dashboard/presensi', [...])
 6 SYSTEMPATH\CodeIgniter.php(896): App\Controllers\Dashboard->presensi('FCPATH\\js', 'jsfunctions.js')
 7 SYSTEMPATH\CodeIgniter.php(466): CodeIgniter\CodeIgniter->runController(Object(App\Controllers\Dashboard))
 8 SYSTEMPATH\CodeIgniter.php(349): CodeIgniter\CodeIgniter->handleRequest(null, Object(Config\Cache), false)
 9 FCPATH\index.php(55): CodeIgniter\CodeIgniter->run()
10 SYSTEMPATH\Commands\Server\rewrite.php(43): require_once('FCPATH\\index.php')
CRITICAL - 2022-09-12 15:58:21 --> Trying to access array offset on value of type null
in APPPATH\Views\dashboard\presensi.php on line 44.
 1 APPPATH\Views\dashboard\presensi.php(44): CodeIgniter\Debug\Exceptions->errorHandler(8, 'Trying to access array offset on value of type null', 'APPPATH\\Views\\dashboard\\presensi.php', 44, [...])
 2 SYSTEMPATH\View\View.php(213): include('APPPATH\\Views\\dashboard\\presensi.php')
 3 SYSTEMPATH\View\View.php(216): CodeIgniter\View\View->CodeIgniter\View\{closure}()
 4 SYSTEMPATH\Common.php(1135): CodeIgniter\View\View->render('dashboard/presensi', [], true)
 5 APPPATH\Controllers\Dashboard.php(106): view('dashboard/presensi', [...])
 6 SYSTEMPATH\CodeIgniter.php(896): App\Controllers\Dashboard->presensi('FCPATH\\js', 'qrcode.js')
 7 SYSTEMPATH\CodeIgniter.php(466): CodeIgniter\CodeIgniter->runController(Object(App\Controllers\Dashboard))
 8 SYSTEMPATH\CodeIgniter.php(349): CodeIgniter\CodeIgniter->handleRequest(null, Object(Config\Cache), false)
 9 FCPATH\index.php(55): CodeIgniter\CodeIgniter->run()
10 SYSTEMPATH\Commands\Server\rewrite.php(43): require_once('FCPATH\\index.php')
CRITICAL - 2022-09-12 15:58:58 --> Trying to access array offset on value of type null
in APPPATH\Views\dashboard\presensi.php on line 6.
 1 APPPATH\Views\dashboard\presensi.php(6): CodeIgniter\Debug\Exceptions->errorHandler(8, 'Trying to access array offset on value of type null', 'APPPATH\\Views\\dashboard\\presensi.php', 6, [...])
 2 SYSTEMPATH\View\View.php(213): include('APPPATH\\Views\\dashboard\\presensi.php')
 3 SYSTEMPATH\View\View.php(216): CodeIgniter\View\View->CodeIgniter\View\{closure}()
 4 SYSTEMPATH\Common.php(1135): CodeIgniter\View\View->render('dashboard/presensi', [], true)
 5 APPPATH\Controllers\Dashboard.php(106): view('dashboard/presensi', [...])
 6 SYSTEMPATH\CodeIgniter.php(896): App\Controllers\Dashboard->presensi('FCPATH\\js', 'jsfunctions.js')
 7 SYSTEMPATH\CodeIgniter.php(466): CodeIgniter\CodeIgniter->runController(Object(App\Controllers\Dashboard))
 8 SYSTEMPATH\CodeIgniter.php(349): CodeIgniter\CodeIgniter->handleRequest(null, Object(Config\Cache), false)
 9 FCPATH\index.php(55): CodeIgniter\CodeIgniter->run()
10 SYSTEMPATH\Commands\Server\rewrite.php(43): require_once('FCPATH\\index.php')
CRITICAL - 2022-09-12 15:58:58 --> Trying to access array offset on value of type null
in APPPATH\Views\dashboard\presensi.php on line 6.
 1 APPPATH\Views\dashboard\presensi.php(6): CodeIgniter\Debug\Exceptions->errorHandler(8, 'Trying to access array offset on value of type null', 'APPPATH\\Views\\dashboard\\presensi.php', 6, [...])
 2 SYSTEMPATH\View\View.php(213): include('APPPATH\\Views\\dashboard\\presensi.php')
 3 SYSTEMPATH\View\View.php(216): CodeIgniter\View\View->CodeIgniter\View\{closure}()
 4 SYSTEMPATH\Common.php(1135): CodeIgniter\View\View->render('dashboard/presensi', [], true)
 5 APPPATH\Controllers\Dashboard.php(106): view('dashboard/presensi', [...])
 6 SYSTEMPATH\CodeIgniter.php(896): App\Controllers\Dashboard->presensi('FCPATH\\js', 'qrcode.js')
 7 SYSTEMPATH\CodeIgniter.php(466): CodeIgniter\CodeIgniter->runController(Object(App\Controllers\Dashboard))
 8 SYSTEMPATH\CodeIgniter.php(349): CodeIgniter\CodeIgniter->handleRequest(null, Object(Config\Cache), false)
 9 FCPATH\index.php(55): CodeIgniter\CodeIgniter->run()
10 SYSTEMPATH\Commands\Server\rewrite.php(43): require_once('FCPATH\\index.php')
CRITICAL - 2022-09-12 15:59:21 --> Undefined index: 2022-09-12
in APPPATH\Views\dashboard\presensi.php on line 6.
 1 APPPATH\Views\dashboard\presensi.php(6): CodeIgniter\Debug\Exceptions->errorHandler(8, 'Undefined index: 2022-09-12', 'APPPATH\\Views\\dashboard\\presensi.php', 6, [...])
 2 SYSTEMPATH\View\View.php(213): include('APPPATH\\Views\\dashboard\\presensi.php')
 3 SYSTEMPATH\View\View.php(216): CodeIgniter\View\View->CodeIgniter\View\{closure}()
 4 SYSTEMPATH\Common.php(1135): CodeIgniter\View\View->render('dashboard/presensi', [], true)
 5 APPPATH\Controllers\Dashboard.php(106): view('dashboard/presensi', [...])
 6 SYSTEMPATH\CodeIgniter.php(896): App\Controllers\Dashboard->presensi('1160')
 7 SYSTEMPATH\CodeIgniter.php(466): CodeIgniter\CodeIgniter->runController(Object(App\Controllers\Dashboard))
 8 SYSTEMPATH\CodeIgniter.php(349): CodeIgniter\CodeIgniter->handleRequest(null, Object(Config\Cache), false)
 9 FCPATH\index.php(55): CodeIgniter\CodeIgniter->run()
10 SYSTEMPATH\Commands\Server\rewrite.php(43): require_once('FCPATH\\index.php')
CRITICAL - 2022-09-12 15:59:29 --> Trying to access array offset on value of type null
in APPPATH\Views\dashboard\presensi.php on line 46.
 1 APPPATH\Views\dashboard\presensi.php(46): CodeIgniter\Debug\Exceptions->errorHandler(8, 'Trying to access array offset on value of type null', 'APPPATH\\Views\\dashboard\\presensi.php', 46, [...])
 2 SYSTEMPATH\View\View.php(213): include('APPPATH\\Views\\dashboard\\presensi.php')
 3 SYSTEMPATH\View\View.php(216): CodeIgniter\View\View->CodeIgniter\View\{closure}()
 4 SYSTEMPATH\Common.php(1135): CodeIgniter\View\View->render('dashboard/presensi', [], true)
 5 APPPATH\Controllers\Dashboard.php(106): view('dashboard/presensi', [...])
 6 SYSTEMPATH\CodeIgniter.php(896): App\Controllers\Dashboard->presensi('FCPATH\\js', 'jsfunctions.js')
 7 SYSTEMPATH\CodeIgniter.php(466): CodeIgniter\CodeIgniter->runController(Object(App\Controllers\Dashboard))
 8 SYSTEMPATH\CodeIgniter.php(349): CodeIgniter\CodeIgniter->handleRequest(null, Object(Config\Cache), false)
 9 FCPATH\index.php(55): CodeIgniter\CodeIgniter->run()
10 SYSTEMPATH\Commands\Server\rewrite.php(43): require_once('FCPATH\\index.php')
CRITICAL - 2022-09-12 15:59:29 --> Trying to access array offset on value of type null
in APPPATH\Views\dashboard\presensi.php on line 46.
 1 APPPATH\Views\dashboard\presensi.php(46): CodeIgniter\Debug\Exceptions->errorHandler(8, 'Trying to access array offset on value of type null', 'APPPATH\\Views\\dashboard\\presensi.php', 46, [...])
 2 SYSTEMPATH\View\View.php(213): include('APPPATH\\Views\\dashboard\\presensi.php')
 3 SYSTEMPATH\View\View.php(216): CodeIgniter\View\View->CodeIgniter\View\{closure}()
 4 SYSTEMPATH\Common.php(1135): CodeIgniter\View\View->render('dashboard/presensi', [], true)
 5 APPPATH\Controllers\Dashboard.php(106): view('dashboard/presensi', [...])
 6 SYSTEMPATH\CodeIgniter.php(896): App\Controllers\Dashboard->presensi('FCPATH\\js', 'qrcode.js')
 7 SYSTEMPATH\CodeIgniter.php(466): CodeIgniter\CodeIgniter->runController(Object(App\Controllers\Dashboard))
 8 SYSTEMPATH\CodeIgniter.php(349): CodeIgniter\CodeIgniter->handleRequest(null, Object(Config\Cache), false)
 9 FCPATH\index.php(55): CodeIgniter\CodeIgniter->run()
10 SYSTEMPATH\Commands\Server\rewrite.php(43): require_once('FCPATH\\index.php')
CRITICAL - 2022-09-12 15:59:40 --> Trying to access array offset on value of type null
in APPPATH\Views\dashboard\presensi.php on line 6.
 1 APPPATH\Views\dashboard\presensi.php(6): CodeIgniter\Debug\Exceptions->errorHandler(8, 'Trying to access array offset on value of type null', 'APPPATH\\Views\\dashboard\\presensi.php', 6, [...])
 2 SYSTEMPATH\View\View.php(213): include('APPPATH\\Views\\dashboard\\presensi.php')
 3 SYSTEMPATH\View\View.php(216): CodeIgniter\View\View->CodeIgniter\View\{closure}()
 4 SYSTEMPATH\Common.php(1135): CodeIgniter\View\View->render('dashboard/presensi', [], true)
 5 APPPATH\Controllers\Dashboard.php(106): view('dashboard/presensi', [...])
 6 SYSTEMPATH\CodeIgniter.php(896): App\Controllers\Dashboard->presensi('FCPATH\\js', 'jsfunctions.js')
 7 SYSTEMPATH\CodeIgniter.php(466): CodeIgniter\CodeIgniter->runController(Object(App\Controllers\Dashboard))
 8 SYSTEMPATH\CodeIgniter.php(349): CodeIgniter\CodeIgniter->handleRequest(null, Object(Config\Cache), false)
 9 FCPATH\index.php(55): CodeIgniter\CodeIgniter->run()
10 SYSTEMPATH\Commands\Server\rewrite.php(43): require_once('FCPATH\\index.php')
CRITICAL - 2022-09-12 15:59:40 --> Trying to access array offset on value of type null
in APPPATH\Views\dashboard\presensi.php on line 6.
 1 APPPATH\Views\dashboard\presensi.php(6): CodeIgniter\Debug\Exceptions->errorHandler(8, 'Trying to access array offset on value of type null', 'APPPATH\\Views\\dashboard\\presensi.php', 6, [...])
 2 SYSTEMPATH\View\View.php(213): include('APPPATH\\Views\\dashboard\\presensi.php')
 3 SYSTEMPATH\View\View.php(216): CodeIgniter\View\View->CodeIgniter\View\{closure}()
 4 SYSTEMPATH\Common.php(1135): CodeIgniter\View\View->render('dashboard/presensi', [], true)
 5 APPPATH\Controllers\Dashboard.php(106): view('dashboard/presensi', [...])
 6 SYSTEMPATH\CodeIgniter.php(896): App\Controllers\Dashboard->presensi('FCPATH\\js', 'qrcode.js')
 7 SYSTEMPATH\CodeIgniter.php(466): CodeIgniter\CodeIgniter->runController(Object(App\Controllers\Dashboard))
 8 SYSTEMPATH\CodeIgniter.php(349): CodeIgniter\CodeIgniter->handleRequest(null, Object(Config\Cache), false)
 9 FCPATH\index.php(55): CodeIgniter\CodeIgniter->run()
10 SYSTEMPATH\Commands\Server\rewrite.php(43): require_once('FCPATH\\index.php')
CRITICAL - 2022-09-12 16:00:04 --> Trying to access array offset on value of type null
in APPPATH\Views\dashboard\presensi.php on line 6.
 1 APPPATH\Views\dashboard\presensi.php(6): CodeIgniter\Debug\Exceptions->errorHandler(8, 'Trying to access array offset on value of type null', 'APPPATH\\Views\\dashboard\\presensi.php', 6, [...])
 2 SYSTEMPATH\View\View.php(213): include('APPPATH\\Views\\dashboard\\presensi.php')
 3 SYSTEMPATH\View\View.php(216): CodeIgniter\View\View->CodeIgniter\View\{closure}()
 4 SYSTEMPATH\Common.php(1135): CodeIgniter\View\View->render('dashboard/presensi', [], true)
 5 APPPATH\Controllers\Dashboard.php(106): view('dashboard/presensi', [...])
 6 SYSTEMPATH\CodeIgniter.php(896): App\Controllers\Dashboard->presensi('FCPATH\\js', 'jsfunctions.js')
 7 SYSTEMPATH\CodeIgniter.php(466): CodeIgniter\CodeIgniter->runController(Object(App\Controllers\Dashboard))
 8 SYSTEMPATH\CodeIgniter.php(349): CodeIgniter\CodeIgniter->handleRequest(null, Object(Config\Cache), false)
 9 FCPATH\index.php(55): CodeIgniter\CodeIgniter->run()
10 SYSTEMPATH\Commands\Server\rewrite.php(43): require_once('FCPATH\\index.php')
CRITICAL - 2022-09-12 16:00:04 --> Trying to access array offset on value of type null
in APPPATH\Views\dashboard\presensi.php on line 6.
 1 APPPATH\Views\dashboard\presensi.php(6): CodeIgniter\Debug\Exceptions->errorHandler(8, 'Trying to access array offset on value of type null', 'APPPATH\\Views\\dashboard\\presensi.php', 6, [...])
 2 SYSTEMPATH\View\View.php(213): include('APPPATH\\Views\\dashboard\\presensi.php')
 3 SYSTEMPATH\View\View.php(216): CodeIgniter\View\View->CodeIgniter\View\{closure}()
 4 SYSTEMPATH\Common.php(1135): CodeIgniter\View\View->render('dashboard/presensi', [], true)
 5 APPPATH\Controllers\Dashboard.php(106): view('dashboard/presensi', [...])
 6 SYSTEMPATH\CodeIgniter.php(896): App\Controllers\Dashboard->presensi('FCPATH\\js', 'qrcode.js')
 7 SYSTEMPATH\CodeIgniter.php(466): CodeIgniter\CodeIgniter->runController(Object(App\Controllers\Dashboard))
 8 SYSTEMPATH\CodeIgniter.php(349): CodeIgniter\CodeIgniter->handleRequest(null, Object(Config\Cache), false)
 9 FCPATH\index.php(55): CodeIgniter\CodeIgniter->run()
10 SYSTEMPATH\Commands\Server\rewrite.php(43): require_once('FCPATH\\index.php')
CRITICAL - 2022-09-12 16:03:06 --> Trying to access array offset on value of type null
in APPPATH\Views\dashboard\presensi.php on line 6.
 1 APPPATH\Views\dashboard\presensi.php(6): CodeIgniter\Debug\Exceptions->errorHandler(8, 'Trying to access array offset on value of type null', 'APPPATH\\Views\\dashboard\\presensi.php', 6, [...])
 2 SYSTEMPATH\View\View.php(213): include('APPPATH\\Views\\dashboard\\presensi.php')
 3 SYSTEMPATH\View\View.php(216): CodeIgniter\View\View->CodeIgniter\View\{closure}()
 4 SYSTEMPATH\Common.php(1135): CodeIgniter\View\View->render('dashboard/presensi', [], true)
 5 APPPATH\Controllers\Dashboard.php(106): view('dashboard/presensi', [...])
 6 SYSTEMPATH\CodeIgniter.php(896): App\Controllers\Dashboard->presensi('FCPATH\\js', 'jsfunctions.js')
 7 SYSTEMPATH\CodeIgniter.php(466): CodeIgniter\CodeIgniter->runController(Object(App\Controllers\Dashboard))
 8 SYSTEMPATH\CodeIgniter.php(349): CodeIgniter\CodeIgniter->handleRequest(null, Object(Config\Cache), false)
 9 FCPATH\index.php(55): CodeIgniter\CodeIgniter->run()
10 SYSTEMPATH\Commands\Server\rewrite.php(43): require_once('FCPATH\\index.php')
CRITICAL - 2022-09-12 16:03:06 --> Trying to access array offset on value of type null
in APPPATH\Views\dashboard\presensi.php on line 6.
 1 APPPATH\Views\dashboard\presensi.php(6): CodeIgniter\Debug\Exceptions->errorHandler(8, 'Trying to access array offset on value of type null', 'APPPATH\\Views\\dashboard\\presensi.php', 6, [...])
 2 SYSTEMPATH\View\View.php(213): include('APPPATH\\Views\\dashboard\\presensi.php')
 3 SYSTEMPATH\View\View.php(216): CodeIgniter\View\View->CodeIgniter\View\{closure}()
 4 SYSTEMPATH\Common.php(1135): CodeIgniter\View\View->render('dashboard/presensi', [], true)
 5 APPPATH\Controllers\Dashboard.php(106): view('dashboard/presensi', [...])
 6 SYSTEMPATH\CodeIgniter.php(896): App\Controllers\Dashboard->presensi('FCPATH\\js', 'qrcode.js')
 7 SYSTEMPATH\CodeIgniter.php(466): CodeIgniter\CodeIgniter->runController(Object(App\Controllers\Dashboard))
 8 SYSTEMPATH\CodeIgniter.php(349): CodeIgniter\CodeIgniter->handleRequest(null, Object(Config\Cache), false)
 9 FCPATH\index.php(55): CodeIgniter\CodeIgniter->run()
10 SYSTEMPATH\Commands\Server\rewrite.php(43): require_once('FCPATH\\index.php')
CRITICAL - 2022-09-12 16:03:10 --> Trying to access array offset on value of type null
in APPPATH\Views\dashboard\presensi.php on line 6.
 1 APPPATH\Views\dashboard\presensi.php(6): CodeIgniter\Debug\Exceptions->errorHandler(8, 'Trying to access array offset on value of type null', 'APPPATH\\Views\\dashboard\\presensi.php', 6, [...])
 2 SYSTEMPATH\View\View.php(213): include('APPPATH\\Views\\dashboard\\presensi.php')
 3 SYSTEMPATH\View\View.php(216): CodeIgniter\View\View->CodeIgniter\View\{closure}()
 4 SYSTEMPATH\Common.php(1135): CodeIgniter\View\View->render('dashboard/presensi', [], true)
 5 APPPATH\Controllers\Dashboard.php(106): view('dashboard/presensi', [...])
 6 SYSTEMPATH\CodeIgniter.php(896): App\Controllers\Dashboard->presensi('FCPATH\\js', 'jsfunctions.js')
 7 SYSTEMPATH\CodeIgniter.php(466): CodeIgniter\CodeIgniter->runController(Object(App\Controllers\Dashboard))
 8 SYSTEMPATH\CodeIgniter.php(349): CodeIgniter\CodeIgniter->handleRequest(null, Object(Config\Cache), false)
 9 FCPATH\index.php(55): CodeIgniter\CodeIgniter->run()
10 SYSTEMPATH\Commands\Server\rewrite.php(43): require_once('FCPATH\\index.php')
CRITICAL - 2022-09-12 16:03:10 --> Trying to access array offset on value of type null
in APPPATH\Views\dashboard\presensi.php on line 6.
 1 APPPATH\Views\dashboard\presensi.php(6): CodeIgniter\Debug\Exceptions->errorHandler(8, 'Trying to access array offset on value of type null', 'APPPATH\\Views\\dashboard\\presensi.php', 6, [...])
 2 SYSTEMPATH\View\View.php(213): include('APPPATH\\Views\\dashboard\\presensi.php')
 3 SYSTEMPATH\View\View.php(216): CodeIgniter\View\View->CodeIgniter\View\{closure}()
 4 SYSTEMPATH\Common.php(1135): CodeIgniter\View\View->render('dashboard/presensi', [], true)
 5 APPPATH\Controllers\Dashboard.php(106): view('dashboard/presensi', [...])
 6 SYSTEMPATH\CodeIgniter.php(896): App\Controllers\Dashboard->presensi('FCPATH\\js', 'qrcode.js')
 7 SYSTEMPATH\CodeIgniter.php(466): CodeIgniter\CodeIgniter->runController(Object(App\Controllers\Dashboard))
 8 SYSTEMPATH\CodeIgniter.php(349): CodeIgniter\CodeIgniter->handleRequest(null, Object(Config\Cache), false)
 9 FCPATH\index.php(55): CodeIgniter\CodeIgniter->run()
10 SYSTEMPATH\Commands\Server\rewrite.php(43): require_once('FCPATH\\index.php')
CRITICAL - 2022-09-12 16:04:47 --> Trying to access array offset on value of type null
in APPPATH\Views\dashboard\presensi.php on line 6.
 1 APPPATH\Views\dashboard\presensi.php(6): CodeIgniter\Debug\Exceptions->errorHandler(8, 'Trying to access array offset on value of type null', 'APPPATH\\Views\\dashboard\\presensi.php', 6, [...])
 2 SYSTEMPATH\View\View.php(213): include('APPPATH\\Views\\dashboard\\presensi.php')
 3 SYSTEMPATH\View\View.php(216): CodeIgniter\View\View->CodeIgniter\View\{closure}()
 4 SYSTEMPATH\Common.php(1135): CodeIgniter\View\View->render('dashboard/presensi', [], true)
 5 APPPATH\Controllers\Dashboard.php(106): view('dashboard/presensi', [...])
 6 SYSTEMPATH\CodeIgniter.php(896): App\Controllers\Dashboard->presensi('FCPATH\\js', 'jsfunctions.js')
 7 SYSTEMPATH\CodeIgniter.php(466): CodeIgniter\CodeIgniter->runController(Object(App\Controllers\Dashboard))
 8 SYSTEMPATH\CodeIgniter.php(349): CodeIgniter\CodeIgniter->handleRequest(null, Object(Config\Cache), false)
 9 FCPATH\index.php(55): CodeIgniter\CodeIgniter->run()
10 SYSTEMPATH\Commands\Server\rewrite.php(43): require_once('FCPATH\\index.php')
CRITICAL - 2022-09-12 16:04:48 --> Trying to access array offset on value of type null
in APPPATH\Views\dashboard\presensi.php on line 6.
 1 APPPATH\Views\dashboard\presensi.php(6): CodeIgniter\Debug\Exceptions->errorHandler(8, 'Trying to access array offset on value of type null', 'APPPATH\\Views\\dashboard\\presensi.php', 6, [...])
 2 SYSTEMPATH\View\View.php(213): include('APPPATH\\Views\\dashboard\\presensi.php')
 3 SYSTEMPATH\View\View.php(216): CodeIgniter\View\View->CodeIgniter\View\{closure}()
 4 SYSTEMPATH\Common.php(1135): CodeIgniter\View\View->render('dashboard/presensi', [], true)
 5 APPPATH\Controllers\Dashboard.php(106): view('dashboard/presensi', [...])
 6 SYSTEMPATH\CodeIgniter.php(896): App\Controllers\Dashboard->presensi('FCPATH\\js', 'qrcode.js')
 7 SYSTEMPATH\CodeIgniter.php(466): CodeIgniter\CodeIgniter->runController(Object(App\Controllers\Dashboard))
 8 SYSTEMPATH\CodeIgniter.php(349): CodeIgniter\CodeIgniter->handleRequest(null, Object(Config\Cache), false)
 9 FCPATH\index.php(55): CodeIgniter\CodeIgniter->run()
10 SYSTEMPATH\Commands\Server\rewrite.php(43): require_once('FCPATH\\index.php')
CRITICAL - 2022-09-12 16:07:54 --> Trying to access array offset on value of type null
in APPPATH\Views\dashboard\presensi.php on line 6.
 1 APPPATH\Views\dashboard\presensi.php(6): CodeIgniter\Debug\Exceptions->errorHandler(8, 'Trying to access array offset on value of type null', 'APPPATH\\Views\\dashboard\\presensi.php', 6, [...])
 2 SYSTEMPATH\View\View.php(213): include('APPPATH\\Views\\dashboard\\presensi.php')
 3 SYSTEMPATH\View\View.php(216): CodeIgniter\View\View->CodeIgniter\View\{closure}()
 4 SYSTEMPATH\Common.php(1135): CodeIgniter\View\View->render('dashboard/presensi', [], true)
 5 APPPATH\Controllers\Dashboard.php(106): view('dashboard/presensi', [...])
 6 SYSTEMPATH\CodeIgniter.php(896): App\Controllers\Dashboard->presensi('FCPATH\\js', 'jsfunctions.js')
 7 SYSTEMPATH\CodeIgniter.php(466): CodeIgniter\CodeIgniter->runController(Object(App\Controllers\Dashboard))
 8 SYSTEMPATH\CodeIgniter.php(349): CodeIgniter\CodeIgniter->handleRequest(null, Object(Config\Cache), false)
 9 FCPATH\index.php(55): CodeIgniter\CodeIgniter->run()
10 SYSTEMPATH\Commands\Server\rewrite.php(43): require_once('FCPATH\\index.php')
CRITICAL - 2022-09-12 16:07:54 --> Trying to access array offset on value of type null
in APPPATH\Views\dashboard\presensi.php on line 6.
 1 APPPATH\Views\dashboard\presensi.php(6): CodeIgniter\Debug\Exceptions->errorHandler(8, 'Trying to access array offset on value of type null', 'APPPATH\\Views\\dashboard\\presensi.php', 6, [...])
 2 SYSTEMPATH\View\View.php(213): include('APPPATH\\Views\\dashboard\\presensi.php')
 3 SYSTEMPATH\View\View.php(216): CodeIgniter\View\View->CodeIgniter\View\{closure}()
 4 SYSTEMPATH\Common.php(1135): CodeIgniter\View\View->render('dashboard/presensi', [], true)
 5 APPPATH\Controllers\Dashboard.php(106): view('dashboard/presensi', [...])
 6 SYSTEMPATH\CodeIgniter.php(896): App\Controllers\Dashboard->presensi('FCPATH\\js', 'qrcode.js')
 7 SYSTEMPATH\CodeIgniter.php(466): CodeIgniter\CodeIgniter->runController(Object(App\Controllers\Dashboard))
 8 SYSTEMPATH\CodeIgniter.php(349): CodeIgniter\CodeIgniter->handleRequest(null, Object(Config\Cache), false)
 9 FCPATH\index.php(55): CodeIgniter\CodeIgniter->run()
10 SYSTEMPATH\Commands\Server\rewrite.php(43): require_once('FCPATH\\index.php')
CRITICAL - 2022-09-12 16:19:33 --> Trying to access array offset on value of type null
in APPPATH\Views\dashboard\presensi.php on line 6.
 1 APPPATH\Views\dashboard\presensi.php(6): CodeIgniter\Debug\Exceptions->errorHandler(8, 'Trying to access array offset on value of type null', 'APPPATH\\Views\\dashboard\\presensi.php', 6, [...])
 2 SYSTEMPATH\View\View.php(213): include('APPPATH\\Views\\dashboard\\presensi.php')
 3 SYSTEMPATH\View\View.php(216): CodeIgniter\View\View->CodeIgniter\View\{closure}()
 4 SYSTEMPATH\Common.php(1135): CodeIgniter\View\View->render('dashboard/presensi', [], true)
 5 APPPATH\Controllers\Dashboard.php(106): view('dashboard/presensi', [...])
 6 SYSTEMPATH\CodeIgniter.php(896): App\Controllers\Dashboard->presensi('FCPATH\\js', 'jsfunctions.js')
 7 SYSTEMPATH\CodeIgniter.php(466): CodeIgniter\CodeIgniter->runController(Object(App\Controllers\Dashboard))
 8 SYSTEMPATH\CodeIgniter.php(349): CodeIgniter\CodeIgniter->handleRequest(null, Object(Config\Cache), false)
 9 FCPATH\index.php(55): CodeIgniter\CodeIgniter->run()
10 SYSTEMPATH\Commands\Server\rewrite.php(43): require_once('FCPATH\\index.php')
CRITICAL - 2022-09-12 16:19:33 --> Trying to access array offset on value of type null
in APPPATH\Views\dashboard\presensi.php on line 6.
 1 APPPATH\Views\dashboard\presensi.php(6): CodeIgniter\Debug\Exceptions->errorHandler(8, 'Trying to access array offset on value of type null', 'APPPATH\\Views\\dashboard\\presensi.php', 6, [...])
 2 SYSTEMPATH\View\View.php(213): include('APPPATH\\Views\\dashboard\\presensi.php')
 3 SYSTEMPATH\View\View.php(216): CodeIgniter\View\View->CodeIgniter\View\{closure}()
 4 SYSTEMPATH\Common.php(1135): CodeIgniter\View\View->render('dashboard/presensi', [], true)
 5 APPPATH\Controllers\Dashboard.php(106): view('dashboard/presensi', [...])
 6 SYSTEMPATH\CodeIgniter.php(896): App\Controllers\Dashboard->presensi('FCPATH\\js', 'qrcode.js')
 7 SYSTEMPATH\CodeIgniter.php(466): CodeIgniter\CodeIgniter->runController(Object(App\Controllers\Dashboard))
 8 SYSTEMPATH\CodeIgniter.php(349): CodeIgniter\CodeIgniter->handleRequest(null, Object(Config\Cache), false)
 9 FCPATH\index.php(55): CodeIgniter\CodeIgniter->run()
10 SYSTEMPATH\Commands\Server\rewrite.php(43): require_once('FCPATH\\index.php')
CRITICAL - 2022-09-12 16:21:32 --> Trying to access array offset on value of type null
in APPPATH\Views\dashboard\presensi.php on line 6.
 1 APPPATH\Views\dashboard\presensi.php(6): CodeIgniter\Debug\Exceptions->errorHandler(8, 'Trying to access array offset on value of type null', 'APPPATH\\Views\\dashboard\\presensi.php', 6, [...])
 2 SYSTEMPATH\View\View.php(213): include('APPPATH\\Views\\dashboard\\presensi.php')
 3 SYSTEMPATH\View\View.php(216): CodeIgniter\View\View->CodeIgniter\View\{closure}()
 4 SYSTEMPATH\Common.php(1135): CodeIgniter\View\View->render('dashboard/presensi', [], true)
 5 APPPATH\Controllers\Dashboard.php(106): view('dashboard/presensi', [...])
 6 SYSTEMPATH\CodeIgniter.php(896): App\Controllers\Dashboard->presensi('FCPATH\\js', 'jsfunctions.js')
 7 SYSTEMPATH\CodeIgniter.php(466): CodeIgniter\CodeIgniter->runController(Object(App\Controllers\Dashboard))
 8 SYSTEMPATH\CodeIgniter.php(349): CodeIgniter\CodeIgniter->handleRequest(null, Object(Config\Cache), false)
 9 FCPATH\index.php(55): CodeIgniter\CodeIgniter->run()
10 SYSTEMPATH\Commands\Server\rewrite.php(43): require_once('FCPATH\\index.php')
CRITICAL - 2022-09-12 16:21:33 --> Trying to access array offset on value of type null
in APPPATH\Views\dashboard\presensi.php on line 6.
 1 APPPATH\Views\dashboard\presensi.php(6): CodeIgniter\Debug\Exceptions->errorHandler(8, 'Trying to access array offset on value of type null', 'APPPATH\\Views\\dashboard\\presensi.php', 6, [...])
 2 SYSTEMPATH\View\View.php(213): include('APPPATH\\Views\\dashboard\\presensi.php')
 3 SYSTEMPATH\View\View.php(216): CodeIgniter\View\View->CodeIgniter\View\{closure}()
 4 SYSTEMPATH\Common.php(1135): CodeIgniter\View\View->render('dashboard/presensi', [], true)
 5 APPPATH\Controllers\Dashboard.php(106): view('dashboard/presensi', [...])
 6 SYSTEMPATH\CodeIgniter.php(896): App\Controllers\Dashboard->presensi('FCPATH\\js', 'qrcode.js')
 7 SYSTEMPATH\CodeIgniter.php(466): CodeIgniter\CodeIgniter->runController(Object(App\Controllers\Dashboard))
 8 SYSTEMPATH\CodeIgniter.php(349): CodeIgniter\CodeIgniter->handleRequest(null, Object(Config\Cache), false)
 9 FCPATH\index.php(55): CodeIgniter\CodeIgniter->run()
10 SYSTEMPATH\Commands\Server\rewrite.php(43): require_once('FCPATH\\index.php')
CRITICAL - 2022-09-12 16:21:48 --> Trying to access array offset on value of type null
in APPPATH\Views\dashboard\presensi.php on line 6.
 1 APPPATH\Views\dashboard\presensi.php(6): CodeIgniter\Debug\Exceptions->errorHandler(8, 'Trying to access array offset on value of type null', 'APPPATH\\Views\\dashboard\\presensi.php', 6, [...])
 2 SYSTEMPATH\View\View.php(213): include('APPPATH\\Views\\dashboard\\presensi.php')
 3 SYSTEMPATH\View\View.php(216): CodeIgniter\View\View->CodeIgniter\View\{closure}()
 4 SYSTEMPATH\Common.php(1135): CodeIgniter\View\View->render('dashboard/presensi', [], true)
 5 APPPATH\Controllers\Dashboard.php(106): view('dashboard/presensi', [...])
 6 SYSTEMPATH\CodeIgniter.php(896): App\Controllers\Dashboard->presensi('FCPATH\\js', 'jsfunctions.js')
 7 SYSTEMPATH\CodeIgniter.php(466): CodeIgniter\CodeIgniter->runController(Object(App\Controllers\Dashboard))
 8 SYSTEMPATH\CodeIgniter.php(349): CodeIgniter\CodeIgniter->handleRequest(null, Object(Config\Cache), false)
 9 FCPATH\index.php(55): CodeIgniter\CodeIgniter->run()
10 SYSTEMPATH\Commands\Server\rewrite.php(43): require_once('FCPATH\\index.php')
CRITICAL - 2022-09-12 16:21:48 --> Trying to access array offset on value of type null
in APPPATH\Views\dashboard\presensi.php on line 6.
 1 APPPATH\Views\dashboard\presensi.php(6): CodeIgniter\Debug\Exceptions->errorHandler(8, 'Trying to access array offset on value of type null', 'APPPATH\\Views\\dashboard\\presensi.php', 6, [...])
 2 SYSTEMPATH\View\View.php(213): include('APPPATH\\Views\\dashboard\\presensi.php')
 3 SYSTEMPATH\View\View.php(216): CodeIgniter\View\View->CodeIgniter\View\{closure}()
 4 SYSTEMPATH\Common.php(1135): CodeIgniter\View\View->render('dashboard/presensi', [], true)
 5 APPPATH\Controllers\Dashboard.php(106): view('dashboard/presensi', [...])
 6 SYSTEMPATH\CodeIgniter.php(896): App\Controllers\Dashboard->presensi('FCPATH\\js', 'qrcode.js')
 7 SYSTEMPATH\CodeIgniter.php(466): CodeIgniter\CodeIgniter->runController(Object(App\Controllers\Dashboard))
 8 SYSTEMPATH\CodeIgniter.php(349): CodeIgniter\CodeIgniter->handleRequest(null, Object(Config\Cache), false)
 9 FCPATH\index.php(55): CodeIgniter\CodeIgniter->run()
10 SYSTEMPATH\Commands\Server\rewrite.php(43): require_once('FCPATH\\index.php')
CRITICAL - 2022-09-12 16:22:00 --> Trying to access array offset on value of type null
in APPPATH\Views\dashboard\presensi.php on line 6.
 1 APPPATH\Views\dashboard\presensi.php(6): CodeIgniter\Debug\Exceptions->errorHandler(8, 'Trying to access array offset on value of type null', 'APPPATH\\Views\\dashboard\\presensi.php', 6, [...])
 2 SYSTEMPATH\View\View.php(213): include('APPPATH\\Views\\dashboard\\presensi.php')
 3 SYSTEMPATH\View\View.php(216): CodeIgniter\View\View->CodeIgniter\View\{closure}()
 4 SYSTEMPATH\Common.php(1135): CodeIgniter\View\View->render('dashboard/presensi', [], true)
 5 APPPATH\Controllers\Dashboard.php(106): view('dashboard/presensi', [...])
 6 SYSTEMPATH\CodeIgniter.php(896): App\Controllers\Dashboard->presensi('FCPATH\\js', 'jsfunctions.js')
 7 SYSTEMPATH\CodeIgniter.php(466): CodeIgniter\CodeIgniter->runController(Object(App\Controllers\Dashboard))
 8 SYSTEMPATH\CodeIgniter.php(349): CodeIgniter\CodeIgniter->handleRequest(null, Object(Config\Cache), false)
 9 FCPATH\index.php(55): CodeIgniter\CodeIgniter->run()
10 SYSTEMPATH\Commands\Server\rewrite.php(43): require_once('FCPATH\\index.php')
CRITICAL - 2022-09-12 16:22:01 --> Trying to access array offset on value of type null
in APPPATH\Views\dashboard\presensi.php on line 6.
 1 APPPATH\Views\dashboard\presensi.php(6): CodeIgniter\Debug\Exceptions->errorHandler(8, 'Trying to access array offset on value of type null', 'APPPATH\\Views\\dashboard\\presensi.php', 6, [...])
 2 SYSTEMPATH\View\View.php(213): include('APPPATH\\Views\\dashboard\\presensi.php')
 3 SYSTEMPATH\View\View.php(216): CodeIgniter\View\View->CodeIgniter\View\{closure}()
 4 SYSTEMPATH\Common.php(1135): CodeIgniter\View\View->render('dashboard/presensi', [], true)
 5 APPPATH\Controllers\Dashboard.php(106): view('dashboard/presensi', [...])
 6 SYSTEMPATH\CodeIgniter.php(896): App\Controllers\Dashboard->presensi('FCPATH\\js', 'qrcode.js')
 7 SYSTEMPATH\CodeIgniter.php(466): CodeIgniter\CodeIgniter->runController(Object(App\Controllers\Dashboard))
 8 SYSTEMPATH\CodeIgniter.php(349): CodeIgniter\CodeIgniter->handleRequest(null, Object(Config\Cache), false)
 9 FCPATH\index.php(55): CodeIgniter\CodeIgniter->run()
10 SYSTEMPATH\Commands\Server\rewrite.php(43): require_once('FCPATH\\index.php')
CRITICAL - 2022-09-12 16:22:28 --> Trying to access array offset on value of type null
in APPPATH\Views\dashboard\presensi.php on line 6.
 1 APPPATH\Views\dashboard\presensi.php(6): CodeIgniter\Debug\Exceptions->errorHandler(8, 'Trying to access array offset on value of type null', 'APPPATH\\Views\\dashboard\\presensi.php', 6, [...])
 2 SYSTEMPATH\View\View.php(213): include('APPPATH\\Views\\dashboard\\presensi.php')
 3 SYSTEMPATH\View\View.php(216): CodeIgniter\View\View->CodeIgniter\View\{closure}()
 4 SYSTEMPATH\Common.php(1135): CodeIgniter\View\View->render('dashboard/presensi', [], true)
 5 APPPATH\Controllers\Dashboard.php(106): view('dashboard/presensi', [...])
 6 SYSTEMPATH\CodeIgniter.php(896): App\Controllers\Dashboard->presensi('FCPATH\\js', 'jsfunctions.js')
 7 SYSTEMPATH\CodeIgniter.php(466): CodeIgniter\CodeIgniter->runController(Object(App\Controllers\Dashboard))
 8 SYSTEMPATH\CodeIgniter.php(349): CodeIgniter\CodeIgniter->handleRequest(null, Object(Config\Cache), false)
 9 FCPATH\index.php(55): CodeIgniter\CodeIgniter->run()
10 SYSTEMPATH\Commands\Server\rewrite.php(43): require_once('FCPATH\\index.php')
CRITICAL - 2022-09-12 16:22:28 --> Trying to access array offset on value of type null
in APPPATH\Views\dashboard\presensi.php on line 6.
 1 APPPATH\Views\dashboard\presensi.php(6): CodeIgniter\Debug\Exceptions->errorHandler(8, 'Trying to access array offset on value of type null', 'APPPATH\\Views\\dashboard\\presensi.php', 6, [...])
 2 SYSTEMPATH\View\View.php(213): include('APPPATH\\Views\\dashboard\\presensi.php')
 3 SYSTEMPATH\View\View.php(216): CodeIgniter\View\View->CodeIgniter\View\{closure}()
 4 SYSTEMPATH\Common.php(1135): CodeIgniter\View\View->render('dashboard/presensi', [], true)
 5 APPPATH\Controllers\Dashboard.php(106): view('dashboard/presensi', [...])
 6 SYSTEMPATH\CodeIgniter.php(896): App\Controllers\Dashboard->presensi('FCPATH\\js', 'qrcode.js')
 7 SYSTEMPATH\CodeIgniter.php(466): CodeIgniter\CodeIgniter->runController(Object(App\Controllers\Dashboard))
 8 SYSTEMPATH\CodeIgniter.php(349): CodeIgniter\CodeIgniter->handleRequest(null, Object(Config\Cache), false)
 9 FCPATH\index.php(55): CodeIgniter\CodeIgniter->run()
10 SYSTEMPATH\Commands\Server\rewrite.php(43): require_once('FCPATH\\index.php')
CRITICAL - 2022-09-12 16:22:41 --> Trying to access array offset on value of type null
in APPPATH\Views\dashboard\presensi.php on line 6.
 1 APPPATH\Views\dashboard\presensi.php(6): CodeIgniter\Debug\Exceptions->errorHandler(8, 'Trying to access array offset on value of type null', 'APPPATH\\Views\\dashboard\\presensi.php', 6, [...])
 2 SYSTEMPATH\View\View.php(213): include('APPPATH\\Views\\dashboard\\presensi.php')
 3 SYSTEMPATH\View\View.php(216): CodeIgniter\View\View->CodeIgniter\View\{closure}()
 4 SYSTEMPATH\Common.php(1135): CodeIgniter\View\View->render('dashboard/presensi', [], true)
 5 APPPATH\Controllers\Dashboard.php(106): view('dashboard/presensi', [...])
 6 SYSTEMPATH\CodeIgniter.php(896): App\Controllers\Dashboard->presensi('FCPATH\\js', 'jsfunctions.js')
 7 SYSTEMPATH\CodeIgniter.php(466): CodeIgniter\CodeIgniter->runController(Object(App\Controllers\Dashboard))
 8 SYSTEMPATH\CodeIgniter.php(349): CodeIgniter\CodeIgniter->handleRequest(null, Object(Config\Cache), false)
 9 FCPATH\index.php(55): CodeIgniter\CodeIgniter->run()
10 SYSTEMPATH\Commands\Server\rewrite.php(43): require_once('FCPATH\\index.php')
CRITICAL - 2022-09-12 16:22:41 --> Trying to access array offset on value of type null
in APPPATH\Views\dashboard\presensi.php on line 6.
 1 APPPATH\Views\dashboard\presensi.php(6): CodeIgniter\Debug\Exceptions->errorHandler(8, 'Trying to access array offset on value of type null', 'APPPATH\\Views\\dashboard\\presensi.php', 6, [...])
 2 SYSTEMPATH\View\View.php(213): include('APPPATH\\Views\\dashboard\\presensi.php')
 3 SYSTEMPATH\View\View.php(216): CodeIgniter\View\View->CodeIgniter\View\{closure}()
 4 SYSTEMPATH\Common.php(1135): CodeIgniter\View\View->render('dashboard/presensi', [], true)
 5 APPPATH\Controllers\Dashboard.php(106): view('dashboard/presensi', [...])
 6 SYSTEMPATH\CodeIgniter.php(896): App\Controllers\Dashboard->presensi('FCPATH\\js', 'qrcode.js')
 7 SYSTEMPATH\CodeIgniter.php(466): CodeIgniter\CodeIgniter->runController(Object(App\Controllers\Dashboard))
 8 SYSTEMPATH\CodeIgniter.php(349): CodeIgniter\CodeIgniter->handleRequest(null, Object(Config\Cache), false)
 9 FCPATH\index.php(55): CodeIgniter\CodeIgniter->run()
10 SYSTEMPATH\Commands\Server\rewrite.php(43): require_once('FCPATH\\index.php')
CRITICAL - 2022-09-12 16:23:05 --> Trying to access array offset on value of type null
in APPPATH\Views\dashboard\presensi.php on line 6.
 1 APPPATH\Views\dashboard\presensi.php(6): CodeIgniter\Debug\Exceptions->errorHandler(8, 'Trying to access array offset on value of type null', 'APPPATH\\Views\\dashboard\\presensi.php', 6, [...])
 2 SYSTEMPATH\View\View.php(213): include('APPPATH\\Views\\dashboard\\presensi.php')
 3 SYSTEMPATH\View\View.php(216): CodeIgniter\View\View->CodeIgniter\View\{closure}()
 4 SYSTEMPATH\Common.php(1135): CodeIgniter\View\View->render('dashboard/presensi', [], true)
 5 APPPATH\Controllers\Dashboard.php(106): view('dashboard/presensi', [...])
 6 SYSTEMPATH\CodeIgniter.php(896): App\Controllers\Dashboard->presensi('FCPATH\\js', 'jsfunctions.js')
 7 SYSTEMPATH\CodeIgniter.php(466): CodeIgniter\CodeIgniter->runController(Object(App\Controllers\Dashboard))
 8 SYSTEMPATH\CodeIgniter.php(349): CodeIgniter\CodeIgniter->handleRequest(null, Object(Config\Cache), false)
 9 FCPATH\index.php(55): CodeIgniter\CodeIgniter->run()
10 SYSTEMPATH\Commands\Server\rewrite.php(43): require_once('FCPATH\\index.php')
CRITICAL - 2022-09-12 16:23:05 --> Trying to access array offset on value of type null
in APPPATH\Views\dashboard\presensi.php on line 6.
 1 APPPATH\Views\dashboard\presensi.php(6): CodeIgniter\Debug\Exceptions->errorHandler(8, 'Trying to access array offset on value of type null', 'APPPATH\\Views\\dashboard\\presensi.php', 6, [...])
 2 SYSTEMPATH\View\View.php(213): include('APPPATH\\Views\\dashboard\\presensi.php')
 3 SYSTEMPATH\View\View.php(216): CodeIgniter\View\View->CodeIgniter\View\{closure}()
 4 SYSTEMPATH\Common.php(1135): CodeIgniter\View\View->render('dashboard/presensi', [], true)
 5 APPPATH\Controllers\Dashboard.php(106): view('dashboard/presensi', [...])
 6 SYSTEMPATH\CodeIgniter.php(896): App\Controllers\Dashboard->presensi('FCPATH\\js', 'qrcode.js')
 7 SYSTEMPATH\CodeIgniter.php(466): CodeIgniter\CodeIgniter->runController(Object(App\Controllers\Dashboard))
 8 SYSTEMPATH\CodeIgniter.php(349): CodeIgniter\CodeIgniter->handleRequest(null, Object(Config\Cache), false)
 9 FCPATH\index.php(55): CodeIgniter\CodeIgniter->run()
10 SYSTEMPATH\Commands\Server\rewrite.php(43): require_once('FCPATH\\index.php')
CRITICAL - 2022-09-12 16:54:38 --> Trying to access array offset on value of type null
in APPPATH\Views\dashboard\presensi.php on line 6.
 1 APPPATH\Views\dashboard\presensi.php(6): CodeIgniter\Debug\Exceptions->errorHandler(8, 'Trying to access array offset on value of type null', 'APPPATH\\Views\\dashboard\\presensi.php', 6, [...])
 2 SYSTEMPATH\View\View.php(213): include('APPPATH\\Views\\dashboard\\presensi.php')
 3 SYSTEMPATH\View\View.php(216): CodeIgniter\View\View->CodeIgniter\View\{closure}()
 4 SYSTEMPATH\Common.php(1135): CodeIgniter\View\View->render('dashboard/presensi', [], true)
 5 APPPATH\Controllers\Dashboard.php(106): view('dashboard/presensi', [...])
 6 SYSTEMPATH\CodeIgniter.php(896): App\Controllers\Dashboard->presensi('FCPATH\\js', 'jsfunctions.js')
 7 SYSTEMPATH\CodeIgniter.php(466): CodeIgniter\CodeIgniter->runController(Object(App\Controllers\Dashboard))
 8 SYSTEMPATH\CodeIgniter.php(349): CodeIgniter\CodeIgniter->handleRequest(null, Object(Config\Cache), false)
 9 FCPATH\index.php(55): CodeIgniter\CodeIgniter->run()
10 SYSTEMPATH\Commands\Server\rewrite.php(43): require_once('FCPATH\\index.php')
CRITICAL - 2022-09-12 16:54:38 --> Trying to access array offset on value of type null
in APPPATH\Views\dashboard\presensi.php on line 6.
 1 APPPATH\Views\dashboard\presensi.php(6): CodeIgniter\Debug\Exceptions->errorHandler(8, 'Trying to access array offset on value of type null', 'APPPATH\\Views\\dashboard\\presensi.php', 6, [...])
 2 SYSTEMPATH\View\View.php(213): include('APPPATH\\Views\\dashboard\\presensi.php')
 3 SYSTEMPATH\View\View.php(216): CodeIgniter\View\View->CodeIgniter\View\{closure}()
 4 SYSTEMPATH\Common.php(1135): CodeIgniter\View\View->render('dashboard/presensi', [], true)
 5 APPPATH\Controllers\Dashboard.php(106): view('dashboard/presensi', [...])
 6 SYSTEMPATH\CodeIgniter.php(896): App\Controllers\Dashboard->presensi('FCPATH\\js', 'qrcode.js')
 7 SYSTEMPATH\CodeIgniter.php(466): CodeIgniter\CodeIgniter->runController(Object(App\Controllers\Dashboard))
 8 SYSTEMPATH\CodeIgniter.php(349): CodeIgniter\CodeIgniter->handleRequest(null, Object(Config\Cache), false)
 9 FCPATH\index.php(55): CodeIgniter\CodeIgniter->run()
10 SYSTEMPATH\Commands\Server\rewrite.php(43): require_once('FCPATH\\index.php')
CRITICAL - 2022-09-12 16:55:14 --> Trying to access array offset on value of type null
in APPPATH\Views\dashboard\presensi.php on line 6.
 1 APPPATH\Views\dashboard\presensi.php(6): CodeIgniter\Debug\Exceptions->errorHandler(8, 'Trying to access array offset on value of type null', 'APPPATH\\Views\\dashboard\\presensi.php', 6, [...])
 2 SYSTEMPATH\View\View.php(213): include('APPPATH\\Views\\dashboard\\presensi.php')
 3 SYSTEMPATH\View\View.php(216): CodeIgniter\View\View->CodeIgniter\View\{closure}()
 4 SYSTEMPATH\Common.php(1135): CodeIgniter\View\View->render('dashboard/presensi', [], true)
 5 APPPATH\Controllers\Dashboard.php(106): view('dashboard/presensi', [...])
 6 SYSTEMPATH\CodeIgniter.php(896): App\Controllers\Dashboard->presensi('FCPATH\\js', 'jsfunctions.js')
 7 SYSTEMPATH\CodeIgniter.php(466): CodeIgniter\CodeIgniter->runController(Object(App\Controllers\Dashboard))
 8 SYSTEMPATH\CodeIgniter.php(349): CodeIgniter\CodeIgniter->handleRequest(null, Object(Config\Cache), false)
 9 FCPATH\index.php(55): CodeIgniter\CodeIgniter->run()
10 SYSTEMPATH\Commands\Server\rewrite.php(43): require_once('FCPATH\\index.php')
CRITICAL - 2022-09-12 16:55:14 --> Trying to access array offset on value of type null
in APPPATH\Views\dashboard\presensi.php on line 6.
 1 APPPATH\Views\dashboard\presensi.php(6): CodeIgniter\Debug\Exceptions->errorHandler(8, 'Trying to access array offset on value of type null', 'APPPATH\\Views\\dashboard\\presensi.php', 6, [...])
 2 SYSTEMPATH\View\View.php(213): include('APPPATH\\Views\\dashboard\\presensi.php')
 3 SYSTEMPATH\View\View.php(216): CodeIgniter\View\View->CodeIgniter\View\{closure}()
 4 SYSTEMPATH\Common.php(1135): CodeIgniter\View\View->render('dashboard/presensi', [], true)
 5 APPPATH\Controllers\Dashboard.php(106): view('dashboard/presensi', [...])
 6 SYSTEMPATH\CodeIgniter.php(896): App\Controllers\Dashboard->presensi('FCPATH\\js', 'qrcode.js')
 7 SYSTEMPATH\CodeIgniter.php(466): CodeIgniter\CodeIgniter->runController(Object(App\Controllers\Dashboard))
 8 SYSTEMPATH\CodeIgniter.php(349): CodeIgniter\CodeIgniter->handleRequest(null, Object(Config\Cache), false)
 9 FCPATH\index.php(55): CodeIgniter\CodeIgniter->run()
10 SYSTEMPATH\Commands\Server\rewrite.php(43): require_once('FCPATH\\index.php')
CRITICAL - 2022-09-12 16:56:17 --> Trying to access array offset on value of type null
in APPPATH\Views\dashboard\presensi.php on line 6.
 1 APPPATH\Views\dashboard\presensi.php(6): CodeIgniter\Debug\Exceptions->errorHandler(8, 'Trying to access array offset on value of type null', 'APPPATH\\Views\\dashboard\\presensi.php', 6, [...])
 2 SYSTEMPATH\View\View.php(213): include('APPPATH\\Views\\dashboard\\presensi.php')
 3 SYSTEMPATH\View\View.php(216): CodeIgniter\View\View->CodeIgniter\View\{closure}()
 4 SYSTEMPATH\Common.php(1135): CodeIgniter\View\View->render('dashboard/presensi', [], true)
 5 APPPATH\Controllers\Dashboard.php(106): view('dashboard/presensi', [...])
 6 SYSTEMPATH\CodeIgniter.php(896): App\Controllers\Dashboard->presensi('FCPATH\\js', 'jsfunctions.js')
 7 SYSTEMPATH\CodeIgniter.php(466): CodeIgniter\CodeIgniter->runController(Object(App\Controllers\Dashboard))
 8 SYSTEMPATH\CodeIgniter.php(349): CodeIgniter\CodeIgniter->handleRequest(null, Object(Config\Cache), false)
 9 FCPATH\index.php(55): CodeIgniter\CodeIgniter->run()
10 SYSTEMPATH\Commands\Server\rewrite.php(43): require_once('FCPATH\\index.php')
CRITICAL - 2022-09-12 16:56:17 --> Trying to access array offset on value of type null
in APPPATH\Views\dashboard\presensi.php on line 6.
 1 APPPATH\Views\dashboard\presensi.php(6): CodeIgniter\Debug\Exceptions->errorHandler(8, 'Trying to access array offset on value of type null', 'APPPATH\\Views\\dashboard\\presensi.php', 6, [...])
 2 SYSTEMPATH\View\View.php(213): include('APPPATH\\Views\\dashboard\\presensi.php')
 3 SYSTEMPATH\View\View.php(216): CodeIgniter\View\View->CodeIgniter\View\{closure}()
 4 SYSTEMPATH\Common.php(1135): CodeIgniter\View\View->render('dashboard/presensi', [], true)
 5 APPPATH\Controllers\Dashboard.php(106): view('dashboard/presensi', [...])
 6 SYSTEMPATH\CodeIgniter.php(896): App\Controllers\Dashboard->presensi('FCPATH\\js', 'qrcode.js')
 7 SYSTEMPATH\CodeIgniter.php(466): CodeIgniter\CodeIgniter->runController(Object(App\Controllers\Dashboard))
 8 SYSTEMPATH\CodeIgniter.php(349): CodeIgniter\CodeIgniter->handleRequest(null, Object(Config\Cache), false)
 9 FCPATH\index.php(55): CodeIgniter\CodeIgniter->run()
10 SYSTEMPATH\Commands\Server\rewrite.php(43): require_once('FCPATH\\index.php')
CRITICAL - 2022-09-12 16:56:59 --> Trying to access array offset on value of type null
in APPPATH\Views\dashboard\presensi.php on line 6.
 1 APPPATH\Views\dashboard\presensi.php(6): CodeIgniter\Debug\Exceptions->errorHandler(8, 'Trying to access array offset on value of type null', 'APPPATH\\Views\\dashboard\\presensi.php', 6, [...])
 2 SYSTEMPATH\View\View.php(213): include('APPPATH\\Views\\dashboard\\presensi.php')
 3 SYSTEMPATH\View\View.php(216): CodeIgniter\View\View->CodeIgniter\View\{closure}()
 4 SYSTEMPATH\Common.php(1135): CodeIgniter\View\View->render('dashboard/presensi', [], true)
 5 APPPATH\Controllers\Dashboard.php(106): view('dashboard/presensi', [...])
 6 SYSTEMPATH\CodeIgniter.php(896): App\Controllers\Dashboard->presensi('FCPATH\\js', 'jsfunctions.js')
 7 SYSTEMPATH\CodeIgniter.php(466): CodeIgniter\CodeIgniter->runController(Object(App\Controllers\Dashboard))
 8 SYSTEMPATH\CodeIgniter.php(349): CodeIgniter\CodeIgniter->handleRequest(null, Object(Config\Cache), false)
 9 FCPATH\index.php(55): CodeIgniter\CodeIgniter->run()
10 SYSTEMPATH\Commands\Server\rewrite.php(43): require_once('FCPATH\\index.php')
CRITICAL - 2022-09-12 16:56:59 --> Trying to access array offset on value of type null
in APPPATH\Views\dashboard\presensi.php on line 6.
 1 APPPATH\Views\dashboard\presensi.php(6): CodeIgniter\Debug\Exceptions->errorHandler(8, 'Trying to access array offset on value of type null', 'APPPATH\\Views\\dashboard\\presensi.php', 6, [...])
 2 SYSTEMPATH\View\View.php(213): include('APPPATH\\Views\\dashboard\\presensi.php')
 3 SYSTEMPATH\View\View.php(216): CodeIgniter\View\View->CodeIgniter\View\{closure}()
 4 SYSTEMPATH\Common.php(1135): CodeIgniter\View\View->render('dashboard/presensi', [], true)
 5 APPPATH\Controllers\Dashboard.php(106): view('dashboard/presensi', [...])
 6 SYSTEMPATH\CodeIgniter.php(896): App\Controllers\Dashboard->presensi('FCPATH\\js', 'qrcode.js')
 7 SYSTEMPATH\CodeIgniter.php(466): CodeIgniter\CodeIgniter->runController(Object(App\Controllers\Dashboard))
 8 SYSTEMPATH\CodeIgniter.php(349): CodeIgniter\CodeIgniter->handleRequest(null, Object(Config\Cache), false)
 9 FCPATH\index.php(55): CodeIgniter\CodeIgniter->run()
10 SYSTEMPATH\Commands\Server\rewrite.php(43): require_once('FCPATH\\index.php')
CRITICAL - 2022-09-12 16:57:14 --> Trying to access array offset on value of type null
in APPPATH\Views\dashboard\presensi.php on line 6.
 1 APPPATH\Views\dashboard\presensi.php(6): CodeIgniter\Debug\Exceptions->errorHandler(8, 'Trying to access array offset on value of type null', 'APPPATH\\Views\\dashboard\\presensi.php', 6, [...])
 2 SYSTEMPATH\View\View.php(213): include('APPPATH\\Views\\dashboard\\presensi.php')
 3 SYSTEMPATH\View\View.php(216): CodeIgniter\View\View->CodeIgniter\View\{closure}()
 4 SYSTEMPATH\Common.php(1135): CodeIgniter\View\View->render('dashboard/presensi', [], true)
 5 APPPATH\Controllers\Dashboard.php(106): view('dashboard/presensi', [...])
 6 SYSTEMPATH\CodeIgniter.php(896): App\Controllers\Dashboard->presensi('FCPATH\\js', 'jsfunctions.js')
 7 SYSTEMPATH\CodeIgniter.php(466): CodeIgniter\CodeIgniter->runController(Object(App\Controllers\Dashboard))
 8 SYSTEMPATH\CodeIgniter.php(349): CodeIgniter\CodeIgniter->handleRequest(null, Object(Config\Cache), false)
 9 FCPATH\index.php(55): CodeIgniter\CodeIgniter->run()
10 SYSTEMPATH\Commands\Server\rewrite.php(43): require_once('FCPATH\\index.php')
CRITICAL - 2022-09-12 16:57:14 --> Trying to access array offset on value of type null
in APPPATH\Views\dashboard\presensi.php on line 6.
 1 APPPATH\Views\dashboard\presensi.php(6): CodeIgniter\Debug\Exceptions->errorHandler(8, 'Trying to access array offset on value of type null', 'APPPATH\\Views\\dashboard\\presensi.php', 6, [...])
 2 SYSTEMPATH\View\View.php(213): include('APPPATH\\Views\\dashboard\\presensi.php')
 3 SYSTEMPATH\View\View.php(216): CodeIgniter\View\View->CodeIgniter\View\{closure}()
 4 SYSTEMPATH\Common.php(1135): CodeIgniter\View\View->render('dashboard/presensi', [], true)
 5 APPPATH\Controllers\Dashboard.php(106): view('dashboard/presensi', [...])
 6 SYSTEMPATH\CodeIgniter.php(896): App\Controllers\Dashboard->presensi('FCPATH\\js', 'qrcode.js')
 7 SYSTEMPATH\CodeIgniter.php(466): CodeIgniter\CodeIgniter->runController(Object(App\Controllers\Dashboard))
 8 SYSTEMPATH\CodeIgniter.php(349): CodeIgniter\CodeIgniter->handleRequest(null, Object(Config\Cache), false)
 9 FCPATH\index.php(55): CodeIgniter\CodeIgniter->run()
10 SYSTEMPATH\Commands\Server\rewrite.php(43): require_once('FCPATH\\index.php')
CRITICAL - 2022-09-12 16:58:55 --> Trying to access array offset on value of type null
in APPPATH\Views\dashboard\presensi.php on line 6.
 1 APPPATH\Views\dashboard\presensi.php(6): CodeIgniter\Debug\Exceptions->errorHandler(8, 'Trying to access array offset on value of type null', 'APPPATH\\Views\\dashboard\\presensi.php', 6, [...])
 2 SYSTEMPATH\View\View.php(213): include('APPPATH\\Views\\dashboard\\presensi.php')
 3 SYSTEMPATH\View\View.php(216): CodeIgniter\View\View->CodeIgniter\View\{closure}()
 4 SYSTEMPATH\Common.php(1135): CodeIgniter\View\View->render('dashboard/presensi', [], true)
 5 APPPATH\Controllers\Dashboard.php(106): view('dashboard/presensi', [...])
 6 SYSTEMPATH\CodeIgniter.php(896): App\Controllers\Dashboard->presensi('FCPATH\\js', 'jsfunctions.js')
 7 SYSTEMPATH\CodeIgniter.php(466): CodeIgniter\CodeIgniter->runController(Object(App\Controllers\Dashboard))
 8 SYSTEMPATH\CodeIgniter.php(349): CodeIgniter\CodeIgniter->handleRequest(null, Object(Config\Cache), false)
 9 FCPATH\index.php(55): CodeIgniter\CodeIgniter->run()
10 SYSTEMPATH\Commands\Server\rewrite.php(43): require_once('FCPATH\\index.php')
CRITICAL - 2022-09-12 16:58:55 --> Trying to access array offset on value of type null
in APPPATH\Views\dashboard\presensi.php on line 6.
 1 APPPATH\Views\dashboard\presensi.php(6): CodeIgniter\Debug\Exceptions->errorHandler(8, 'Trying to access array offset on value of type null', 'APPPATH\\Views\\dashboard\\presensi.php', 6, [...])
 2 SYSTEMPATH\View\View.php(213): include('APPPATH\\Views\\dashboard\\presensi.php')
 3 SYSTEMPATH\View\View.php(216): CodeIgniter\View\View->CodeIgniter\View\{closure}()
 4 SYSTEMPATH\Common.php(1135): CodeIgniter\View\View->render('dashboard/presensi', [], true)
 5 APPPATH\Controllers\Dashboard.php(106): view('dashboard/presensi', [...])
 6 SYSTEMPATH\CodeIgniter.php(896): App\Controllers\Dashboard->presensi('FCPATH\\js', 'qrcode.js')
 7 SYSTEMPATH\CodeIgniter.php(466): CodeIgniter\CodeIgniter->runController(Object(App\Controllers\Dashboard))
 8 SYSTEMPATH\CodeIgniter.php(349): CodeIgniter\CodeIgniter->handleRequest(null, Object(Config\Cache), false)
 9 FCPATH\index.php(55): CodeIgniter\CodeIgniter->run()
10 SYSTEMPATH\Commands\Server\rewrite.php(43): require_once('FCPATH\\index.php')
CRITICAL - 2022-09-12 16:59:15 --> Trying to access array offset on value of type null
in APPPATH\Views\dashboard\presensi.php on line 6.
 1 APPPATH\Views\dashboard\presensi.php(6): CodeIgniter\Debug\Exceptions->errorHandler(8, 'Trying to access array offset on value of type null', 'APPPATH\\Views\\dashboard\\presensi.php', 6, [...])
 2 SYSTEMPATH\View\View.php(213): include('APPPATH\\Views\\dashboard\\presensi.php')
 3 SYSTEMPATH\View\View.php(216): CodeIgniter\View\View->CodeIgniter\View\{closure}()
 4 SYSTEMPATH\Common.php(1135): CodeIgniter\View\View->render('dashboard/presensi', [], true)
 5 APPPATH\Controllers\Dashboard.php(106): view('dashboard/presensi', [...])
 6 SYSTEMPATH\CodeIgniter.php(896): App\Controllers\Dashboard->presensi('FCPATH\\js', 'jsfunctions.js')
 7 SYSTEMPATH\CodeIgniter.php(466): CodeIgniter\CodeIgniter->runController(Object(App\Controllers\Dashboard))
 8 SYSTEMPATH\CodeIgniter.php(349): CodeIgniter\CodeIgniter->handleRequest(null, Object(Config\Cache), false)
 9 FCPATH\index.php(55): CodeIgniter\CodeIgniter->run()
10 SYSTEMPATH\Commands\Server\rewrite.php(43): require_once('FCPATH\\index.php')
CRITICAL - 2022-09-12 16:59:15 --> Trying to access array offset on value of type null
in APPPATH\Views\dashboard\presensi.php on line 6.
 1 APPPATH\Views\dashboard\presensi.php(6): CodeIgniter\Debug\Exceptions->errorHandler(8, 'Trying to access array offset on value of type null', 'APPPATH\\Views\\dashboard\\presensi.php', 6, [...])
 2 SYSTEMPATH\View\View.php(213): include('APPPATH\\Views\\dashboard\\presensi.php')
 3 SYSTEMPATH\View\View.php(216): CodeIgniter\View\View->CodeIgniter\View\{closure}()
 4 SYSTEMPATH\Common.php(1135): CodeIgniter\View\View->render('dashboard/presensi', [], true)
 5 APPPATH\Controllers\Dashboard.php(106): view('dashboard/presensi', [...])
 6 SYSTEMPATH\CodeIgniter.php(896): App\Controllers\Dashboard->presensi('FCPATH\\js', 'qrcode.js')
 7 SYSTEMPATH\CodeIgniter.php(466): CodeIgniter\CodeIgniter->runController(Object(App\Controllers\Dashboard))
 8 SYSTEMPATH\CodeIgniter.php(349): CodeIgniter\CodeIgniter->handleRequest(null, Object(Config\Cache), false)
 9 FCPATH\index.php(55): CodeIgniter\CodeIgniter->run()
10 SYSTEMPATH\Commands\Server\rewrite.php(43): require_once('FCPATH\\index.php')
CRITICAL - 2022-09-12 16:59:35 --> Trying to access array offset on value of type null
in APPPATH\Views\dashboard\presensi.php on line 6.
 1 APPPATH\Views\dashboard\presensi.php(6): CodeIgniter\Debug\Exceptions->errorHandler(8, 'Trying to access array offset on value of type null', 'APPPATH\\Views\\dashboard\\presensi.php', 6, [...])
 2 SYSTEMPATH\View\View.php(213): include('APPPATH\\Views\\dashboard\\presensi.php')
 3 SYSTEMPATH\View\View.php(216): CodeIgniter\View\View->CodeIgniter\View\{closure}()
 4 SYSTEMPATH\Common.php(1135): CodeIgniter\View\View->render('dashboard/presensi', [], true)
 5 APPPATH\Controllers\Dashboard.php(106): view('dashboard/presensi', [...])
 6 SYSTEMPATH\CodeIgniter.php(896): App\Controllers\Dashboard->presensi('FCPATH\\js', 'jsfunctions.js')
 7 SYSTEMPATH\CodeIgniter.php(466): CodeIgniter\CodeIgniter->runController(Object(App\Controllers\Dashboard))
 8 SYSTEMPATH\CodeIgniter.php(349): CodeIgniter\CodeIgniter->handleRequest(null, Object(Config\Cache), false)
 9 FCPATH\index.php(55): CodeIgniter\CodeIgniter->run()
10 SYSTEMPATH\Commands\Server\rewrite.php(43): require_once('FCPATH\\index.php')
CRITICAL - 2022-09-12 16:59:35 --> Trying to access array offset on value of type null
in APPPATH\Views\dashboard\presensi.php on line 6.
 1 APPPATH\Views\dashboard\presensi.php(6): CodeIgniter\Debug\Exceptions->errorHandler(8, 'Trying to access array offset on value of type null', 'APPPATH\\Views\\dashboard\\presensi.php', 6, [...])
 2 SYSTEMPATH\View\View.php(213): include('APPPATH\\Views\\dashboard\\presensi.php')
 3 SYSTEMPATH\View\View.php(216): CodeIgniter\View\View->CodeIgniter\View\{closure}()
 4 SYSTEMPATH\Common.php(1135): CodeIgniter\View\View->render('dashboard/presensi', [], true)
 5 APPPATH\Controllers\Dashboard.php(106): view('dashboard/presensi', [...])
 6 SYSTEMPATH\CodeIgniter.php(896): App\Controllers\Dashboard->presensi('FCPATH\\js', 'qrcode.js')
 7 SYSTEMPATH\CodeIgniter.php(466): CodeIgniter\CodeIgniter->runController(Object(App\Controllers\Dashboard))
 8 SYSTEMPATH\CodeIgniter.php(349): CodeIgniter\CodeIgniter->handleRequest(null, Object(Config\Cache), false)
 9 FCPATH\index.php(55): CodeIgniter\CodeIgniter->run()
10 SYSTEMPATH\Commands\Server\rewrite.php(43): require_once('FCPATH\\index.php')
CRITICAL - 2022-09-12 16:59:42 --> Trying to access array offset on value of type null
in APPPATH\Views\dashboard\presensi.php on line 6.
 1 APPPATH\Views\dashboard\presensi.php(6): CodeIgniter\Debug\Exceptions->errorHandler(8, 'Trying to access array offset on value of type null', 'APPPATH\\Views\\dashboard\\presensi.php', 6, [...])
 2 SYSTEMPATH\View\View.php(213): include('APPPATH\\Views\\dashboard\\presensi.php')
 3 SYSTEMPATH\View\View.php(216): CodeIgniter\View\View->CodeIgniter\View\{closure}()
 4 SYSTEMPATH\Common.php(1135): CodeIgniter\View\View->render('dashboard/presensi', [], true)
 5 APPPATH\Controllers\Dashboard.php(106): view('dashboard/presensi', [...])
 6 SYSTEMPATH\CodeIgniter.php(896): App\Controllers\Dashboard->presensi('FCPATH\\js', 'jsfunctions.js')
 7 SYSTEMPATH\CodeIgniter.php(466): CodeIgniter\CodeIgniter->runController(Object(App\Controllers\Dashboard))
 8 SYSTEMPATH\CodeIgniter.php(349): CodeIgniter\CodeIgniter->handleRequest(null, Object(Config\Cache), false)
 9 FCPATH\index.php(55): CodeIgniter\CodeIgniter->run()
10 SYSTEMPATH\Commands\Server\rewrite.php(43): require_once('FCPATH\\index.php')
CRITICAL - 2022-09-12 16:59:42 --> Trying to access array offset on value of type null
in APPPATH\Views\dashboard\presensi.php on line 6.
 1 APPPATH\Views\dashboard\presensi.php(6): CodeIgniter\Debug\Exceptions->errorHandler(8, 'Trying to access array offset on value of type null', 'APPPATH\\Views\\dashboard\\presensi.php', 6, [...])
 2 SYSTEMPATH\View\View.php(213): include('APPPATH\\Views\\dashboard\\presensi.php')
 3 SYSTEMPATH\View\View.php(216): CodeIgniter\View\View->CodeIgniter\View\{closure}()
 4 SYSTEMPATH\Common.php(1135): CodeIgniter\View\View->render('dashboard/presensi', [], true)
 5 APPPATH\Controllers\Dashboard.php(106): view('dashboard/presensi', [...])
 6 SYSTEMPATH\CodeIgniter.php(896): App\Controllers\Dashboard->presensi('FCPATH\\js', 'qrcode.js')
 7 SYSTEMPATH\CodeIgniter.php(466): CodeIgniter\CodeIgniter->runController(Object(App\Controllers\Dashboard))
 8 SYSTEMPATH\CodeIgniter.php(349): CodeIgniter\CodeIgniter->handleRequest(null, Object(Config\Cache), false)
 9 FCPATH\index.php(55): CodeIgniter\CodeIgniter->run()
10 SYSTEMPATH\Commands\Server\rewrite.php(43): require_once('FCPATH\\index.php')
CRITICAL - 2022-09-12 17:00:10 --> Trying to access array offset on value of type null
in APPPATH\Views\dashboard\presensi.php on line 6.
 1 APPPATH\Views\dashboard\presensi.php(6): CodeIgniter\Debug\Exceptions->errorHandler(8, 'Trying to access array offset on value of type null', 'APPPATH\\Views\\dashboard\\presensi.php', 6, [...])
 2 SYSTEMPATH\View\View.php(213): include('APPPATH\\Views\\dashboard\\presensi.php')
 3 SYSTEMPATH\View\View.php(216): CodeIgniter\View\View->CodeIgniter\View\{closure}()
 4 SYSTEMPATH\Common.php(1135): CodeIgniter\View\View->render('dashboard/presensi', [], true)
 5 APPPATH\Controllers\Dashboard.php(106): view('dashboard/presensi', [...])
 6 SYSTEMPATH\CodeIgniter.php(896): App\Controllers\Dashboard->presensi('FCPATH\\js', 'jsfunctions.js')
 7 SYSTEMPATH\CodeIgniter.php(466): CodeIgniter\CodeIgniter->runController(Object(App\Controllers\Dashboard))
 8 SYSTEMPATH\CodeIgniter.php(349): CodeIgniter\CodeIgniter->handleRequest(null, Object(Config\Cache), false)
 9 FCPATH\index.php(55): CodeIgniter\CodeIgniter->run()
10 SYSTEMPATH\Commands\Server\rewrite.php(43): require_once('FCPATH\\index.php')
CRITICAL - 2022-09-12 17:00:10 --> Trying to access array offset on value of type null
in APPPATH\Views\dashboard\presensi.php on line 6.
 1 APPPATH\Views\dashboard\presensi.php(6): CodeIgniter\Debug\Exceptions->errorHandler(8, 'Trying to access array offset on value of type null', 'APPPATH\\Views\\dashboard\\presensi.php', 6, [...])
 2 SYSTEMPATH\View\View.php(213): include('APPPATH\\Views\\dashboard\\presensi.php')
 3 SYSTEMPATH\View\View.php(216): CodeIgniter\View\View->CodeIgniter\View\{closure}()
 4 SYSTEMPATH\Common.php(1135): CodeIgniter\View\View->render('dashboard/presensi', [], true)
 5 APPPATH\Controllers\Dashboard.php(106): view('dashboard/presensi', [...])
 6 SYSTEMPATH\CodeIgniter.php(896): App\Controllers\Dashboard->presensi('FCPATH\\js', 'qrcode.js')
 7 SYSTEMPATH\CodeIgniter.php(466): CodeIgniter\CodeIgniter->runController(Object(App\Controllers\Dashboard))
 8 SYSTEMPATH\CodeIgniter.php(349): CodeIgniter\CodeIgniter->handleRequest(null, Object(Config\Cache), false)
 9 FCPATH\index.php(55): CodeIgniter\CodeIgniter->run()
10 SYSTEMPATH\Commands\Server\rewrite.php(43): require_once('FCPATH\\index.php')
CRITICAL - 2022-09-12 17:00:31 --> Trying to access array offset on value of type null
in APPPATH\Views\dashboard\presensi.php on line 6.
 1 APPPATH\Views\dashboard\presensi.php(6): CodeIgniter\Debug\Exceptions->errorHandler(8, 'Trying to access array offset on value of type null', 'APPPATH\\Views\\dashboard\\presensi.php', 6, [...])
 2 SYSTEMPATH\View\View.php(213): include('APPPATH\\Views\\dashboard\\presensi.php')
 3 SYSTEMPATH\View\View.php(216): CodeIgniter\View\View->CodeIgniter\View\{closure}()
 4 SYSTEMPATH\Common.php(1135): CodeIgniter\View\View->render('dashboard/presensi', [], true)
 5 APPPATH\Controllers\Dashboard.php(106): view('dashboard/presensi', [...])
 6 SYSTEMPATH\CodeIgniter.php(896): App\Controllers\Dashboard->presensi('FCPATH\\js', 'jsfunctions.js')
 7 SYSTEMPATH\CodeIgniter.php(466): CodeIgniter\CodeIgniter->runController(Object(App\Controllers\Dashboard))
 8 SYSTEMPATH\CodeIgniter.php(349): CodeIgniter\CodeIgniter->handleRequest(null, Object(Config\Cache), false)
 9 FCPATH\index.php(55): CodeIgniter\CodeIgniter->run()
10 SYSTEMPATH\Commands\Server\rewrite.php(43): require_once('FCPATH\\index.php')
CRITICAL - 2022-09-12 17:00:31 --> Trying to access array offset on value of type null
in APPPATH\Views\dashboard\presensi.php on line 6.
 1 APPPATH\Views\dashboard\presensi.php(6): CodeIgniter\Debug\Exceptions->errorHandler(8, 'Trying to access array offset on value of type null', 'APPPATH\\Views\\dashboard\\presensi.php', 6, [...])
 2 SYSTEMPATH\View\View.php(213): include('APPPATH\\Views\\dashboard\\presensi.php')
 3 SYSTEMPATH\View\View.php(216): CodeIgniter\View\View->CodeIgniter\View\{closure}()
 4 SYSTEMPATH\Common.php(1135): CodeIgniter\View\View->render('dashboard/presensi', [], true)
 5 APPPATH\Controllers\Dashboard.php(106): view('dashboard/presensi', [...])
 6 SYSTEMPATH\CodeIgniter.php(896): App\Controllers\Dashboard->presensi('FCPATH\\js', 'qrcode.js')
 7 SYSTEMPATH\CodeIgniter.php(466): CodeIgniter\CodeIgniter->runController(Object(App\Controllers\Dashboard))
 8 SYSTEMPATH\CodeIgniter.php(349): CodeIgniter\CodeIgniter->handleRequest(null, Object(Config\Cache), false)
 9 FCPATH\index.php(55): CodeIgniter\CodeIgniter->run()
10 SYSTEMPATH\Commands\Server\rewrite.php(43): require_once('FCPATH\\index.php')
CRITICAL - 2022-09-12 17:00:38 --> Trying to access array offset on value of type null
in APPPATH\Views\dashboard\presensi.php on line 6.
 1 APPPATH\Views\dashboard\presensi.php(6): CodeIgniter\Debug\Exceptions->errorHandler(8, 'Trying to access array offset on value of type null', 'APPPATH\\Views\\dashboard\\presensi.php', 6, [...])
 2 SYSTEMPATH\View\View.php(213): include('APPPATH\\Views\\dashboard\\presensi.php')
 3 SYSTEMPATH\View\View.php(216): CodeIgniter\View\View->CodeIgniter\View\{closure}()
 4 SYSTEMPATH\Common.php(1135): CodeIgniter\View\View->render('dashboard/presensi', [], true)
 5 APPPATH\Controllers\Dashboard.php(106): view('dashboard/presensi', [...])
 6 SYSTEMPATH\CodeIgniter.php(896): App\Controllers\Dashboard->presensi('FCPATH\\js', 'jsfunctions.js')
 7 SYSTEMPATH\CodeIgniter.php(466): CodeIgniter\CodeIgniter->runController(Object(App\Controllers\Dashboard))
 8 SYSTEMPATH\CodeIgniter.php(349): CodeIgniter\CodeIgniter->handleRequest(null, Object(Config\Cache), false)
 9 FCPATH\index.php(55): CodeIgniter\CodeIgniter->run()
10 SYSTEMPATH\Commands\Server\rewrite.php(43): require_once('FCPATH\\index.php')
CRITICAL - 2022-09-12 17:00:38 --> Trying to access array offset on value of type null
in APPPATH\Views\dashboard\presensi.php on line 6.
 1 APPPATH\Views\dashboard\presensi.php(6): CodeIgniter\Debug\Exceptions->errorHandler(8, 'Trying to access array offset on value of type null', 'APPPATH\\Views\\dashboard\\presensi.php', 6, [...])
 2 SYSTEMPATH\View\View.php(213): include('APPPATH\\Views\\dashboard\\presensi.php')
 3 SYSTEMPATH\View\View.php(216): CodeIgniter\View\View->CodeIgniter\View\{closure}()
 4 SYSTEMPATH\Common.php(1135): CodeIgniter\View\View->render('dashboard/presensi', [], true)
 5 APPPATH\Controllers\Dashboard.php(106): view('dashboard/presensi', [...])
 6 SYSTEMPATH\CodeIgniter.php(896): App\Controllers\Dashboard->presensi('FCPATH\\js', 'qrcode.js')
 7 SYSTEMPATH\CodeIgniter.php(466): CodeIgniter\CodeIgniter->runController(Object(App\Controllers\Dashboard))
 8 SYSTEMPATH\CodeIgniter.php(349): CodeIgniter\CodeIgniter->handleRequest(null, Object(Config\Cache), false)
 9 FCPATH\index.php(55): CodeIgniter\CodeIgniter->run()
10 SYSTEMPATH\Commands\Server\rewrite.php(43): require_once('FCPATH\\index.php')
CRITICAL - 2022-09-12 17:01:09 --> Trying to access array offset on value of type null
in APPPATH\Views\dashboard\presensi.php on line 6.
 1 APPPATH\Views\dashboard\presensi.php(6): CodeIgniter\Debug\Exceptions->errorHandler(8, 'Trying to access array offset on value of type null', 'APPPATH\\Views\\dashboard\\presensi.php', 6, [...])
 2 SYSTEMPATH\View\View.php(213): include('APPPATH\\Views\\dashboard\\presensi.php')
 3 SYSTEMPATH\View\View.php(216): CodeIgniter\View\View->CodeIgniter\View\{closure}()
 4 SYSTEMPATH\Common.php(1135): CodeIgniter\View\View->render('dashboard/presensi', [], true)
 5 APPPATH\Controllers\Dashboard.php(106): view('dashboard/presensi', [...])
 6 SYSTEMPATH\CodeIgniter.php(896): App\Controllers\Dashboard->presensi('FCPATH\\js', 'jsfunctions.js')
 7 SYSTEMPATH\CodeIgniter.php(466): CodeIgniter\CodeIgniter->runController(Object(App\Controllers\Dashboard))
 8 SYSTEMPATH\CodeIgniter.php(349): CodeIgniter\CodeIgniter->handleRequest(null, Object(Config\Cache), false)
 9 FCPATH\index.php(55): CodeIgniter\CodeIgniter->run()
10 SYSTEMPATH\Commands\Server\rewrite.php(43): require_once('FCPATH\\index.php')
CRITICAL - 2022-09-12 17:01:09 --> Trying to access array offset on value of type null
in APPPATH\Views\dashboard\presensi.php on line 6.
 1 APPPATH\Views\dashboard\presensi.php(6): CodeIgniter\Debug\Exceptions->errorHandler(8, 'Trying to access array offset on value of type null', 'APPPATH\\Views\\dashboard\\presensi.php', 6, [...])
 2 SYSTEMPATH\View\View.php(213): include('APPPATH\\Views\\dashboard\\presensi.php')
 3 SYSTEMPATH\View\View.php(216): CodeIgniter\View\View->CodeIgniter\View\{closure}()
 4 SYSTEMPATH\Common.php(1135): CodeIgniter\View\View->render('dashboard/presensi', [], true)
 5 APPPATH\Controllers\Dashboard.php(106): view('dashboard/presensi', [...])
 6 SYSTEMPATH\CodeIgniter.php(896): App\Controllers\Dashboard->presensi('FCPATH\\js', 'qrcode.js')
 7 SYSTEMPATH\CodeIgniter.php(466): CodeIgniter\CodeIgniter->runController(Object(App\Controllers\Dashboard))
 8 SYSTEMPATH\CodeIgniter.php(349): CodeIgniter\CodeIgniter->handleRequest(null, Object(Config\Cache), false)
 9 FCPATH\index.php(55): CodeIgniter\CodeIgniter->run()
10 SYSTEMPATH\Commands\Server\rewrite.php(43): require_once('FCPATH\\index.php')
CRITICAL - 2022-09-12 17:01:59 --> Trying to access array offset on value of type null
in APPPATH\Views\dashboard\presensi.php on line 6.
 1 APPPATH\Views\dashboard\presensi.php(6): CodeIgniter\Debug\Exceptions->errorHandler(8, 'Trying to access array offset on value of type null', 'APPPATH\\Views\\dashboard\\presensi.php', 6, [...])
 2 SYSTEMPATH\View\View.php(213): include('APPPATH\\Views\\dashboard\\presensi.php')
 3 SYSTEMPATH\View\View.php(216): CodeIgniter\View\View->CodeIgniter\View\{closure}()
 4 SYSTEMPATH\Common.php(1135): CodeIgniter\View\View->render('dashboard/presensi', [], true)
 5 APPPATH\Controllers\Dashboard.php(106): view('dashboard/presensi', [...])
 6 SYSTEMPATH\CodeIgniter.php(896): App\Controllers\Dashboard->presensi('FCPATH\\js', 'jsfunctions.js')
 7 SYSTEMPATH\CodeIgniter.php(466): CodeIgniter\CodeIgniter->runController(Object(App\Controllers\Dashboard))
 8 SYSTEMPATH\CodeIgniter.php(349): CodeIgniter\CodeIgniter->handleRequest(null, Object(Config\Cache), false)
 9 FCPATH\index.php(55): CodeIgniter\CodeIgniter->run()
10 SYSTEMPATH\Commands\Server\rewrite.php(43): require_once('FCPATH\\index.php')
CRITICAL - 2022-09-12 17:01:59 --> Trying to access array offset on value of type null
in APPPATH\Views\dashboard\presensi.php on line 6.
 1 APPPATH\Views\dashboard\presensi.php(6): CodeIgniter\Debug\Exceptions->errorHandler(8, 'Trying to access array offset on value of type null', 'APPPATH\\Views\\dashboard\\presensi.php', 6, [...])
 2 SYSTEMPATH\View\View.php(213): include('APPPATH\\Views\\dashboard\\presensi.php')
 3 SYSTEMPATH\View\View.php(216): CodeIgniter\View\View->CodeIgniter\View\{closure}()
 4 SYSTEMPATH\Common.php(1135): CodeIgniter\View\View->render('dashboard/presensi', [], true)
 5 APPPATH\Controllers\Dashboard.php(106): view('dashboard/presensi', [...])
 6 SYSTEMPATH\CodeIgniter.php(896): App\Controllers\Dashboard->presensi('FCPATH\\js', 'qrcode.js')
 7 SYSTEMPATH\CodeIgniter.php(466): CodeIgniter\CodeIgniter->runController(Object(App\Controllers\Dashboard))
 8 SYSTEMPATH\CodeIgniter.php(349): CodeIgniter\CodeIgniter->handleRequest(null, Object(Config\Cache), false)
 9 FCPATH\index.php(55): CodeIgniter\CodeIgniter->run()
10 SYSTEMPATH\Commands\Server\rewrite.php(43): require_once('FCPATH\\index.php')
CRITICAL - 2022-09-12 17:02:09 --> Trying to access array offset on value of type null
in APPPATH\Views\dashboard\presensi.php on line 6.
 1 APPPATH\Views\dashboard\presensi.php(6): CodeIgniter\Debug\Exceptions->errorHandler(8, 'Trying to access array offset on value of type null', 'APPPATH\\Views\\dashboard\\presensi.php', 6, [...])
 2 SYSTEMPATH\View\View.php(213): include('APPPATH\\Views\\dashboard\\presensi.php')
 3 SYSTEMPATH\View\View.php(216): CodeIgniter\View\View->CodeIgniter\View\{closure}()
 4 SYSTEMPATH\Common.php(1135): CodeIgniter\View\View->render('dashboard/presensi', [], true)
 5 APPPATH\Controllers\Dashboard.php(106): view('dashboard/presensi', [...])
 6 SYSTEMPATH\CodeIgniter.php(896): App\Controllers\Dashboard->presensi('FCPATH\\js', 'jsfunctions.js')
 7 SYSTEMPATH\CodeIgniter.php(466): CodeIgniter\CodeIgniter->runController(Object(App\Controllers\Dashboard))
 8 SYSTEMPATH\CodeIgniter.php(349): CodeIgniter\CodeIgniter->handleRequest(null, Object(Config\Cache), false)
 9 FCPATH\index.php(55): CodeIgniter\CodeIgniter->run()
10 SYSTEMPATH\Commands\Server\rewrite.php(43): require_once('FCPATH\\index.php')
CRITICAL - 2022-09-12 17:02:09 --> Trying to access array offset on value of type null
in APPPATH\Views\dashboard\presensi.php on line 6.
 1 APPPATH\Views\dashboard\presensi.php(6): CodeIgniter\Debug\Exceptions->errorHandler(8, 'Trying to access array offset on value of type null', 'APPPATH\\Views\\dashboard\\presensi.php', 6, [...])
 2 SYSTEMPATH\View\View.php(213): include('APPPATH\\Views\\dashboard\\presensi.php')
 3 SYSTEMPATH\View\View.php(216): CodeIgniter\View\View->CodeIgniter\View\{closure}()
 4 SYSTEMPATH\Common.php(1135): CodeIgniter\View\View->render('dashboard/presensi', [], true)
 5 APPPATH\Controllers\Dashboard.php(106): view('dashboard/presensi', [...])
 6 SYSTEMPATH\CodeIgniter.php(896): App\Controllers\Dashboard->presensi('FCPATH\\js', 'qrcode.js')
 7 SYSTEMPATH\CodeIgniter.php(466): CodeIgniter\CodeIgniter->runController(Object(App\Controllers\Dashboard))
 8 SYSTEMPATH\CodeIgniter.php(349): CodeIgniter\CodeIgniter->handleRequest(null, Object(Config\Cache), false)
 9 FCPATH\index.php(55): CodeIgniter\CodeIgniter->run()
10 SYSTEMPATH\Commands\Server\rewrite.php(43): require_once('FCPATH\\index.php')
CRITICAL - 2022-09-12 17:02:14 --> Trying to access array offset on value of type null
in APPPATH\Views\dashboard\presensi.php on line 6.
 1 APPPATH\Views\dashboard\presensi.php(6): CodeIgniter\Debug\Exceptions->errorHandler(8, 'Trying to access array offset on value of type null', 'APPPATH\\Views\\dashboard\\presensi.php', 6, [...])
 2 SYSTEMPATH\View\View.php(213): include('APPPATH\\Views\\dashboard\\presensi.php')
 3 SYSTEMPATH\View\View.php(216): CodeIgniter\View\View->CodeIgniter\View\{closure}()
 4 SYSTEMPATH\Common.php(1135): CodeIgniter\View\View->render('dashboard/presensi', [], true)
 5 APPPATH\Controllers\Dashboard.php(106): view('dashboard/presensi', [...])
 6 SYSTEMPATH\CodeIgniter.php(896): App\Controllers\Dashboard->presensi('FCPATH\\js', 'jsfunctions.js')
 7 SYSTEMPATH\CodeIgniter.php(466): CodeIgniter\CodeIgniter->runController(Object(App\Controllers\Dashboard))
 8 SYSTEMPATH\CodeIgniter.php(349): CodeIgniter\CodeIgniter->handleRequest(null, Object(Config\Cache), false)
 9 FCPATH\index.php(55): CodeIgniter\CodeIgniter->run()
10 SYSTEMPATH\Commands\Server\rewrite.php(43): require_once('FCPATH\\index.php')
CRITICAL - 2022-09-12 17:02:15 --> Trying to access array offset on value of type null
in APPPATH\Views\dashboard\presensi.php on line 6.
 1 APPPATH\Views\dashboard\presensi.php(6): CodeIgniter\Debug\Exceptions->errorHandler(8, 'Trying to access array offset on value of type null', 'APPPATH\\Views\\dashboard\\presensi.php', 6, [...])
 2 SYSTEMPATH\View\View.php(213): include('APPPATH\\Views\\dashboard\\presensi.php')
 3 SYSTEMPATH\View\View.php(216): CodeIgniter\View\View->CodeIgniter\View\{closure}()
 4 SYSTEMPATH\Common.php(1135): CodeIgniter\View\View->render('dashboard/presensi', [], true)
 5 APPPATH\Controllers\Dashboard.php(106): view('dashboard/presensi', [...])
 6 SYSTEMPATH\CodeIgniter.php(896): App\Controllers\Dashboard->presensi('FCPATH\\js', 'qrcode.js')
 7 SYSTEMPATH\CodeIgniter.php(466): CodeIgniter\CodeIgniter->runController(Object(App\Controllers\Dashboard))
 8 SYSTEMPATH\CodeIgniter.php(349): CodeIgniter\CodeIgniter->handleRequest(null, Object(Config\Cache), false)
 9 FCPATH\index.php(55): CodeIgniter\CodeIgniter->run()
10 SYSTEMPATH\Commands\Server\rewrite.php(43): require_once('FCPATH\\index.php')
CRITICAL - 2022-09-12 17:02:42 --> Trying to access array offset on value of type null
in APPPATH\Views\dashboard\presensi.php on line 6.
 1 APPPATH\Views\dashboard\presensi.php(6): CodeIgniter\Debug\Exceptions->errorHandler(8, 'Trying to access array offset on value of type null', 'APPPATH\\Views\\dashboard\\presensi.php', 6, [...])
 2 SYSTEMPATH\View\View.php(213): include('APPPATH\\Views\\dashboard\\presensi.php')
 3 SYSTEMPATH\View\View.php(216): CodeIgniter\View\View->CodeIgniter\View\{closure}()
 4 SYSTEMPATH\Common.php(1135): CodeIgniter\View\View->render('dashboard/presensi', [], true)
 5 APPPATH\Controllers\Dashboard.php(106): view('dashboard/presensi', [...])
 6 SYSTEMPATH\CodeIgniter.php(896): App\Controllers\Dashboard->presensi('FCPATH\\js', 'jsfunctions.js')
 7 SYSTEMPATH\CodeIgniter.php(466): CodeIgniter\CodeIgniter->runController(Object(App\Controllers\Dashboard))
 8 SYSTEMPATH\CodeIgniter.php(349): CodeIgniter\CodeIgniter->handleRequest(null, Object(Config\Cache), false)
 9 FCPATH\index.php(55): CodeIgniter\CodeIgniter->run()
10 SYSTEMPATH\Commands\Server\rewrite.php(43): require_once('FCPATH\\index.php')
CRITICAL - 2022-09-12 17:02:42 --> Trying to access array offset on value of type null
in APPPATH\Views\dashboard\presensi.php on line 6.
 1 APPPATH\Views\dashboard\presensi.php(6): CodeIgniter\Debug\Exceptions->errorHandler(8, 'Trying to access array offset on value of type null', 'APPPATH\\Views\\dashboard\\presensi.php', 6, [...])
 2 SYSTEMPATH\View\View.php(213): include('APPPATH\\Views\\dashboard\\presensi.php')
 3 SYSTEMPATH\View\View.php(216): CodeIgniter\View\View->CodeIgniter\View\{closure}()
 4 SYSTEMPATH\Common.php(1135): CodeIgniter\View\View->render('dashboard/presensi', [], true)
 5 APPPATH\Controllers\Dashboard.php(106): view('dashboard/presensi', [...])
 6 SYSTEMPATH\CodeIgniter.php(896): App\Controllers\Dashboard->presensi('FCPATH\\js', 'qrcode.js')
 7 SYSTEMPATH\CodeIgniter.php(466): CodeIgniter\CodeIgniter->runController(Object(App\Controllers\Dashboard))
 8 SYSTEMPATH\CodeIgniter.php(349): CodeIgniter\CodeIgniter->handleRequest(null, Object(Config\Cache), false)
 9 FCPATH\index.php(55): CodeIgniter\CodeIgniter->run()
10 SYSTEMPATH\Commands\Server\rewrite.php(43): require_once('FCPATH\\index.php')
CRITICAL - 2022-09-12 17:03:36 --> Trying to access array offset on value of type null
in APPPATH\Views\dashboard\presensi.php on line 6.
 1 APPPATH\Views\dashboard\presensi.php(6): CodeIgniter\Debug\Exceptions->errorHandler(8, 'Trying to access array offset on value of type null', 'APPPATH\\Views\\dashboard\\presensi.php', 6, [...])
 2 SYSTEMPATH\View\View.php(213): include('APPPATH\\Views\\dashboard\\presensi.php')
 3 SYSTEMPATH\View\View.php(216): CodeIgniter\View\View->CodeIgniter\View\{closure}()
 4 SYSTEMPATH\Common.php(1135): CodeIgniter\View\View->render('dashboard/presensi', [], true)
 5 APPPATH\Controllers\Dashboard.php(106): view('dashboard/presensi', [...])
 6 SYSTEMPATH\CodeIgniter.php(896): App\Controllers\Dashboard->presensi('FCPATH\\js', 'jsfunctions.js')
 7 SYSTEMPATH\CodeIgniter.php(466): CodeIgniter\CodeIgniter->runController(Object(App\Controllers\Dashboard))
 8 SYSTEMPATH\CodeIgniter.php(349): CodeIgniter\CodeIgniter->handleRequest(null, Object(Config\Cache), false)
 9 FCPATH\index.php(55): CodeIgniter\CodeIgniter->run()
10 SYSTEMPATH\Commands\Server\rewrite.php(43): require_once('FCPATH\\index.php')
CRITICAL - 2022-09-12 17:03:36 --> Trying to access array offset on value of type null
in APPPATH\Views\dashboard\presensi.php on line 6.
 1 APPPATH\Views\dashboard\presensi.php(6): CodeIgniter\Debug\Exceptions->errorHandler(8, 'Trying to access array offset on value of type null', 'APPPATH\\Views\\dashboard\\presensi.php', 6, [...])
 2 SYSTEMPATH\View\View.php(213): include('APPPATH\\Views\\dashboard\\presensi.php')
 3 SYSTEMPATH\View\View.php(216): CodeIgniter\View\View->CodeIgniter\View\{closure}()
 4 SYSTEMPATH\Common.php(1135): CodeIgniter\View\View->render('dashboard/presensi', [], true)
 5 APPPATH\Controllers\Dashboard.php(106): view('dashboard/presensi', [...])
 6 SYSTEMPATH\CodeIgniter.php(896): App\Controllers\Dashboard->presensi('FCPATH\\js', 'qrcode.js')
 7 SYSTEMPATH\CodeIgniter.php(466): CodeIgniter\CodeIgniter->runController(Object(App\Controllers\Dashboard))
 8 SYSTEMPATH\CodeIgniter.php(349): CodeIgniter\CodeIgniter->handleRequest(null, Object(Config\Cache), false)
 9 FCPATH\index.php(55): CodeIgniter\CodeIgniter->run()
10 SYSTEMPATH\Commands\Server\rewrite.php(43): require_once('FCPATH\\index.php')
CRITICAL - 2022-09-12 17:03:47 --> Trying to access array offset on value of type null
in APPPATH\Views\dashboard\presensi.php on line 6.
 1 APPPATH\Views\dashboard\presensi.php(6): CodeIgniter\Debug\Exceptions->errorHandler(8, 'Trying to access array offset on value of type null', 'APPPATH\\Views\\dashboard\\presensi.php', 6, [...])
 2 SYSTEMPATH\View\View.php(213): include('APPPATH\\Views\\dashboard\\presensi.php')
 3 SYSTEMPATH\View\View.php(216): CodeIgniter\View\View->CodeIgniter\View\{closure}()
 4 SYSTEMPATH\Common.php(1135): CodeIgniter\View\View->render('dashboard/presensi', [], true)
 5 APPPATH\Controllers\Dashboard.php(106): view('dashboard/presensi', [...])
 6 SYSTEMPATH\CodeIgniter.php(896): App\Controllers\Dashboard->presensi('FCPATH\\js', 'jsfunctions.js')
 7 SYSTEMPATH\CodeIgniter.php(466): CodeIgniter\CodeIgniter->runController(Object(App\Controllers\Dashboard))
 8 SYSTEMPATH\CodeIgniter.php(349): CodeIgniter\CodeIgniter->handleRequest(null, Object(Config\Cache), false)
 9 FCPATH\index.php(55): CodeIgniter\CodeIgniter->run()
10 SYSTEMPATH\Commands\Server\rewrite.php(43): require_once('FCPATH\\index.php')
CRITICAL - 2022-09-12 17:03:47 --> Trying to access array offset on value of type null
in APPPATH\Views\dashboard\presensi.php on line 6.
 1 APPPATH\Views\dashboard\presensi.php(6): CodeIgniter\Debug\Exceptions->errorHandler(8, 'Trying to access array offset on value of type null', 'APPPATH\\Views\\dashboard\\presensi.php', 6, [...])
 2 SYSTEMPATH\View\View.php(213): include('APPPATH\\Views\\dashboard\\presensi.php')
 3 SYSTEMPATH\View\View.php(216): CodeIgniter\View\View->CodeIgniter\View\{closure}()
 4 SYSTEMPATH\Common.php(1135): CodeIgniter\View\View->render('dashboard/presensi', [], true)
 5 APPPATH\Controllers\Dashboard.php(106): view('dashboard/presensi', [...])
 6 SYSTEMPATH\CodeIgniter.php(896): App\Controllers\Dashboard->presensi('FCPATH\\js', 'qrcode.js')
 7 SYSTEMPATH\CodeIgniter.php(466): CodeIgniter\CodeIgniter->runController(Object(App\Controllers\Dashboard))
 8 SYSTEMPATH\CodeIgniter.php(349): CodeIgniter\CodeIgniter->handleRequest(null, Object(Config\Cache), false)
 9 FCPATH\index.php(55): CodeIgniter\CodeIgniter->run()
10 SYSTEMPATH\Commands\Server\rewrite.php(43): require_once('FCPATH\\index.php')
CRITICAL - 2022-09-12 17:03:53 --> Trying to access array offset on value of type null
in APPPATH\Views\dashboard\presensi.php on line 6.
 1 APPPATH\Views\dashboard\presensi.php(6): CodeIgniter\Debug\Exceptions->errorHandler(8, 'Trying to access array offset on value of type null', 'APPPATH\\Views\\dashboard\\presensi.php', 6, [...])
 2 SYSTEMPATH\View\View.php(213): include('APPPATH\\Views\\dashboard\\presensi.php')
 3 SYSTEMPATH\View\View.php(216): CodeIgniter\View\View->CodeIgniter\View\{closure}()
 4 SYSTEMPATH\Common.php(1135): CodeIgniter\View\View->render('dashboard/presensi', [], true)
 5 APPPATH\Controllers\Dashboard.php(106): view('dashboard/presensi', [...])
 6 SYSTEMPATH\CodeIgniter.php(896): App\Controllers\Dashboard->presensi('FCPATH\\js', 'jsfunctions.js')
 7 SYSTEMPATH\CodeIgniter.php(466): CodeIgniter\CodeIgniter->runController(Object(App\Controllers\Dashboard))
 8 SYSTEMPATH\CodeIgniter.php(349): CodeIgniter\CodeIgniter->handleRequest(null, Object(Config\Cache), false)
 9 FCPATH\index.php(55): CodeIgniter\CodeIgniter->run()
10 SYSTEMPATH\Commands\Server\rewrite.php(43): require_once('FCPATH\\index.php')
CRITICAL - 2022-09-12 17:03:53 --> Trying to access array offset on value of type null
in APPPATH\Views\dashboard\presensi.php on line 6.
 1 APPPATH\Views\dashboard\presensi.php(6): CodeIgniter\Debug\Exceptions->errorHandler(8, 'Trying to access array offset on value of type null', 'APPPATH\\Views\\dashboard\\presensi.php', 6, [...])
 2 SYSTEMPATH\View\View.php(213): include('APPPATH\\Views\\dashboard\\presensi.php')
 3 SYSTEMPATH\View\View.php(216): CodeIgniter\View\View->CodeIgniter\View\{closure}()
 4 SYSTEMPATH\Common.php(1135): CodeIgniter\View\View->render('dashboard/presensi', [], true)
 5 APPPATH\Controllers\Dashboard.php(106): view('dashboard/presensi', [...])
 6 SYSTEMPATH\CodeIgniter.php(896): App\Controllers\Dashboard->presensi('FCPATH\\js', 'qrcode.js')
 7 SYSTEMPATH\CodeIgniter.php(466): CodeIgniter\CodeIgniter->runController(Object(App\Controllers\Dashboard))
 8 SYSTEMPATH\CodeIgniter.php(349): CodeIgniter\CodeIgniter->handleRequest(null, Object(Config\Cache), false)
 9 FCPATH\index.php(55): CodeIgniter\CodeIgniter->run()
10 SYSTEMPATH\Commands\Server\rewrite.php(43): require_once('FCPATH\\index.php')
CRITICAL - 2022-09-12 17:03:57 --> Trying to access array offset on value of type null
in APPPATH\Views\dashboard\qr_code.php on line 29.
 1 APPPATH\Views\dashboard\qr_code.php(29): CodeIgniter\Debug\Exceptions->errorHandler(8, 'Trying to access array offset on value of type null', 'APPPATH\\Views\\dashboard\\qr_code.php', 29, [...])
 2 SYSTEMPATH\View\View.php(213): include('APPPATH\\Views\\dashboard\\qr_code.php')
 3 SYSTEMPATH\View\View.php(216): CodeIgniter\View\View->CodeIgniter\View\{closure}()
 4 SYSTEMPATH\Common.php(1135): CodeIgniter\View\View->render('dashboard/qr_code', [], true)
 5 APPPATH\Controllers\Dashboard.php(217): view('dashboard/qr_code', [...])
 6 SYSTEMPATH\CodeIgniter.php(896): App\Controllers\Dashboard->qr_code('FCPATH\\js', 'jsfunctions.js')
 7 SYSTEMPATH\CodeIgniter.php(466): CodeIgniter\CodeIgniter->runController(Object(App\Controllers\Dashboard))
 8 SYSTEMPATH\CodeIgniter.php(349): CodeIgniter\CodeIgniter->handleRequest(null, Object(Config\Cache), false)
 9 FCPATH\index.php(55): CodeIgniter\CodeIgniter->run()
10 SYSTEMPATH\Commands\Server\rewrite.php(43): require_once('FCPATH\\index.php')
CRITICAL - 2022-09-12 17:03:57 --> Trying to access array offset on value of type null
in APPPATH\Views\dashboard\qr_code.php on line 29.
 1 APPPATH\Views\dashboard\qr_code.php(29): CodeIgniter\Debug\Exceptions->errorHandler(8, 'Trying to access array offset on value of type null', 'APPPATH\\Views\\dashboard\\qr_code.php', 29, [...])
 2 SYSTEMPATH\View\View.php(213): include('APPPATH\\Views\\dashboard\\qr_code.php')
 3 SYSTEMPATH\View\View.php(216): CodeIgniter\View\View->CodeIgniter\View\{closure}()
 4 SYSTEMPATH\Common.php(1135): CodeIgniter\View\View->render('dashboard/qr_code', [], true)
 5 APPPATH\Controllers\Dashboard.php(217): view('dashboard/qr_code', [...])
 6 SYSTEMPATH\CodeIgniter.php(896): App\Controllers\Dashboard->qr_code('FCPATH\\js', 'qrcode.js')
 7 SYSTEMPATH\CodeIgniter.php(466): CodeIgniter\CodeIgniter->runController(Object(App\Controllers\Dashboard))
 8 SYSTEMPATH\CodeIgniter.php(349): CodeIgniter\CodeIgniter->handleRequest(null, Object(Config\Cache), false)
 9 FCPATH\index.php(55): CodeIgniter\CodeIgniter->run()
10 SYSTEMPATH\Commands\Server\rewrite.php(43): require_once('FCPATH\\index.php')
CRITICAL - 2022-09-12 17:04:07 --> Trying to access array offset on value of type null
in APPPATH\Views\dashboard\qr_code.php on line 29.
 1 APPPATH\Views\dashboard\qr_code.php(29): CodeIgniter\Debug\Exceptions->errorHandler(8, 'Trying to access array offset on value of type null', 'APPPATH\\Views\\dashboard\\qr_code.php', 29, [...])
 2 SYSTEMPATH\View\View.php(213): include('APPPATH\\Views\\dashboard\\qr_code.php')
 3 SYSTEMPATH\View\View.php(216): CodeIgniter\View\View->CodeIgniter\View\{closure}()
 4 SYSTEMPATH\Common.php(1135): CodeIgniter\View\View->render('dashboard/qr_code', [], true)
 5 APPPATH\Controllers\Dashboard.php(217): view('dashboard/qr_code', [...])
 6 SYSTEMPATH\CodeIgniter.php(896): App\Controllers\Dashboard->qr_code('FCPATH\\js', 'jsfunctions.js')
 7 SYSTEMPATH\CodeIgniter.php(466): CodeIgniter\CodeIgniter->runController(Object(App\Controllers\Dashboard))
 8 SYSTEMPATH\CodeIgniter.php(349): CodeIgniter\CodeIgniter->handleRequest(null, Object(Config\Cache), false)
 9 FCPATH\index.php(55): CodeIgniter\CodeIgniter->run()
10 SYSTEMPATH\Commands\Server\rewrite.php(43): require_once('FCPATH\\index.php')
CRITICAL - 2022-09-12 17:04:07 --> Trying to access array offset on value of type null
in APPPATH\Views\dashboard\qr_code.php on line 29.
 1 APPPATH\Views\dashboard\qr_code.php(29): CodeIgniter\Debug\Exceptions->errorHandler(8, 'Trying to access array offset on value of type null', 'APPPATH\\Views\\dashboard\\qr_code.php', 29, [...])
 2 SYSTEMPATH\View\View.php(213): include('APPPATH\\Views\\dashboard\\qr_code.php')
 3 SYSTEMPATH\View\View.php(216): CodeIgniter\View\View->CodeIgniter\View\{closure}()
 4 SYSTEMPATH\Common.php(1135): CodeIgniter\View\View->render('dashboard/qr_code', [], true)
 5 APPPATH\Controllers\Dashboard.php(217): view('dashboard/qr_code', [...])
 6 SYSTEMPATH\CodeIgniter.php(896): App\Controllers\Dashboard->qr_code('FCPATH\\js', 'qrcode.js')
 7 SYSTEMPATH\CodeIgniter.php(466): CodeIgniter\CodeIgniter->runController(Object(App\Controllers\Dashboard))
 8 SYSTEMPATH\CodeIgniter.php(349): CodeIgniter\CodeIgniter->handleRequest(null, Object(Config\Cache), false)
 9 FCPATH\index.php(55): CodeIgniter\CodeIgniter->run()
10 SYSTEMPATH\Commands\Server\rewrite.php(43): require_once('FCPATH\\index.php')
CRITICAL - 2022-09-12 17:05:15 --> Trying to access array offset on value of type null
in APPPATH\Views\dashboard\qr_code.php on line 6.
 1 APPPATH\Views\dashboard\qr_code.php(6): CodeIgniter\Debug\Exceptions->errorHandler(8, 'Trying to access array offset on value of type null', 'APPPATH\\Views\\dashboard\\qr_code.php', 6, [...])
 2 SYSTEMPATH\View\View.php(213): include('APPPATH\\Views\\dashboard\\qr_code.php')
 3 SYSTEMPATH\View\View.php(216): CodeIgniter\View\View->CodeIgniter\View\{closure}()
 4 SYSTEMPATH\Common.php(1135): CodeIgniter\View\View->render('dashboard/qr_code', [], true)
 5 APPPATH\Controllers\Dashboard.php(217): view('dashboard/qr_code', [...])
 6 SYSTEMPATH\CodeIgniter.php(896): App\Controllers\Dashboard->qr_code('FCPATH\\js', 'jsfunctions.js')
 7 SYSTEMPATH\CodeIgniter.php(466): CodeIgniter\CodeIgniter->runController(Object(App\Controllers\Dashboard))
 8 SYSTEMPATH\CodeIgniter.php(349): CodeIgniter\CodeIgniter->handleRequest(null, Object(Config\Cache), false)
 9 FCPATH\index.php(55): CodeIgniter\CodeIgniter->run()
10 SYSTEMPATH\Commands\Server\rewrite.php(43): require_once('FCPATH\\index.php')
CRITICAL - 2022-09-12 17:05:15 --> Trying to access array offset on value of type null
in APPPATH\Views\dashboard\qr_code.php on line 6.
 1 APPPATH\Views\dashboard\qr_code.php(6): CodeIgniter\Debug\Exceptions->errorHandler(8, 'Trying to access array offset on value of type null', 'APPPATH\\Views\\dashboard\\qr_code.php', 6, [...])
 2 SYSTEMPATH\View\View.php(213): include('APPPATH\\Views\\dashboard\\qr_code.php')
 3 SYSTEMPATH\View\View.php(216): CodeIgniter\View\View->CodeIgniter\View\{closure}()
 4 SYSTEMPATH\Common.php(1135): CodeIgniter\View\View->render('dashboard/qr_code', [], true)
 5 APPPATH\Controllers\Dashboard.php(217): view('dashboard/qr_code', [...])
 6 SYSTEMPATH\CodeIgniter.php(896): App\Controllers\Dashboard->qr_code('FCPATH\\js', 'qrcode.js')
 7 SYSTEMPATH\CodeIgniter.php(466): CodeIgniter\CodeIgniter->runController(Object(App\Controllers\Dashboard))
 8 SYSTEMPATH\CodeIgniter.php(349): CodeIgniter\CodeIgniter->handleRequest(null, Object(Config\Cache), false)
 9 FCPATH\index.php(55): CodeIgniter\CodeIgniter->run()
10 SYSTEMPATH\Commands\Server\rewrite.php(43): require_once('FCPATH\\index.php')
CRITICAL - 2022-09-12 17:05:22 --> Trying to access array offset on value of type null
in APPPATH\Views\dashboard\qr_code.php on line 6.
 1 APPPATH\Views\dashboard\qr_code.php(6): CodeIgniter\Debug\Exceptions->errorHandler(8, 'Trying to access array offset on value of type null', 'APPPATH\\Views\\dashboard\\qr_code.php', 6, [...])
 2 SYSTEMPATH\View\View.php(213): include('APPPATH\\Views\\dashboard\\qr_code.php')
 3 SYSTEMPATH\View\View.php(216): CodeIgniter\View\View->CodeIgniter\View\{closure}()
 4 SYSTEMPATH\Common.php(1135): CodeIgniter\View\View->render('dashboard/qr_code', [], true)
 5 APPPATH\Controllers\Dashboard.php(217): view('dashboard/qr_code', [...])
 6 SYSTEMPATH\CodeIgniter.php(896): App\Controllers\Dashboard->qr_code('FCPATH\\js', 'jsfunctions.js')
 7 SYSTEMPATH\CodeIgniter.php(466): CodeIgniter\CodeIgniter->runController(Object(App\Controllers\Dashboard))
 8 SYSTEMPATH\CodeIgniter.php(349): CodeIgniter\CodeIgniter->handleRequest(null, Object(Config\Cache), false)
 9 FCPATH\index.php(55): CodeIgniter\CodeIgniter->run()
10 SYSTEMPATH\Commands\Server\rewrite.php(43): require_once('FCPATH\\index.php')
CRITICAL - 2022-09-12 17:05:22 --> Trying to access array offset on value of type null
in APPPATH\Views\dashboard\qr_code.php on line 6.
 1 APPPATH\Views\dashboard\qr_code.php(6): CodeIgniter\Debug\Exceptions->errorHandler(8, 'Trying to access array offset on value of type null', 'APPPATH\\Views\\dashboard\\qr_code.php', 6, [...])
 2 SYSTEMPATH\View\View.php(213): include('APPPATH\\Views\\dashboard\\qr_code.php')
 3 SYSTEMPATH\View\View.php(216): CodeIgniter\View\View->CodeIgniter\View\{closure}()
 4 SYSTEMPATH\Common.php(1135): CodeIgniter\View\View->render('dashboard/qr_code', [], true)
 5 APPPATH\Controllers\Dashboard.php(217): view('dashboard/qr_code', [...])
 6 SYSTEMPATH\CodeIgniter.php(896): App\Controllers\Dashboard->qr_code('FCPATH\\js', 'qrcode.js')
 7 SYSTEMPATH\CodeIgniter.php(466): CodeIgniter\CodeIgniter->runController(Object(App\Controllers\Dashboard))
 8 SYSTEMPATH\CodeIgniter.php(349): CodeIgniter\CodeIgniter->handleRequest(null, Object(Config\Cache), false)
 9 FCPATH\index.php(55): CodeIgniter\CodeIgniter->run()
10 SYSTEMPATH\Commands\Server\rewrite.php(43): require_once('FCPATH\\index.php')
CRITICAL - 2022-09-12 17:05:26 --> Trying to access array offset on value of type null
in APPPATH\Views\dashboard\qr_code.php on line 6.
 1 APPPATH\Views\dashboard\qr_code.php(6): CodeIgniter\Debug\Exceptions->errorHandler(8, 'Trying to access array offset on value of type null', 'APPPATH\\Views\\dashboard\\qr_code.php', 6, [...])
 2 SYSTEMPATH\View\View.php(213): include('APPPATH\\Views\\dashboard\\qr_code.php')
 3 SYSTEMPATH\View\View.php(216): CodeIgniter\View\View->CodeIgniter\View\{closure}()
 4 SYSTEMPATH\Common.php(1135): CodeIgniter\View\View->render('dashboard/qr_code', [], true)
 5 APPPATH\Controllers\Dashboard.php(217): view('dashboard/qr_code', [...])
 6 SYSTEMPATH\CodeIgniter.php(896): App\Controllers\Dashboard->qr_code('FCPATH\\js', 'jsfunctions.js')
 7 SYSTEMPATH\CodeIgniter.php(466): CodeIgniter\CodeIgniter->runController(Object(App\Controllers\Dashboard))
 8 SYSTEMPATH\CodeIgniter.php(349): CodeIgniter\CodeIgniter->handleRequest(null, Object(Config\Cache), false)
 9 FCPATH\index.php(55): CodeIgniter\CodeIgniter->run()
10 SYSTEMPATH\Commands\Server\rewrite.php(43): require_once('FCPATH\\index.php')
CRITICAL - 2022-09-12 17:05:26 --> Trying to access array offset on value of type null
in APPPATH\Views\dashboard\qr_code.php on line 6.
 1 APPPATH\Views\dashboard\qr_code.php(6): CodeIgniter\Debug\Exceptions->errorHandler(8, 'Trying to access array offset on value of type null', 'APPPATH\\Views\\dashboard\\qr_code.php', 6, [...])
 2 SYSTEMPATH\View\View.php(213): include('APPPATH\\Views\\dashboard\\qr_code.php')
 3 SYSTEMPATH\View\View.php(216): CodeIgniter\View\View->CodeIgniter\View\{closure}()
 4 SYSTEMPATH\Common.php(1135): CodeIgniter\View\View->render('dashboard/qr_code', [], true)
 5 APPPATH\Controllers\Dashboard.php(217): view('dashboard/qr_code', [...])
 6 SYSTEMPATH\CodeIgniter.php(896): App\Controllers\Dashboard->qr_code('FCPATH\\js', 'qrcode.js')
 7 SYSTEMPATH\CodeIgniter.php(466): CodeIgniter\CodeIgniter->runController(Object(App\Controllers\Dashboard))
 8 SYSTEMPATH\CodeIgniter.php(349): CodeIgniter\CodeIgniter->handleRequest(null, Object(Config\Cache), false)
 9 FCPATH\index.php(55): CodeIgniter\CodeIgniter->run()
10 SYSTEMPATH\Commands\Server\rewrite.php(43): require_once('FCPATH\\index.php')
CRITICAL - 2022-09-12 17:05:35 --> Trying to access array offset on value of type null
in APPPATH\Views\dashboard\qr_code.php on line 6.
 1 APPPATH\Views\dashboard\qr_code.php(6): CodeIgniter\Debug\Exceptions->errorHandler(8, 'Trying to access array offset on value of type null', 'APPPATH\\Views\\dashboard\\qr_code.php', 6, [...])
 2 SYSTEMPATH\View\View.php(213): include('APPPATH\\Views\\dashboard\\qr_code.php')
 3 SYSTEMPATH\View\View.php(216): CodeIgniter\View\View->CodeIgniter\View\{closure}()
 4 SYSTEMPATH\Common.php(1135): CodeIgniter\View\View->render('dashboard/qr_code', [], true)
 5 APPPATH\Controllers\Dashboard.php(217): view('dashboard/qr_code', [...])
 6 SYSTEMPATH\CodeIgniter.php(896): App\Controllers\Dashboard->qr_code('FCPATH\\js', 'jsfunctions.js')
 7 SYSTEMPATH\CodeIgniter.php(466): CodeIgniter\CodeIgniter->runController(Object(App\Controllers\Dashboard))
 8 SYSTEMPATH\CodeIgniter.php(349): CodeIgniter\CodeIgniter->handleRequest(null, Object(Config\Cache), false)
 9 FCPATH\index.php(55): CodeIgniter\CodeIgniter->run()
10 SYSTEMPATH\Commands\Server\rewrite.php(43): require_once('FCPATH\\index.php')
CRITICAL - 2022-09-12 17:05:36 --> Trying to access array offset on value of type null
in APPPATH\Views\dashboard\qr_code.php on line 6.
 1 APPPATH\Views\dashboard\qr_code.php(6): CodeIgniter\Debug\Exceptions->errorHandler(8, 'Trying to access array offset on value of type null', 'APPPATH\\Views\\dashboard\\qr_code.php', 6, [...])
 2 SYSTEMPATH\View\View.php(213): include('APPPATH\\Views\\dashboard\\qr_code.php')
 3 SYSTEMPATH\View\View.php(216): CodeIgniter\View\View->CodeIgniter\View\{closure}()
 4 SYSTEMPATH\Common.php(1135): CodeIgniter\View\View->render('dashboard/qr_code', [], true)
 5 APPPATH\Controllers\Dashboard.php(217): view('dashboard/qr_code', [...])
 6 SYSTEMPATH\CodeIgniter.php(896): App\Controllers\Dashboard->qr_code('FCPATH\\js', 'qrcode.js')
 7 SYSTEMPATH\CodeIgniter.php(466): CodeIgniter\CodeIgniter->runController(Object(App\Controllers\Dashboard))
 8 SYSTEMPATH\CodeIgniter.php(349): CodeIgniter\CodeIgniter->handleRequest(null, Object(Config\Cache), false)
 9 FCPATH\index.php(55): CodeIgniter\CodeIgniter->run()
10 SYSTEMPATH\Commands\Server\rewrite.php(43): require_once('FCPATH\\index.php')
CRITICAL - 2022-09-12 17:05:43 --> Trying to access array offset on value of type null
in APPPATH\Views\dashboard\qr_code.php on line 6.
 1 APPPATH\Views\dashboard\qr_code.php(6): CodeIgniter\Debug\Exceptions->errorHandler(8, 'Trying to access array offset on value of type null', 'APPPATH\\Views\\dashboard\\qr_code.php', 6, [...])
 2 SYSTEMPATH\View\View.php(213): include('APPPATH\\Views\\dashboard\\qr_code.php')
 3 SYSTEMPATH\View\View.php(216): CodeIgniter\View\View->CodeIgniter\View\{closure}()
 4 SYSTEMPATH\Common.php(1135): CodeIgniter\View\View->render('dashboard/qr_code', [], true)
 5 APPPATH\Controllers\Dashboard.php(217): view('dashboard/qr_code', [...])
 6 SYSTEMPATH\CodeIgniter.php(896): App\Controllers\Dashboard->qr_code('FCPATH\\js', 'jsfunctions.js')
 7 SYSTEMPATH\CodeIgniter.php(466): CodeIgniter\CodeIgniter->runController(Object(App\Controllers\Dashboard))
 8 SYSTEMPATH\CodeIgniter.php(349): CodeIgniter\CodeIgniter->handleRequest(null, Object(Config\Cache), false)
 9 FCPATH\index.php(55): CodeIgniter\CodeIgniter->run()
10 SYSTEMPATH\Commands\Server\rewrite.php(43): require_once('FCPATH\\index.php')
CRITICAL - 2022-09-12 17:05:43 --> Trying to access array offset on value of type null
in APPPATH\Views\dashboard\qr_code.php on line 6.
 1 APPPATH\Views\dashboard\qr_code.php(6): CodeIgniter\Debug\Exceptions->errorHandler(8, 'Trying to access array offset on value of type null', 'APPPATH\\Views\\dashboard\\qr_code.php', 6, [...])
 2 SYSTEMPATH\View\View.php(213): include('APPPATH\\Views\\dashboard\\qr_code.php')
 3 SYSTEMPATH\View\View.php(216): CodeIgniter\View\View->CodeIgniter\View\{closure}()
 4 SYSTEMPATH\Common.php(1135): CodeIgniter\View\View->render('dashboard/qr_code', [], true)
 5 APPPATH\Controllers\Dashboard.php(217): view('dashboard/qr_code', [...])
 6 SYSTEMPATH\CodeIgniter.php(896): App\Controllers\Dashboard->qr_code('FCPATH\\js', 'qrcode.js')
 7 SYSTEMPATH\CodeIgniter.php(466): CodeIgniter\CodeIgniter->runController(Object(App\Controllers\Dashboard))
 8 SYSTEMPATH\CodeIgniter.php(349): CodeIgniter\CodeIgniter->handleRequest(null, Object(Config\Cache), false)
 9 FCPATH\index.php(55): CodeIgniter\CodeIgniter->run()
10 SYSTEMPATH\Commands\Server\rewrite.php(43): require_once('FCPATH\\index.php')
CRITICAL - 2022-09-12 17:05:47 --> Trying to access array offset on value of type null
in APPPATH\Views\dashboard\qr_code.php on line 6.
 1 APPPATH\Views\dashboard\qr_code.php(6): CodeIgniter\Debug\Exceptions->errorHandler(8, 'Trying to access array offset on value of type null', 'APPPATH\\Views\\dashboard\\qr_code.php', 6, [...])
 2 SYSTEMPATH\View\View.php(213): include('APPPATH\\Views\\dashboard\\qr_code.php')
 3 SYSTEMPATH\View\View.php(216): CodeIgniter\View\View->CodeIgniter\View\{closure}()
 4 SYSTEMPATH\Common.php(1135): CodeIgniter\View\View->render('dashboard/qr_code', [], true)
 5 APPPATH\Controllers\Dashboard.php(217): view('dashboard/qr_code', [...])
 6 SYSTEMPATH\CodeIgniter.php(896): App\Controllers\Dashboard->qr_code('FCPATH\\js', 'jsfunctions.js')
 7 SYSTEMPATH\CodeIgniter.php(466): CodeIgniter\CodeIgniter->runController(Object(App\Controllers\Dashboard))
 8 SYSTEMPATH\CodeIgniter.php(349): CodeIgniter\CodeIgniter->handleRequest(null, Object(Config\Cache), false)
 9 FCPATH\index.php(55): CodeIgniter\CodeIgniter->run()
10 SYSTEMPATH\Commands\Server\rewrite.php(43): require_once('FCPATH\\index.php')
CRITICAL - 2022-09-12 17:05:47 --> Trying to access array offset on value of type null
in APPPATH\Views\dashboard\qr_code.php on line 6.
 1 APPPATH\Views\dashboard\qr_code.php(6): CodeIgniter\Debug\Exceptions->errorHandler(8, 'Trying to access array offset on value of type null', 'APPPATH\\Views\\dashboard\\qr_code.php', 6, [...])
 2 SYSTEMPATH\View\View.php(213): include('APPPATH\\Views\\dashboard\\qr_code.php')
 3 SYSTEMPATH\View\View.php(216): CodeIgniter\View\View->CodeIgniter\View\{closure}()
 4 SYSTEMPATH\Common.php(1135): CodeIgniter\View\View->render('dashboard/qr_code', [], true)
 5 APPPATH\Controllers\Dashboard.php(217): view('dashboard/qr_code', [...])
 6 SYSTEMPATH\CodeIgniter.php(896): App\Controllers\Dashboard->qr_code('FCPATH\\js', 'qrcode.js')
 7 SYSTEMPATH\CodeIgniter.php(466): CodeIgniter\CodeIgniter->runController(Object(App\Controllers\Dashboard))
 8 SYSTEMPATH\CodeIgniter.php(349): CodeIgniter\CodeIgniter->handleRequest(null, Object(Config\Cache), false)
 9 FCPATH\index.php(55): CodeIgniter\CodeIgniter->run()
10 SYSTEMPATH\Commands\Server\rewrite.php(43): require_once('FCPATH\\index.php')
CRITICAL - 2022-09-12 17:06:00 --> Trying to access array offset on value of type null
in APPPATH\Views\dashboard\qr_code.php on line 6.
 1 APPPATH\Views\dashboard\qr_code.php(6): CodeIgniter\Debug\Exceptions->errorHandler(8, 'Trying to access array offset on value of type null', 'APPPATH\\Views\\dashboard\\qr_code.php', 6, [...])
 2 SYSTEMPATH\View\View.php(213): include('APPPATH\\Views\\dashboard\\qr_code.php')
 3 SYSTEMPATH\View\View.php(216): CodeIgniter\View\View->CodeIgniter\View\{closure}()
 4 SYSTEMPATH\Common.php(1135): CodeIgniter\View\View->render('dashboard/qr_code', [], true)
 5 APPPATH\Controllers\Dashboard.php(217): view('dashboard/qr_code', [...])
 6 SYSTEMPATH\CodeIgniter.php(896): App\Controllers\Dashboard->qr_code('FCPATH\\js', 'jsfunctions.js')
 7 SYSTEMPATH\CodeIgniter.php(466): CodeIgniter\CodeIgniter->runController(Object(App\Controllers\Dashboard))
 8 SYSTEMPATH\CodeIgniter.php(349): CodeIgniter\CodeIgniter->handleRequest(null, Object(Config\Cache), false)
 9 FCPATH\index.php(55): CodeIgniter\CodeIgniter->run()
10 SYSTEMPATH\Commands\Server\rewrite.php(43): require_once('FCPATH\\index.php')
CRITICAL - 2022-09-12 17:06:00 --> Trying to access array offset on value of type null
in APPPATH\Views\dashboard\qr_code.php on line 6.
 1 APPPATH\Views\dashboard\qr_code.php(6): CodeIgniter\Debug\Exceptions->errorHandler(8, 'Trying to access array offset on value of type null', 'APPPATH\\Views\\dashboard\\qr_code.php', 6, [...])
 2 SYSTEMPATH\View\View.php(213): include('APPPATH\\Views\\dashboard\\qr_code.php')
 3 SYSTEMPATH\View\View.php(216): CodeIgniter\View\View->CodeIgniter\View\{closure}()
 4 SYSTEMPATH\Common.php(1135): CodeIgniter\View\View->render('dashboard/qr_code', [], true)
 5 APPPATH\Controllers\Dashboard.php(217): view('dashboard/qr_code', [...])
 6 SYSTEMPATH\CodeIgniter.php(896): App\Controllers\Dashboard->qr_code('FCPATH\\js', 'qrcode.js')
 7 SYSTEMPATH\CodeIgniter.php(466): CodeIgniter\CodeIgniter->runController(Object(App\Controllers\Dashboard))
 8 SYSTEMPATH\CodeIgniter.php(349): CodeIgniter\CodeIgniter->handleRequest(null, Object(Config\Cache), false)
 9 FCPATH\index.php(55): CodeIgniter\CodeIgniter->run()
10 SYSTEMPATH\Commands\Server\rewrite.php(43): require_once('FCPATH\\index.php')
CRITICAL - 2022-09-12 17:06:09 --> Trying to access array offset on value of type null
in APPPATH\Views\dashboard\qr_code.php on line 6.
 1 APPPATH\Views\dashboard\qr_code.php(6): CodeIgniter\Debug\Exceptions->errorHandler(8, 'Trying to access array offset on value of type null', 'APPPATH\\Views\\dashboard\\qr_code.php', 6, [...])
 2 SYSTEMPATH\View\View.php(213): include('APPPATH\\Views\\dashboard\\qr_code.php')
 3 SYSTEMPATH\View\View.php(216): CodeIgniter\View\View->CodeIgniter\View\{closure}()
 4 SYSTEMPATH\Common.php(1135): CodeIgniter\View\View->render('dashboard/qr_code', [], true)
 5 APPPATH\Controllers\Dashboard.php(217): view('dashboard/qr_code', [...])
 6 SYSTEMPATH\CodeIgniter.php(896): App\Controllers\Dashboard->qr_code('FCPATH\\js', 'jsfunctions.js')
 7 SYSTEMPATH\CodeIgniter.php(466): CodeIgniter\CodeIgniter->runController(Object(App\Controllers\Dashboard))
 8 SYSTEMPATH\CodeIgniter.php(349): CodeIgniter\CodeIgniter->handleRequest(null, Object(Config\Cache), false)
 9 FCPATH\index.php(55): CodeIgniter\CodeIgniter->run()
10 SYSTEMPATH\Commands\Server\rewrite.php(43): require_once('FCPATH\\index.php')
CRITICAL - 2022-09-12 17:06:09 --> Trying to access array offset on value of type null
in APPPATH\Views\dashboard\qr_code.php on line 6.
 1 APPPATH\Views\dashboard\qr_code.php(6): CodeIgniter\Debug\Exceptions->errorHandler(8, 'Trying to access array offset on value of type null', 'APPPATH\\Views\\dashboard\\qr_code.php', 6, [...])
 2 SYSTEMPATH\View\View.php(213): include('APPPATH\\Views\\dashboard\\qr_code.php')
 3 SYSTEMPATH\View\View.php(216): CodeIgniter\View\View->CodeIgniter\View\{closure}()
 4 SYSTEMPATH\Common.php(1135): CodeIgniter\View\View->render('dashboard/qr_code', [], true)
 5 APPPATH\Controllers\Dashboard.php(217): view('dashboard/qr_code', [...])
 6 SYSTEMPATH\CodeIgniter.php(896): App\Controllers\Dashboard->qr_code('FCPATH\\js', 'qrcode.js')
 7 SYSTEMPATH\CodeIgniter.php(466): CodeIgniter\CodeIgniter->runController(Object(App\Controllers\Dashboard))
 8 SYSTEMPATH\CodeIgniter.php(349): CodeIgniter\CodeIgniter->handleRequest(null, Object(Config\Cache), false)
 9 FCPATH\index.php(55): CodeIgniter\CodeIgniter->run()
10 SYSTEMPATH\Commands\Server\rewrite.php(43): require_once('FCPATH\\index.php')
CRITICAL - 2022-09-12 17:06:12 --> Trying to access array offset on value of type null
in APPPATH\Views\dashboard\qr_code.php on line 6.
 1 APPPATH\Views\dashboard\qr_code.php(6): CodeIgniter\Debug\Exceptions->errorHandler(8, 'Trying to access array offset on value of type null', 'APPPATH\\Views\\dashboard\\qr_code.php', 6, [...])
 2 SYSTEMPATH\View\View.php(213): include('APPPATH\\Views\\dashboard\\qr_code.php')
 3 SYSTEMPATH\View\View.php(216): CodeIgniter\View\View->CodeIgniter\View\{closure}()
 4 SYSTEMPATH\Common.php(1135): CodeIgniter\View\View->render('dashboard/qr_code', [], true)
 5 APPPATH\Controllers\Dashboard.php(217): view('dashboard/qr_code', [...])
 6 SYSTEMPATH\CodeIgniter.php(896): App\Controllers\Dashboard->qr_code('FCPATH\\js', 'jsfunctions.js')
 7 SYSTEMPATH\CodeIgniter.php(466): CodeIgniter\CodeIgniter->runController(Object(App\Controllers\Dashboard))
 8 SYSTEMPATH\CodeIgniter.php(349): CodeIgniter\CodeIgniter->handleRequest(null, Object(Config\Cache), false)
 9 FCPATH\index.php(55): CodeIgniter\CodeIgniter->run()
10 SYSTEMPATH\Commands\Server\rewrite.php(43): require_once('FCPATH\\index.php')
CRITICAL - 2022-09-12 17:06:13 --> Trying to access array offset on value of type null
in APPPATH\Views\dashboard\qr_code.php on line 6.
 1 APPPATH\Views\dashboard\qr_code.php(6): CodeIgniter\Debug\Exceptions->errorHandler(8, 'Trying to access array offset on value of type null', 'APPPATH\\Views\\dashboard\\qr_code.php', 6, [...])
 2 SYSTEMPATH\View\View.php(213): include('APPPATH\\Views\\dashboard\\qr_code.php')
 3 SYSTEMPATH\View\View.php(216): CodeIgniter\View\View->CodeIgniter\View\{closure}()
 4 SYSTEMPATH\Common.php(1135): CodeIgniter\View\View->render('dashboard/qr_code', [], true)
 5 APPPATH\Controllers\Dashboard.php(217): view('dashboard/qr_code', [...])
 6 SYSTEMPATH\CodeIgniter.php(896): App\Controllers\Dashboard->qr_code('FCPATH\\js', 'qrcode.js')
 7 SYSTEMPATH\CodeIgniter.php(466): CodeIgniter\CodeIgniter->runController(Object(App\Controllers\Dashboard))
 8 SYSTEMPATH\CodeIgniter.php(349): CodeIgniter\CodeIgniter->handleRequest(null, Object(Config\Cache), false)
 9 FCPATH\index.php(55): CodeIgniter\CodeIgniter->run()
10 SYSTEMPATH\Commands\Server\rewrite.php(43): require_once('FCPATH\\index.php')
CRITICAL - 2022-09-12 17:06:20 --> Trying to access array offset on value of type null
in APPPATH\Views\dashboard\qr_code.php on line 6.
 1 APPPATH\Views\dashboard\qr_code.php(6): CodeIgniter\Debug\Exceptions->errorHandler(8, 'Trying to access array offset on value of type null', 'APPPATH\\Views\\dashboard\\qr_code.php', 6, [...])
 2 SYSTEMPATH\View\View.php(213): include('APPPATH\\Views\\dashboard\\qr_code.php')
 3 SYSTEMPATH\View\View.php(216): CodeIgniter\View\View->CodeIgniter\View\{closure}()
 4 SYSTEMPATH\Common.php(1135): CodeIgniter\View\View->render('dashboard/qr_code', [], true)
 5 APPPATH\Controllers\Dashboard.php(217): view('dashboard/qr_code', [...])
 6 SYSTEMPATH\CodeIgniter.php(896): App\Controllers\Dashboard->qr_code('FCPATH\\js', 'jsfunctions.js')
 7 SYSTEMPATH\CodeIgniter.php(466): CodeIgniter\CodeIgniter->runController(Object(App\Controllers\Dashboard))
 8 SYSTEMPATH\CodeIgniter.php(349): CodeIgniter\CodeIgniter->handleRequest(null, Object(Config\Cache), false)
 9 FCPATH\index.php(55): CodeIgniter\CodeIgniter->run()
10 SYSTEMPATH\Commands\Server\rewrite.php(43): require_once('FCPATH\\index.php')
CRITICAL - 2022-09-12 17:06:20 --> Trying to access array offset on value of type null
in APPPATH\Views\dashboard\qr_code.php on line 6.
 1 APPPATH\Views\dashboard\qr_code.php(6): CodeIgniter\Debug\Exceptions->errorHandler(8, 'Trying to access array offset on value of type null', 'APPPATH\\Views\\dashboard\\qr_code.php', 6, [...])
 2 SYSTEMPATH\View\View.php(213): include('APPPATH\\Views\\dashboard\\qr_code.php')
 3 SYSTEMPATH\View\View.php(216): CodeIgniter\View\View->CodeIgniter\View\{closure}()
 4 SYSTEMPATH\Common.php(1135): CodeIgniter\View\View->render('dashboard/qr_code', [], true)
 5 APPPATH\Controllers\Dashboard.php(217): view('dashboard/qr_code', [...])
 6 SYSTEMPATH\CodeIgniter.php(896): App\Controllers\Dashboard->qr_code('FCPATH\\js', 'qrcode.js')
 7 SYSTEMPATH\CodeIgniter.php(466): CodeIgniter\CodeIgniter->runController(Object(App\Controllers\Dashboard))
 8 SYSTEMPATH\CodeIgniter.php(349): CodeIgniter\CodeIgniter->handleRequest(null, Object(Config\Cache), false)
 9 FCPATH\index.php(55): CodeIgniter\CodeIgniter->run()
10 SYSTEMPATH\Commands\Server\rewrite.php(43): require_once('FCPATH\\index.php')
CRITICAL - 2022-09-12 17:06:34 --> Trying to access array offset on value of type null
in APPPATH\Views\dashboard\qr_code.php on line 6.
 1 APPPATH\Views\dashboard\qr_code.php(6): CodeIgniter\Debug\Exceptions->errorHandler(8, 'Trying to access array offset on value of type null', 'APPPATH\\Views\\dashboard\\qr_code.php', 6, [...])
 2 SYSTEMPATH\View\View.php(213): include('APPPATH\\Views\\dashboard\\qr_code.php')
 3 SYSTEMPATH\View\View.php(216): CodeIgniter\View\View->CodeIgniter\View\{closure}()
 4 SYSTEMPATH\Common.php(1135): CodeIgniter\View\View->render('dashboard/qr_code', [], true)
 5 APPPATH\Controllers\Dashboard.php(217): view('dashboard/qr_code', [...])
 6 SYSTEMPATH\CodeIgniter.php(896): App\Controllers\Dashboard->qr_code('FCPATH\\js', 'jsfunctions.js')
 7 SYSTEMPATH\CodeIgniter.php(466): CodeIgniter\CodeIgniter->runController(Object(App\Controllers\Dashboard))
 8 SYSTEMPATH\CodeIgniter.php(349): CodeIgniter\CodeIgniter->handleRequest(null, Object(Config\Cache), false)
 9 FCPATH\index.php(55): CodeIgniter\CodeIgniter->run()
10 SYSTEMPATH\Commands\Server\rewrite.php(43): require_once('FCPATH\\index.php')
CRITICAL - 2022-09-12 17:06:34 --> Trying to access array offset on value of type null
in APPPATH\Views\dashboard\qr_code.php on line 6.
 1 APPPATH\Views\dashboard\qr_code.php(6): CodeIgniter\Debug\Exceptions->errorHandler(8, 'Trying to access array offset on value of type null', 'APPPATH\\Views\\dashboard\\qr_code.php', 6, [...])
 2 SYSTEMPATH\View\View.php(213): include('APPPATH\\Views\\dashboard\\qr_code.php')
 3 SYSTEMPATH\View\View.php(216): CodeIgniter\View\View->CodeIgniter\View\{closure}()
 4 SYSTEMPATH\Common.php(1135): CodeIgniter\View\View->render('dashboard/qr_code', [], true)
 5 APPPATH\Controllers\Dashboard.php(217): view('dashboard/qr_code', [...])
 6 SYSTEMPATH\CodeIgniter.php(896): App\Controllers\Dashboard->qr_code('FCPATH\\js', 'qrcode.js')
 7 SYSTEMPATH\CodeIgniter.php(466): CodeIgniter\CodeIgniter->runController(Object(App\Controllers\Dashboard))
 8 SYSTEMPATH\CodeIgniter.php(349): CodeIgniter\CodeIgniter->handleRequest(null, Object(Config\Cache), false)
 9 FCPATH\index.php(55): CodeIgniter\CodeIgniter->run()
10 SYSTEMPATH\Commands\Server\rewrite.php(43): require_once('FCPATH\\index.php')
CRITICAL - 2022-09-12 17:06:38 --> Trying to access array offset on value of type null
in APPPATH\Views\dashboard\qr_code.php on line 6.
 1 APPPATH\Views\dashboard\qr_code.php(6): CodeIgniter\Debug\Exceptions->errorHandler(8, 'Trying to access array offset on value of type null', 'APPPATH\\Views\\dashboard\\qr_code.php', 6, [...])
 2 SYSTEMPATH\View\View.php(213): include('APPPATH\\Views\\dashboard\\qr_code.php')
 3 SYSTEMPATH\View\View.php(216): CodeIgniter\View\View->CodeIgniter\View\{closure}()
 4 SYSTEMPATH\Common.php(1135): CodeIgniter\View\View->render('dashboard/qr_code', [], true)
 5 APPPATH\Controllers\Dashboard.php(217): view('dashboard/qr_code', [...])
 6 SYSTEMPATH\CodeIgniter.php(896): App\Controllers\Dashboard->qr_code('FCPATH\\js', 'jsfunctions.js')
 7 SYSTEMPATH\CodeIgniter.php(466): CodeIgniter\CodeIgniter->runController(Object(App\Controllers\Dashboard))
 8 SYSTEMPATH\CodeIgniter.php(349): CodeIgniter\CodeIgniter->handleRequest(null, Object(Config\Cache), false)
 9 FCPATH\index.php(55): CodeIgniter\CodeIgniter->run()
10 SYSTEMPATH\Commands\Server\rewrite.php(43): require_once('FCPATH\\index.php')
CRITICAL - 2022-09-12 17:06:39 --> Trying to access array offset on value of type null
in APPPATH\Views\dashboard\qr_code.php on line 6.
 1 APPPATH\Views\dashboard\qr_code.php(6): CodeIgniter\Debug\Exceptions->errorHandler(8, 'Trying to access array offset on value of type null', 'APPPATH\\Views\\dashboard\\qr_code.php', 6, [...])
 2 SYSTEMPATH\View\View.php(213): include('APPPATH\\Views\\dashboard\\qr_code.php')
 3 SYSTEMPATH\View\View.php(216): CodeIgniter\View\View->CodeIgniter\View\{closure}()
 4 SYSTEMPATH\Common.php(1135): CodeIgniter\View\View->render('dashboard/qr_code', [], true)
 5 APPPATH\Controllers\Dashboard.php(217): view('dashboard/qr_code', [...])
 6 SYSTEMPATH\CodeIgniter.php(896): App\Controllers\Dashboard->qr_code('FCPATH\\js', 'qrcode.js')
 7 SYSTEMPATH\CodeIgniter.php(466): CodeIgniter\CodeIgniter->runController(Object(App\Controllers\Dashboard))
 8 SYSTEMPATH\CodeIgniter.php(349): CodeIgniter\CodeIgniter->handleRequest(null, Object(Config\Cache), false)
 9 FCPATH\index.php(55): CodeIgniter\CodeIgniter->run()
10 SYSTEMPATH\Commands\Server\rewrite.php(43): require_once('FCPATH\\index.php')
CRITICAL - 2022-09-12 17:06:44 --> Trying to access array offset on value of type null
in APPPATH\Views\dashboard\qr_code.php on line 6.
 1 APPPATH\Views\dashboard\qr_code.php(6): CodeIgniter\Debug\Exceptions->errorHandler(8, 'Trying to access array offset on value of type null', 'APPPATH\\Views\\dashboard\\qr_code.php', 6, [...])
 2 SYSTEMPATH\View\View.php(213): include('APPPATH\\Views\\dashboard\\qr_code.php')
 3 SYSTEMPATH\View\View.php(216): CodeIgniter\View\View->CodeIgniter\View\{closure}()
 4 SYSTEMPATH\Common.php(1135): CodeIgniter\View\View->render('dashboard/qr_code', [], true)
 5 APPPATH\Controllers\Dashboard.php(217): view('dashboard/qr_code', [...])
 6 SYSTEMPATH\CodeIgniter.php(896): App\Controllers\Dashboard->qr_code('FCPATH\\js', 'jsfunctions.js')
 7 SYSTEMPATH\CodeIgniter.php(466): CodeIgniter\CodeIgniter->runController(Object(App\Controllers\Dashboard))
 8 SYSTEMPATH\CodeIgniter.php(349): CodeIgniter\CodeIgniter->handleRequest(null, Object(Config\Cache), false)
 9 FCPATH\index.php(55): CodeIgniter\CodeIgniter->run()
10 SYSTEMPATH\Commands\Server\rewrite.php(43): require_once('FCPATH\\index.php')
CRITICAL - 2022-09-12 17:06:44 --> Trying to access array offset on value of type null
in APPPATH\Views\dashboard\qr_code.php on line 6.
 1 APPPATH\Views\dashboard\qr_code.php(6): CodeIgniter\Debug\Exceptions->errorHandler(8, 'Trying to access array offset on value of type null', 'APPPATH\\Views\\dashboard\\qr_code.php', 6, [...])
 2 SYSTEMPATH\View\View.php(213): include('APPPATH\\Views\\dashboard\\qr_code.php')
 3 SYSTEMPATH\View\View.php(216): CodeIgniter\View\View->CodeIgniter\View\{closure}()
 4 SYSTEMPATH\Common.php(1135): CodeIgniter\View\View->render('dashboard/qr_code', [], true)
 5 APPPATH\Controllers\Dashboard.php(217): view('dashboard/qr_code', [...])
 6 SYSTEMPATH\CodeIgniter.php(896): App\Controllers\Dashboard->qr_code('FCPATH\\js', 'qrcode.js')
 7 SYSTEMPATH\CodeIgniter.php(466): CodeIgniter\CodeIgniter->runController(Object(App\Controllers\Dashboard))
 8 SYSTEMPATH\CodeIgniter.php(349): CodeIgniter\CodeIgniter->handleRequest(null, Object(Config\Cache), false)
 9 FCPATH\index.php(55): CodeIgniter\CodeIgniter->run()
10 SYSTEMPATH\Commands\Server\rewrite.php(43): require_once('FCPATH\\index.php')
CRITICAL - 2022-09-12 17:06:49 --> Trying to access array offset on value of type null
in APPPATH\Views\dashboard\qr_code.php on line 6.
 1 APPPATH\Views\dashboard\qr_code.php(6): CodeIgniter\Debug\Exceptions->errorHandler(8, 'Trying to access array offset on value of type null', 'APPPATH\\Views\\dashboard\\qr_code.php', 6, [...])
 2 SYSTEMPATH\View\View.php(213): include('APPPATH\\Views\\dashboard\\qr_code.php')
 3 SYSTEMPATH\View\View.php(216): CodeIgniter\View\View->CodeIgniter\View\{closure}()
 4 SYSTEMPATH\Common.php(1135): CodeIgniter\View\View->render('dashboard/qr_code', [], true)
 5 APPPATH\Controllers\Dashboard.php(217): view('dashboard/qr_code', [...])
 6 SYSTEMPATH\CodeIgniter.php(896): App\Controllers\Dashboard->qr_code('FCPATH\\js', 'jsfunctions.js')
 7 SYSTEMPATH\CodeIgniter.php(466): CodeIgniter\CodeIgniter->runController(Object(App\Controllers\Dashboard))
 8 SYSTEMPATH\CodeIgniter.php(349): CodeIgniter\CodeIgniter->handleRequest(null, Object(Config\Cache), false)
 9 FCPATH\index.php(55): CodeIgniter\CodeIgniter->run()
10 SYSTEMPATH\Commands\Server\rewrite.php(43): require_once('FCPATH\\index.php')
CRITICAL - 2022-09-12 17:06:49 --> Trying to access array offset on value of type null
in APPPATH\Views\dashboard\qr_code.php on line 6.
 1 APPPATH\Views\dashboard\qr_code.php(6): CodeIgniter\Debug\Exceptions->errorHandler(8, 'Trying to access array offset on value of type null', 'APPPATH\\Views\\dashboard\\qr_code.php', 6, [...])
 2 SYSTEMPATH\View\View.php(213): include('APPPATH\\Views\\dashboard\\qr_code.php')
 3 SYSTEMPATH\View\View.php(216): CodeIgniter\View\View->CodeIgniter\View\{closure}()
 4 SYSTEMPATH\Common.php(1135): CodeIgniter\View\View->render('dashboard/qr_code', [], true)
 5 APPPATH\Controllers\Dashboard.php(217): view('dashboard/qr_code', [...])
 6 SYSTEMPATH\CodeIgniter.php(896): App\Controllers\Dashboard->qr_code('FCPATH\\js', 'qrcode.js')
 7 SYSTEMPATH\CodeIgniter.php(466): CodeIgniter\CodeIgniter->runController(Object(App\Controllers\Dashboard))
 8 SYSTEMPATH\CodeIgniter.php(349): CodeIgniter\CodeIgniter->handleRequest(null, Object(Config\Cache), false)
 9 FCPATH\index.php(55): CodeIgniter\CodeIgniter->run()
10 SYSTEMPATH\Commands\Server\rewrite.php(43): require_once('FCPATH\\index.php')
CRITICAL - 2022-09-12 19:39:48 --> Trying to access array offset on value of type null
in APPPATH\Views\dashboard\presensi.php on line 6.
 1 APPPATH\Views\dashboard\presensi.php(6): CodeIgniter\Debug\Exceptions->errorHandler(8, 'Trying to access array offset on value of type null', 'APPPATH\\Views\\dashboard\\presensi.php', 6, [...])
 2 SYSTEMPATH\View\View.php(213): include('APPPATH\\Views\\dashboard\\presensi.php')
 3 SYSTEMPATH\View\View.php(216): CodeIgniter\View\View->CodeIgniter\View\{closure}()
 4 SYSTEMPATH\Common.php(1135): CodeIgniter\View\View->render('dashboard/presensi', [], true)
 5 APPPATH\Controllers\Dashboard.php(106): view('dashboard/presensi', [...])
 6 SYSTEMPATH\CodeIgniter.php(896): App\Controllers\Dashboard->presensi('FCPATH\\js', 'jsfunctions.js')
 7 SYSTEMPATH\CodeIgniter.php(466): CodeIgniter\CodeIgniter->runController(Object(App\Controllers\Dashboard))
 8 SYSTEMPATH\CodeIgniter.php(349): CodeIgniter\CodeIgniter->handleRequest(null, Object(Config\Cache), false)
 9 FCPATH\index.php(55): CodeIgniter\CodeIgniter->run()
10 SYSTEMPATH\Commands\Server\rewrite.php(43): require_once('FCPATH\\index.php')
CRITICAL - 2022-09-12 19:39:48 --> Trying to access array offset on value of type null
in APPPATH\Views\dashboard\presensi.php on line 6.
 1 APPPATH\Views\dashboard\presensi.php(6): CodeIgniter\Debug\Exceptions->errorHandler(8, 'Trying to access array offset on value of type null', 'APPPATH\\Views\\dashboard\\presensi.php', 6, [...])
 2 SYSTEMPATH\View\View.php(213): include('APPPATH\\Views\\dashboard\\presensi.php')
 3 SYSTEMPATH\View\View.php(216): CodeIgniter\View\View->CodeIgniter\View\{closure}()
 4 SYSTEMPATH\Common.php(1135): CodeIgniter\View\View->render('dashboard/presensi', [], true)
 5 APPPATH\Controllers\Dashboard.php(106): view('dashboard/presensi', [...])
 6 SYSTEMPATH\CodeIgniter.php(896): App\Controllers\Dashboard->presensi('FCPATH\\js', 'qrcode.js')
 7 SYSTEMPATH\CodeIgniter.php(466): CodeIgniter\CodeIgniter->runController(Object(App\Controllers\Dashboard))
 8 SYSTEMPATH\CodeIgniter.php(349): CodeIgniter\CodeIgniter->handleRequest(null, Object(Config\Cache), false)
 9 FCPATH\index.php(55): CodeIgniter\CodeIgniter->run()
10 SYSTEMPATH\Commands\Server\rewrite.php(43): require_once('FCPATH\\index.php')
CRITICAL - 2022-09-12 19:39:52 --> Trying to access array offset on value of type null
in APPPATH\Views\dashboard\qr_code.php on line 6.
 1 APPPATH\Views\dashboard\qr_code.php(6): CodeIgniter\Debug\Exceptions->errorHandler(8, 'Trying to access array offset on value of type null', 'APPPATH\\Views\\dashboard\\qr_code.php', 6, [...])
 2 SYSTEMPATH\View\View.php(213): include('APPPATH\\Views\\dashboard\\qr_code.php')
 3 SYSTEMPATH\View\View.php(216): CodeIgniter\View\View->CodeIgniter\View\{closure}()
 4 SYSTEMPATH\Common.php(1135): CodeIgniter\View\View->render('dashboard/qr_code', [], true)
 5 APPPATH\Controllers\Dashboard.php(217): view('dashboard/qr_code', [...])
 6 SYSTEMPATH\CodeIgniter.php(896): App\Controllers\Dashboard->qr_code('FCPATH\\js', 'jsfunctions.js')
 7 SYSTEMPATH\CodeIgniter.php(466): CodeIgniter\CodeIgniter->runController(Object(App\Controllers\Dashboard))
 8 SYSTEMPATH\CodeIgniter.php(349): CodeIgniter\CodeIgniter->handleRequest(null, Object(Config\Cache), false)
 9 FCPATH\index.php(55): CodeIgniter\CodeIgniter->run()
10 SYSTEMPATH\Commands\Server\rewrite.php(43): require_once('FCPATH\\index.php')
CRITICAL - 2022-09-12 19:39:52 --> Trying to access array offset on value of type null
in APPPATH\Views\dashboard\qr_code.php on line 6.
 1 APPPATH\Views\dashboard\qr_code.php(6): CodeIgniter\Debug\Exceptions->errorHandler(8, 'Trying to access array offset on value of type null', 'APPPATH\\Views\\dashboard\\qr_code.php', 6, [...])
 2 SYSTEMPATH\View\View.php(213): include('APPPATH\\Views\\dashboard\\qr_code.php')
 3 SYSTEMPATH\View\View.php(216): CodeIgniter\View\View->CodeIgniter\View\{closure}()
 4 SYSTEMPATH\Common.php(1135): CodeIgniter\View\View->render('dashboard/qr_code', [], true)
 5 APPPATH\Controllers\Dashboard.php(217): view('dashboard/qr_code', [...])
 6 SYSTEMPATH\CodeIgniter.php(896): App\Controllers\Dashboard->qr_code('FCPATH\\js', 'qrcode.js')
 7 SYSTEMPATH\CodeIgniter.php(466): CodeIgniter\CodeIgniter->runController(Object(App\Controllers\Dashboard))
 8 SYSTEMPATH\CodeIgniter.php(349): CodeIgniter\CodeIgniter->handleRequest(null, Object(Config\Cache), false)
 9 FCPATH\index.php(55): CodeIgniter\CodeIgniter->run()
10 SYSTEMPATH\Commands\Server\rewrite.php(43): require_once('FCPATH\\index.php')
CRITICAL - 2022-09-12 19:39:58 --> Trying to access array offset on value of type null
in APPPATH\Views\dashboard\qr_code.php on line 6.
 1 APPPATH\Views\dashboard\qr_code.php(6): CodeIgniter\Debug\Exceptions->errorHandler(8, 'Trying to access array offset on value of type null', 'APPPATH\\Views\\dashboard\\qr_code.php', 6, [...])
 2 SYSTEMPATH\View\View.php(213): include('APPPATH\\Views\\dashboard\\qr_code.php')
 3 SYSTEMPATH\View\View.php(216): CodeIgniter\View\View->CodeIgniter\View\{closure}()
 4 SYSTEMPATH\Common.php(1135): CodeIgniter\View\View->render('dashboard/qr_code', [], true)
 5 APPPATH\Controllers\Dashboard.php(217): view('dashboard/qr_code', [...])
 6 SYSTEMPATH\CodeIgniter.php(896): App\Controllers\Dashboard->qr_code('FCPATH\\js', 'jsfunctions.js')
 7 SYSTEMPATH\CodeIgniter.php(466): CodeIgniter\CodeIgniter->runController(Object(App\Controllers\Dashboard))
 8 SYSTEMPATH\CodeIgniter.php(349): CodeIgniter\CodeIgniter->handleRequest(null, Object(Config\Cache), false)
 9 FCPATH\index.php(55): CodeIgniter\CodeIgniter->run()
10 SYSTEMPATH\Commands\Server\rewrite.php(43): require_once('FCPATH\\index.php')
CRITICAL - 2022-09-12 19:39:58 --> Trying to access array offset on value of type null
in APPPATH\Views\dashboard\qr_code.php on line 6.
 1 APPPATH\Views\dashboard\qr_code.php(6): CodeIgniter\Debug\Exceptions->errorHandler(8, 'Trying to access array offset on value of type null', 'APPPATH\\Views\\dashboard\\qr_code.php', 6, [...])
 2 SYSTEMPATH\View\View.php(213): include('APPPATH\\Views\\dashboard\\qr_code.php')
 3 SYSTEMPATH\View\View.php(216): CodeIgniter\View\View->CodeIgniter\View\{closure}()
 4 SYSTEMPATH\Common.php(1135): CodeIgniter\View\View->render('dashboard/qr_code', [], true)
 5 APPPATH\Controllers\Dashboard.php(217): view('dashboard/qr_code', [...])
 6 SYSTEMPATH\CodeIgniter.php(896): App\Controllers\Dashboard->qr_code('FCPATH\\js', 'qrcode.js')
 7 SYSTEMPATH\CodeIgniter.php(466): CodeIgniter\CodeIgniter->runController(Object(App\Controllers\Dashboard))
 8 SYSTEMPATH\CodeIgniter.php(349): CodeIgniter\CodeIgniter->handleRequest(null, Object(Config\Cache), false)
 9 FCPATH\index.php(55): CodeIgniter\CodeIgniter->run()
10 SYSTEMPATH\Commands\Server\rewrite.php(43): require_once('FCPATH\\index.php')
CRITICAL - 2022-09-12 20:10:46 --> Allowed fields must be specified for model: App\Models\ReferalModel
in SYSTEMPATH\BaseModel.php on line 1138.
 1 SYSTEMPATH\BaseModel.php(1138): CodeIgniter\Database\Exceptions\DataException::forInvalidAllowedFields('App\\Models\\ReferalModel')
 2 SYSTEMPATH\BaseModel.php(713): CodeIgniter\BaseModel->doProtectFields([...])
 3 SYSTEMPATH\Model.php(666): CodeIgniter\BaseModel->insert([...], false)
 4 SYSTEMPATH\BaseModel.php(658): CodeIgniter\Model->insert([...], false)
 5 APPPATH\Controllers\Dashboard.php(255): CodeIgniter\BaseModel->save([...])
 6 SYSTEMPATH\CodeIgniter.php(896): App\Controllers\Dashboard->save_referal()
 7 SYSTEMPATH\CodeIgniter.php(466): CodeIgniter\CodeIgniter->runController(Object(App\Controllers\Dashboard))
 8 SYSTEMPATH\CodeIgniter.php(349): CodeIgniter\CodeIgniter->handleRequest(null, Object(Config\Cache), false)
 9 FCPATH\index.php(55): CodeIgniter\CodeIgniter->run()
10 SYSTEMPATH\Commands\Server\rewrite.php(43): require_once('FCPATH\\index.php')
CRITICAL - 2022-09-12 20:33:26 --> Array to string conversion
in APPPATH\Views\dashboard\add_simpanan.php on line 26.
 1 APPPATH\Views\dashboard\add_simpanan.php(26): CodeIgniter\Debug\Exceptions->errorHandler(8, 'Array to string conversion', 'APPPATH\\Views\\dashboard\\add_simpanan.php', 26, [...])
 2 SYSTEMPATH\View\View.php(213): include('APPPATH\\Views\\dashboard\\add_simpanan.php')
 3 SYSTEMPATH\View\View.php(216): CodeIgniter\View\View->CodeIgniter\View\{closure}()
 4 SYSTEMPATH\Common.php(1135): CodeIgniter\View\View->render('dashboard/add_simpanan', [], true)
 5 APPPATH\Controllers\Dashboard.php(273): view('dashboard/add_simpanan', [...])
 6 SYSTEMPATH\CodeIgniter.php(896): App\Controllers\Dashboard->add_simpanan('1911021009')
 7 SYSTEMPATH\CodeIgniter.php(466): CodeIgniter\CodeIgniter->runController(Object(App\Controllers\Dashboard))
 8 SYSTEMPATH\CodeIgniter.php(349): CodeIgniter\CodeIgniter->handleRequest(null, Object(Config\Cache), false)
 9 FCPATH\index.php(55): CodeIgniter\CodeIgniter->run()
10 SYSTEMPATH\Commands\Server\rewrite.php(43): require_once('FCPATH\\index.php')
CRITICAL - 2022-09-12 20:33:39 --> Undefined offset: 0
in APPPATH\Views\dashboard\add_simpanan.php on line 26.
 1 APPPATH\Views\dashboard\add_simpanan.php(26): CodeIgniter\Debug\Exceptions->errorHandler(8, 'Undefined offset: 0', 'APPPATH\\Views\\dashboard\\add_simpanan.php', 26, [...])
 2 SYSTEMPATH\View\View.php(213): include('APPPATH\\Views\\dashboard\\add_simpanan.php')
 3 SYSTEMPATH\View\View.php(216): CodeIgniter\View\View->CodeIgniter\View\{closure}()
 4 SYSTEMPATH\Common.php(1135): CodeIgniter\View\View->render('dashboard/add_simpanan', [], true)
 5 APPPATH\Controllers\Dashboard.php(273): view('dashboard/add_simpanan', [...])
 6 SYSTEMPATH\CodeIgniter.php(896): App\Controllers\Dashboard->add_simpanan('1911021009')
 7 SYSTEMPATH\CodeIgniter.php(466): CodeIgniter\CodeIgniter->runController(Object(App\Controllers\Dashboard))
 8 SYSTEMPATH\CodeIgniter.php(349): CodeIgniter\CodeIgniter->handleRequest(null, Object(Config\Cache), false)
 9 FCPATH\index.php(55): CodeIgniter\CodeIgniter->run()
10 SYSTEMPATH\Commands\Server\rewrite.php(43): require_once('FCPATH\\index.php')
CRITICAL - 2022-09-12 20:34:28 --> Trying to access array offset on value of type null
in APPPATH\Views\dashboard\add_simpanan.php on line 26.
 1 APPPATH\Views\dashboard\add_simpanan.php(26): CodeIgniter\Debug\Exceptions->errorHandler(8, 'Trying to access array offset on value of type null', 'APPPATH\\Views\\dashboard\\add_simpanan.php', 26, [...])
 2 SYSTEMPATH\View\View.php(213): include('APPPATH\\Views\\dashboard\\add_simpanan.php')
 3 SYSTEMPATH\View\View.php(216): CodeIgniter\View\View->CodeIgniter\View\{closure}()
 4 SYSTEMPATH\Common.php(1135): CodeIgniter\View\View->render('dashboard/add_simpanan', [], true)
 5 APPPATH\Controllers\Dashboard.php(273): view('dashboard/add_simpanan', [...])
 6 SYSTEMPATH\CodeIgniter.php(896): App\Controllers\Dashboard->add_simpanan('FCPATH\\js', 'jsfunctions.js')
 7 SYSTEMPATH\CodeIgniter.php(466): CodeIgniter\CodeIgniter->runController(Object(App\Controllers\Dashboard))
 8 SYSTEMPATH\CodeIgniter.php(349): CodeIgniter\CodeIgniter->handleRequest(null, Object(Config\Cache), false)
 9 FCPATH\index.php(55): CodeIgniter\CodeIgniter->run()
10 SYSTEMPATH\Commands\Server\rewrite.php(43): require_once('FCPATH\\index.php')
CRITICAL - 2022-09-12 20:34:28 --> Trying to access array offset on value of type null
in APPPATH\Views\dashboard\add_simpanan.php on line 26.
 1 APPPATH\Views\dashboard\add_simpanan.php(26): CodeIgniter\Debug\Exceptions->errorHandler(8, 'Trying to access array offset on value of type null', 'APPPATH\\Views\\dashboard\\add_simpanan.php', 26, [...])
 2 SYSTEMPATH\View\View.php(213): include('APPPATH\\Views\\dashboard\\add_simpanan.php')
 3 SYSTEMPATH\View\View.php(216): CodeIgniter\View\View->CodeIgniter\View\{closure}()
 4 SYSTEMPATH\Common.php(1135): CodeIgniter\View\View->render('dashboard/add_simpanan', [], true)
 5 APPPATH\Controllers\Dashboard.php(273): view('dashboard/add_simpanan', [...])
 6 SYSTEMPATH\CodeIgniter.php(896): App\Controllers\Dashboard->add_simpanan('FCPATH\\js', 'qrcode.js')
 7 SYSTEMPATH\CodeIgniter.php(466): CodeIgniter\CodeIgniter->runController(Object(App\Controllers\Dashboard))
 8 SYSTEMPATH\CodeIgniter.php(349): CodeIgniter\CodeIgniter->handleRequest(null, Object(Config\Cache), false)
 9 FCPATH\index.php(55): CodeIgniter\CodeIgniter->run()
10 SYSTEMPATH\Commands\Server\rewrite.php(43): require_once('FCPATH\\index.php')
CRITICAL - 2022-09-12 20:34:39 --> Trying to access array offset on value of type null
in APPPATH\Views\dashboard\add_simpanan.php on line 26.
 1 APPPATH\Views\dashboard\add_simpanan.php(26): CodeIgniter\Debug\Exceptions->errorHandler(8, 'Trying to access array offset on value of type null', 'APPPATH\\Views\\dashboard\\add_simpanan.php', 26, [...])
 2 SYSTEMPATH\View\View.php(213): include('APPPATH\\Views\\dashboard\\add_simpanan.php')
 3 SYSTEMPATH\View\View.php(216): CodeIgniter\View\View->CodeIgniter\View\{closure}()
 4 SYSTEMPATH\Common.php(1135): CodeIgniter\View\View->render('dashboard/add_simpanan', [], true)
 5 APPPATH\Controllers\Dashboard.php(273): view('dashboard/add_simpanan', [...])
 6 SYSTEMPATH\CodeIgniter.php(896): App\Controllers\Dashboard->add_simpanan('FCPATH\\js', 'jsfunctions.js')
 7 SYSTEMPATH\CodeIgniter.php(466): CodeIgniter\CodeIgniter->runController(Object(App\Controllers\Dashboard))
 8 SYSTEMPATH\CodeIgniter.php(349): CodeIgniter\CodeIgniter->handleRequest(null, Object(Config\Cache), false)
 9 FCPATH\index.php(55): CodeIgniter\CodeIgniter->run()
10 SYSTEMPATH\Commands\Server\rewrite.php(43): require_once('FCPATH\\index.php')
CRITICAL - 2022-09-12 20:34:40 --> Trying to access array offset on value of type null
in APPPATH\Views\dashboard\add_simpanan.php on line 26.
 1 APPPATH\Views\dashboard\add_simpanan.php(26): CodeIgniter\Debug\Exceptions->errorHandler(8, 'Trying to access array offset on value of type null', 'APPPATH\\Views\\dashboard\\add_simpanan.php', 26, [...])
 2 SYSTEMPATH\View\View.php(213): include('APPPATH\\Views\\dashboard\\add_simpanan.php')
 3 SYSTEMPATH\View\View.php(216): CodeIgniter\View\View->CodeIgniter\View\{closure}()
 4 SYSTEMPATH\Common.php(1135): CodeIgniter\View\View->render('dashboard/add_simpanan', [], true)
 5 APPPATH\Controllers\Dashboard.php(273): view('dashboard/add_simpanan', [...])
 6 SYSTEMPATH\CodeIgniter.php(896): App\Controllers\Dashboard->add_simpanan('FCPATH\\js', 'qrcode.js')
 7 SYSTEMPATH\CodeIgniter.php(466): CodeIgniter\CodeIgniter->runController(Object(App\Controllers\Dashboard))
 8 SYSTEMPATH\CodeIgniter.php(349): CodeIgniter\CodeIgniter->handleRequest(null, Object(Config\Cache), false)
 9 FCPATH\index.php(55): CodeIgniter\CodeIgniter->run()
10 SYSTEMPATH\Commands\Server\rewrite.php(43): require_once('FCPATH\\index.php')
CRITICAL - 2022-09-12 20:34:45 --> Trying to access array offset on value of type null
in APPPATH\Views\dashboard\add_simpanan.php on line 26.
 1 APPPATH\Views\dashboard\add_simpanan.php(26): CodeIgniter\Debug\Exceptions->errorHandler(8, 'Trying to access array offset on value of type null', 'APPPATH\\Views\\dashboard\\add_simpanan.php', 26, [...])
 2 SYSTEMPATH\View\View.php(213): include('APPPATH\\Views\\dashboard\\add_simpanan.php')
 3 SYSTEMPATH\View\View.php(216): CodeIgniter\View\View->CodeIgniter\View\{closure}()
 4 SYSTEMPATH\Common.php(1135): CodeIgniter\View\View->render('dashboard/add_simpanan', [], true)
 5 APPPATH\Controllers\Dashboard.php(273): view('dashboard/add_simpanan', [...])
 6 SYSTEMPATH\CodeIgniter.php(896): App\Controllers\Dashboard->add_simpanan('FCPATH\\js', 'jsfunctions.js')
 7 SYSTEMPATH\CodeIgniter.php(466): CodeIgniter\CodeIgniter->runController(Object(App\Controllers\Dashboard))
 8 SYSTEMPATH\CodeIgniter.php(349): CodeIgniter\CodeIgniter->handleRequest(null, Object(Config\Cache), false)
 9 FCPATH\index.php(55): CodeIgniter\CodeIgniter->run()
10 SYSTEMPATH\Commands\Server\rewrite.php(43): require_once('FCPATH\\index.php')
CRITICAL - 2022-09-12 20:34:45 --> Trying to access array offset on value of type null
in APPPATH\Views\dashboard\add_simpanan.php on line 26.
 1 APPPATH\Views\dashboard\add_simpanan.php(26): CodeIgniter\Debug\Exceptions->errorHandler(8, 'Trying to access array offset on value of type null', 'APPPATH\\Views\\dashboard\\add_simpanan.php', 26, [...])
 2 SYSTEMPATH\View\View.php(213): include('APPPATH\\Views\\dashboard\\add_simpanan.php')
 3 SYSTEMPATH\View\View.php(216): CodeIgniter\View\View->CodeIgniter\View\{closure}()
 4 SYSTEMPATH\Common.php(1135): CodeIgniter\View\View->render('dashboard/add_simpanan', [], true)
 5 APPPATH\Controllers\Dashboard.php(273): view('dashboard/add_simpanan', [...])
 6 SYSTEMPATH\CodeIgniter.php(896): App\Controllers\Dashboard->add_simpanan('FCPATH\\js', 'qrcode.js')
 7 SYSTEMPATH\CodeIgniter.php(466): CodeIgniter\CodeIgniter->runController(Object(App\Controllers\Dashboard))
 8 SYSTEMPATH\CodeIgniter.php(349): CodeIgniter\CodeIgniter->handleRequest(null, Object(Config\Cache), false)
 9 FCPATH\index.php(55): CodeIgniter\CodeIgniter->run()
10 SYSTEMPATH\Commands\Server\rewrite.php(43): require_once('FCPATH\\index.php')
CRITICAL - 2022-09-12 20:34:56 --> Trying to access array offset on value of type null
in APPPATH\Views\dashboard\add_simpanan.php on line 26.
 1 APPPATH\Views\dashboard\add_simpanan.php(26): CodeIgniter\Debug\Exceptions->errorHandler(8, 'Trying to access array offset on value of type null', 'APPPATH\\Views\\dashboard\\add_simpanan.php', 26, [...])
 2 SYSTEMPATH\View\View.php(213): include('APPPATH\\Views\\dashboard\\add_simpanan.php')
 3 SYSTEMPATH\View\View.php(216): CodeIgniter\View\View->CodeIgniter\View\{closure}()
 4 SYSTEMPATH\Common.php(1135): CodeIgniter\View\View->render('dashboard/add_simpanan', [], true)
 5 APPPATH\Controllers\Dashboard.php(273): view('dashboard/add_simpanan', [...])
 6 SYSTEMPATH\CodeIgniter.php(896): App\Controllers\Dashboard->add_simpanan('FCPATH\\js', 'jsfunctions.js')
 7 SYSTEMPATH\CodeIgniter.php(466): CodeIgniter\CodeIgniter->runController(Object(App\Controllers\Dashboard))
 8 SYSTEMPATH\CodeIgniter.php(349): CodeIgniter\CodeIgniter->handleRequest(null, Object(Config\Cache), false)
 9 FCPATH\index.php(55): CodeIgniter\CodeIgniter->run()
10 SYSTEMPATH\Commands\Server\rewrite.php(43): require_once('FCPATH\\index.php')
CRITICAL - 2022-09-12 20:34:56 --> Trying to access array offset on value of type null
in APPPATH\Views\dashboard\add_simpanan.php on line 26.
 1 APPPATH\Views\dashboard\add_simpanan.php(26): CodeIgniter\Debug\Exceptions->errorHandler(8, 'Trying to access array offset on value of type null', 'APPPATH\\Views\\dashboard\\add_simpanan.php', 26, [...])
 2 SYSTEMPATH\View\View.php(213): include('APPPATH\\Views\\dashboard\\add_simpanan.php')
 3 SYSTEMPATH\View\View.php(216): CodeIgniter\View\View->CodeIgniter\View\{closure}()
 4 SYSTEMPATH\Common.php(1135): CodeIgniter\View\View->render('dashboard/add_simpanan', [], true)
 5 APPPATH\Controllers\Dashboard.php(273): view('dashboard/add_simpanan', [...])
 6 SYSTEMPATH\CodeIgniter.php(896): App\Controllers\Dashboard->add_simpanan('FCPATH\\js', 'qrcode.js')
 7 SYSTEMPATH\CodeIgniter.php(466): CodeIgniter\CodeIgniter->runController(Object(App\Controllers\Dashboard))
 8 SYSTEMPATH\CodeIgniter.php(349): CodeIgniter\CodeIgniter->handleRequest(null, Object(Config\Cache), false)
 9 FCPATH\index.php(55): CodeIgniter\CodeIgniter->run()
10 SYSTEMPATH\Commands\Server\rewrite.php(43): require_once('FCPATH\\index.php')
CRITICAL - 2022-09-12 20:35:06 --> Trying to access array offset on value of type null
in APPPATH\Views\dashboard\add_simpanan.php on line 26.
 1 APPPATH\Views\dashboard\add_simpanan.php(26): CodeIgniter\Debug\Exceptions->errorHandler(8, 'Trying to access array offset on value of type null', 'APPPATH\\Views\\dashboard\\add_simpanan.php', 26, [...])
 2 SYSTEMPATH\View\View.php(213): include('APPPATH\\Views\\dashboard\\add_simpanan.php')
 3 SYSTEMPATH\View\View.php(216): CodeIgniter\View\View->CodeIgniter\View\{closure}()
 4 SYSTEMPATH\Common.php(1135): CodeIgniter\View\View->render('dashboard/add_simpanan', [], true)
 5 APPPATH\Controllers\Dashboard.php(273): view('dashboard/add_simpanan', [...])
 6 SYSTEMPATH\CodeIgniter.php(896): App\Controllers\Dashboard->add_simpanan('FCPATH\\js', 'jsfunctions.js')
 7 SYSTEMPATH\CodeIgniter.php(466): CodeIgniter\CodeIgniter->runController(Object(App\Controllers\Dashboard))
 8 SYSTEMPATH\CodeIgniter.php(349): CodeIgniter\CodeIgniter->handleRequest(null, Object(Config\Cache), false)
 9 FCPATH\index.php(55): CodeIgniter\CodeIgniter->run()
10 SYSTEMPATH\Commands\Server\rewrite.php(43): require_once('FCPATH\\index.php')
CRITICAL - 2022-09-12 20:35:06 --> Trying to access array offset on value of type null
in APPPATH\Views\dashboard\add_simpanan.php on line 26.
 1 APPPATH\Views\dashboard\add_simpanan.php(26): CodeIgniter\Debug\Exceptions->errorHandler(8, 'Trying to access array offset on value of type null', 'APPPATH\\Views\\dashboard\\add_simpanan.php', 26, [...])
 2 SYSTEMPATH\View\View.php(213): include('APPPATH\\Views\\dashboard\\add_simpanan.php')
 3 SYSTEMPATH\View\View.php(216): CodeIgniter\View\View->CodeIgniter\View\{closure}()
 4 SYSTEMPATH\Common.php(1135): CodeIgniter\View\View->render('dashboard/add_simpanan', [], true)
 5 APPPATH\Controllers\Dashboard.php(273): view('dashboard/add_simpanan', [...])
 6 SYSTEMPATH\CodeIgniter.php(896): App\Controllers\Dashboard->add_simpanan('FCPATH\\js', 'qrcode.js')
 7 SYSTEMPATH\CodeIgniter.php(466): CodeIgniter\CodeIgniter->runController(Object(App\Controllers\Dashboard))
 8 SYSTEMPATH\CodeIgniter.php(349): CodeIgniter\CodeIgniter->handleRequest(null, Object(Config\Cache), false)
 9 FCPATH\index.php(55): CodeIgniter\CodeIgniter->run()
10 SYSTEMPATH\Commands\Server\rewrite.php(43): require_once('FCPATH\\index.php')
CRITICAL - 2022-09-12 20:35:12 --> Trying to access array offset on value of type null
in APPPATH\Views\dashboard\add_simpanan.php on line 26.
 1 APPPATH\Views\dashboard\add_simpanan.php(26): CodeIgniter\Debug\Exceptions->errorHandler(8, 'Trying to access array offset on value of type null', 'APPPATH\\Views\\dashboard\\add_simpanan.php', 26, [...])
 2 SYSTEMPATH\View\View.php(213): include('APPPATH\\Views\\dashboard\\add_simpanan.php')
 3 SYSTEMPATH\View\View.php(216): CodeIgniter\View\View->CodeIgniter\View\{closure}()
 4 SYSTEMPATH\Common.php(1135): CodeIgniter\View\View->render('dashboard/add_simpanan', [], true)
 5 APPPATH\Controllers\Dashboard.php(273): view('dashboard/add_simpanan', [...])
 6 SYSTEMPATH\CodeIgniter.php(896): App\Controllers\Dashboard->add_simpanan('FCPATH\\js', 'jsfunctions.js')
 7 SYSTEMPATH\CodeIgniter.php(466): CodeIgniter\CodeIgniter->runController(Object(App\Controllers\Dashboard))
 8 SYSTEMPATH\CodeIgniter.php(349): CodeIgniter\CodeIgniter->handleRequest(null, Object(Config\Cache), false)
 9 FCPATH\index.php(55): CodeIgniter\CodeIgniter->run()
10 SYSTEMPATH\Commands\Server\rewrite.php(43): require_once('FCPATH\\index.php')
CRITICAL - 2022-09-12 20:35:12 --> Trying to access array offset on value of type null
in APPPATH\Views\dashboard\add_simpanan.php on line 26.
 1 APPPATH\Views\dashboard\add_simpanan.php(26): CodeIgniter\Debug\Exceptions->errorHandler(8, 'Trying to access array offset on value of type null', 'APPPATH\\Views\\dashboard\\add_simpanan.php', 26, [...])
 2 SYSTEMPATH\View\View.php(213): include('APPPATH\\Views\\dashboard\\add_simpanan.php')
 3 SYSTEMPATH\View\View.php(216): CodeIgniter\View\View->CodeIgniter\View\{closure}()
 4 SYSTEMPATH\Common.php(1135): CodeIgniter\View\View->render('dashboard/add_simpanan', [], true)
 5 APPPATH\Controllers\Dashboard.php(273): view('dashboard/add_simpanan', [...])
 6 SYSTEMPATH\CodeIgniter.php(896): App\Controllers\Dashboard->add_simpanan('FCPATH\\js', 'qrcode.js')
 7 SYSTEMPATH\CodeIgniter.php(466): CodeIgniter\CodeIgniter->runController(Object(App\Controllers\Dashboard))
 8 SYSTEMPATH\CodeIgniter.php(349): CodeIgniter\CodeIgniter->handleRequest(null, Object(Config\Cache), false)
 9 FCPATH\index.php(55): CodeIgniter\CodeIgniter->run()
10 SYSTEMPATH\Commands\Server\rewrite.php(43): require_once('FCPATH\\index.php')
CRITICAL - 2022-09-12 20:35:29 --> Trying to access array offset on value of type null
in APPPATH\Views\dashboard\add_simpanan.php on line 26.
 1 APPPATH\Views\dashboard\add_simpanan.php(26): CodeIgniter\Debug\Exceptions->errorHandler(8, 'Trying to access array offset on value of type null', 'APPPATH\\Views\\dashboard\\add_simpanan.php', 26, [...])
 2 SYSTEMPATH\View\View.php(213): include('APPPATH\\Views\\dashboard\\add_simpanan.php')
 3 SYSTEMPATH\View\View.php(216): CodeIgniter\View\View->CodeIgniter\View\{closure}()
 4 SYSTEMPATH\Common.php(1135): CodeIgniter\View\View->render('dashboard/add_simpanan', [], true)
 5 APPPATH\Controllers\Dashboard.php(273): view('dashboard/add_simpanan', [...])
 6 SYSTEMPATH\CodeIgniter.php(896): App\Controllers\Dashboard->add_simpanan('FCPATH\\js', 'jsfunctions.js')
 7 SYSTEMPATH\CodeIgniter.php(466): CodeIgniter\CodeIgniter->runController(Object(App\Controllers\Dashboard))
 8 SYSTEMPATH\CodeIgniter.php(349): CodeIgniter\CodeIgniter->handleRequest(null, Object(Config\Cache), false)
 9 FCPATH\index.php(55): CodeIgniter\CodeIgniter->run()
10 SYSTEMPATH\Commands\Server\rewrite.php(43): require_once('FCPATH\\index.php')
CRITICAL - 2022-09-12 20:35:29 --> Trying to access array offset on value of type null
in APPPATH\Views\dashboard\add_simpanan.php on line 26.
 1 APPPATH\Views\dashboard\add_simpanan.php(26): CodeIgniter\Debug\Exceptions->errorHandler(8, 'Trying to access array offset on value of type null', 'APPPATH\\Views\\dashboard\\add_simpanan.php', 26, [...])
 2 SYSTEMPATH\View\View.php(213): include('APPPATH\\Views\\dashboard\\add_simpanan.php')
 3 SYSTEMPATH\View\View.php(216): CodeIgniter\View\View->CodeIgniter\View\{closure}()
 4 SYSTEMPATH\Common.php(1135): CodeIgniter\View\View->render('dashboard/add_simpanan', [], true)
 5 APPPATH\Controllers\Dashboard.php(273): view('dashboard/add_simpanan', [...])
 6 SYSTEMPATH\CodeIgniter.php(896): App\Controllers\Dashboard->add_simpanan('FCPATH\\js', 'qrcode.js')
 7 SYSTEMPATH\CodeIgniter.php(466): CodeIgniter\CodeIgniter->runController(Object(App\Controllers\Dashboard))
 8 SYSTEMPATH\CodeIgniter.php(349): CodeIgniter\CodeIgniter->handleRequest(null, Object(Config\Cache), false)
 9 FCPATH\index.php(55): CodeIgniter\CodeIgniter->run()
10 SYSTEMPATH\Commands\Server\rewrite.php(43): require_once('FCPATH\\index.php')
CRITICAL - 2022-09-12 20:37:37 --> Trying to access array offset on value of type null
in APPPATH\Views\dashboard\add_simpanan.php on line 26.
 1 APPPATH\Views\dashboard\add_simpanan.php(26): CodeIgniter\Debug\Exceptions->errorHandler(8, 'Trying to access array offset on value of type null', 'APPPATH\\Views\\dashboard\\add_simpanan.php', 26, [...])
 2 SYSTEMPATH\View\View.php(213): include('APPPATH\\Views\\dashboard\\add_simpanan.php')
 3 SYSTEMPATH\View\View.php(216): CodeIgniter\View\View->CodeIgniter\View\{closure}()
 4 SYSTEMPATH\Common.php(1135): CodeIgniter\View\View->render('dashboard/add_simpanan', [], true)
 5 APPPATH\Controllers\Dashboard.php(273): view('dashboard/add_simpanan', [...])
 6 SYSTEMPATH\CodeIgniter.php(896): App\Controllers\Dashboard->add_simpanan('FCPATH\\js', 'jsfunctions.js')
 7 SYSTEMPATH\CodeIgniter.php(466): CodeIgniter\CodeIgniter->runController(Object(App\Controllers\Dashboard))
 8 SYSTEMPATH\CodeIgniter.php(349): CodeIgniter\CodeIgniter->handleRequest(null, Object(Config\Cache), false)
 9 FCPATH\index.php(55): CodeIgniter\CodeIgniter->run()
10 SYSTEMPATH\Commands\Server\rewrite.php(43): require_once('FCPATH\\index.php')
CRITICAL - 2022-09-12 20:37:37 --> Trying to access array offset on value of type null
in APPPATH\Views\dashboard\add_simpanan.php on line 26.
 1 APPPATH\Views\dashboard\add_simpanan.php(26): CodeIgniter\Debug\Exceptions->errorHandler(8, 'Trying to access array offset on value of type null', 'APPPATH\\Views\\dashboard\\add_simpanan.php', 26, [...])
 2 SYSTEMPATH\View\View.php(213): include('APPPATH\\Views\\dashboard\\add_simpanan.php')
 3 SYSTEMPATH\View\View.php(216): CodeIgniter\View\View->CodeIgniter\View\{closure}()
 4 SYSTEMPATH\Common.php(1135): CodeIgniter\View\View->render('dashboard/add_simpanan', [], true)
 5 APPPATH\Controllers\Dashboard.php(273): view('dashboard/add_simpanan', [...])
 6 SYSTEMPATH\CodeIgniter.php(896): App\Controllers\Dashboard->add_simpanan('FCPATH\\js', 'qrcode.js')
 7 SYSTEMPATH\CodeIgniter.php(466): CodeIgniter\CodeIgniter->runController(Object(App\Controllers\Dashboard))
 8 SYSTEMPATH\CodeIgniter.php(349): CodeIgniter\CodeIgniter->handleRequest(null, Object(Config\Cache), false)
 9 FCPATH\index.php(55): CodeIgniter\CodeIgniter->run()
10 SYSTEMPATH\Commands\Server\rewrite.php(43): require_once('FCPATH\\index.php')
CRITICAL - 2022-09-12 20:38:35 --> Trying to access array offset on value of type null
in APPPATH\Views\dashboard\add_simpanan.php on line 26.
 1 APPPATH\Views\dashboard\add_simpanan.php(26): CodeIgniter\Debug\Exceptions->errorHandler(8, 'Trying to access array offset on value of type null', 'APPPATH\\Views\\dashboard\\add_simpanan.php', 26, [...])
 2 SYSTEMPATH\View\View.php(213): include('APPPATH\\Views\\dashboard\\add_simpanan.php')
 3 SYSTEMPATH\View\View.php(216): CodeIgniter\View\View->CodeIgniter\View\{closure}()
 4 SYSTEMPATH\Common.php(1135): CodeIgniter\View\View->render('dashboard/add_simpanan', [], true)
 5 APPPATH\Controllers\Dashboard.php(273): view('dashboard/add_simpanan', [...])
 6 SYSTEMPATH\CodeIgniter.php(896): App\Controllers\Dashboard->add_simpanan('FCPATH\\js', 'jsfunctions.js')
 7 SYSTEMPATH\CodeIgniter.php(466): CodeIgniter\CodeIgniter->runController(Object(App\Controllers\Dashboard))
 8 SYSTEMPATH\CodeIgniter.php(349): CodeIgniter\CodeIgniter->handleRequest(null, Object(Config\Cache), false)
 9 FCPATH\index.php(55): CodeIgniter\CodeIgniter->run()
10 SYSTEMPATH\Commands\Server\rewrite.php(43): require_once('FCPATH\\index.php')
CRITICAL - 2022-09-12 20:38:35 --> Trying to access array offset on value of type null
in APPPATH\Views\dashboard\add_simpanan.php on line 26.
 1 APPPATH\Views\dashboard\add_simpanan.php(26): CodeIgniter\Debug\Exceptions->errorHandler(8, 'Trying to access array offset on value of type null', 'APPPATH\\Views\\dashboard\\add_simpanan.php', 26, [...])
 2 SYSTEMPATH\View\View.php(213): include('APPPATH\\Views\\dashboard\\add_simpanan.php')
 3 SYSTEMPATH\View\View.php(216): CodeIgniter\View\View->CodeIgniter\View\{closure}()
 4 SYSTEMPATH\Common.php(1135): CodeIgniter\View\View->render('dashboard/add_simpanan', [], true)
 5 APPPATH\Controllers\Dashboard.php(273): view('dashboard/add_simpanan', [...])
 6 SYSTEMPATH\CodeIgniter.php(896): App\Controllers\Dashboard->add_simpanan('FCPATH\\js', 'qrcode.js')
 7 SYSTEMPATH\CodeIgniter.php(466): CodeIgniter\CodeIgniter->runController(Object(App\Controllers\Dashboard))
 8 SYSTEMPATH\CodeIgniter.php(349): CodeIgniter\CodeIgniter->handleRequest(null, Object(Config\Cache), false)
 9 FCPATH\index.php(55): CodeIgniter\CodeIgniter->run()
10 SYSTEMPATH\Commands\Server\rewrite.php(43): require_once('FCPATH\\index.php')
CRITICAL - 2022-09-12 20:38:42 --> Trying to access array offset on value of type null
in APPPATH\Views\dashboard\add_simpanan.php on line 26.
 1 APPPATH\Views\dashboard\add_simpanan.php(26): CodeIgniter\Debug\Exceptions->errorHandler(8, 'Trying to access array offset on value of type null', 'APPPATH\\Views\\dashboard\\add_simpanan.php', 26, [...])
 2 SYSTEMPATH\View\View.php(213): include('APPPATH\\Views\\dashboard\\add_simpanan.php')
 3 SYSTEMPATH\View\View.php(216): CodeIgniter\View\View->CodeIgniter\View\{closure}()
 4 SYSTEMPATH\Common.php(1135): CodeIgniter\View\View->render('dashboard/add_simpanan', [], true)
 5 APPPATH\Controllers\Dashboard.php(273): view('dashboard/add_simpanan', [...])
 6 SYSTEMPATH\CodeIgniter.php(896): App\Controllers\Dashboard->add_simpanan('FCPATH\\js', 'jsfunctions.js')
 7 SYSTEMPATH\CodeIgniter.php(466): CodeIgniter\CodeIgniter->runController(Object(App\Controllers\Dashboard))
 8 SYSTEMPATH\CodeIgniter.php(349): CodeIgniter\CodeIgniter->handleRequest(null, Object(Config\Cache), false)
 9 FCPATH\index.php(55): CodeIgniter\CodeIgniter->run()
10 SYSTEMPATH\Commands\Server\rewrite.php(43): require_once('FCPATH\\index.php')
CRITICAL - 2022-09-12 20:38:43 --> Trying to access array offset on value of type null
in APPPATH\Views\dashboard\add_simpanan.php on line 26.
 1 APPPATH\Views\dashboard\add_simpanan.php(26): CodeIgniter\Debug\Exceptions->errorHandler(8, 'Trying to access array offset on value of type null', 'APPPATH\\Views\\dashboard\\add_simpanan.php', 26, [...])
 2 SYSTEMPATH\View\View.php(213): include('APPPATH\\Views\\dashboard\\add_simpanan.php')
 3 SYSTEMPATH\View\View.php(216): CodeIgniter\View\View->CodeIgniter\View\{closure}()
 4 SYSTEMPATH\Common.php(1135): CodeIgniter\View\View->render('dashboard/add_simpanan', [], true)
 5 APPPATH\Controllers\Dashboard.php(273): view('dashboard/add_simpanan', [...])
 6 SYSTEMPATH\CodeIgniter.php(896): App\Controllers\Dashboard->add_simpanan('FCPATH\\js', 'qrcode.js')
 7 SYSTEMPATH\CodeIgniter.php(466): CodeIgniter\CodeIgniter->runController(Object(App\Controllers\Dashboard))
 8 SYSTEMPATH\CodeIgniter.php(349): CodeIgniter\CodeIgniter->handleRequest(null, Object(Config\Cache), false)
 9 FCPATH\index.php(55): CodeIgniter\CodeIgniter->run()
10 SYSTEMPATH\Commands\Server\rewrite.php(43): require_once('FCPATH\\index.php')
CRITICAL - 2022-09-12 20:38:50 --> Trying to access array offset on value of type null
in APPPATH\Views\dashboard\add_simpanan.php on line 26.
 1 APPPATH\Views\dashboard\add_simpanan.php(26): CodeIgniter\Debug\Exceptions->errorHandler(8, 'Trying to access array offset on value of type null', 'APPPATH\\Views\\dashboard\\add_simpanan.php', 26, [...])
 2 SYSTEMPATH\View\View.php(213): include('APPPATH\\Views\\dashboard\\add_simpanan.php')
 3 SYSTEMPATH\View\View.php(216): CodeIgniter\View\View->CodeIgniter\View\{closure}()
 4 SYSTEMPATH\Common.php(1135): CodeIgniter\View\View->render('dashboard/add_simpanan', [], true)
 5 APPPATH\Controllers\Dashboard.php(273): view('dashboard/add_simpanan', [...])
 6 SYSTEMPATH\CodeIgniter.php(896): App\Controllers\Dashboard->add_simpanan('FCPATH\\js', 'jsfunctions.js')
 7 SYSTEMPATH\CodeIgniter.php(466): CodeIgniter\CodeIgniter->runController(Object(App\Controllers\Dashboard))
 8 SYSTEMPATH\CodeIgniter.php(349): CodeIgniter\CodeIgniter->handleRequest(null, Object(Config\Cache), false)
 9 FCPATH\index.php(55): CodeIgniter\CodeIgniter->run()
10 SYSTEMPATH\Commands\Server\rewrite.php(43): require_once('FCPATH\\index.php')
CRITICAL - 2022-09-12 20:38:51 --> Trying to access array offset on value of type null
in APPPATH\Views\dashboard\add_simpanan.php on line 26.
 1 APPPATH\Views\dashboard\add_simpanan.php(26): CodeIgniter\Debug\Exceptions->errorHandler(8, 'Trying to access array offset on value of type null', 'APPPATH\\Views\\dashboard\\add_simpanan.php', 26, [...])
 2 SYSTEMPATH\View\View.php(213): include('APPPATH\\Views\\dashboard\\add_simpanan.php')
 3 SYSTEMPATH\View\View.php(216): CodeIgniter\View\View->CodeIgniter\View\{closure}()
 4 SYSTEMPATH\Common.php(1135): CodeIgniter\View\View->render('dashboard/add_simpanan', [], true)
 5 APPPATH\Controllers\Dashboard.php(273): view('dashboard/add_simpanan', [...])
 6 SYSTEMPATH\CodeIgniter.php(896): App\Controllers\Dashboard->add_simpanan('FCPATH\\js', 'qrcode.js')
 7 SYSTEMPATH\CodeIgniter.php(466): CodeIgniter\CodeIgniter->runController(Object(App\Controllers\Dashboard))
 8 SYSTEMPATH\CodeIgniter.php(349): CodeIgniter\CodeIgniter->handleRequest(null, Object(Config\Cache), false)
 9 FCPATH\index.php(55): CodeIgniter\CodeIgniter->run()
10 SYSTEMPATH\Commands\Server\rewrite.php(43): require_once('FCPATH\\index.php')
CRITICAL - 2022-09-12 20:39:25 --> Trying to access array offset on value of type null
in APPPATH\Views\dashboard\add_simpanan.php on line 26.
 1 APPPATH\Views\dashboard\add_simpanan.php(26): CodeIgniter\Debug\Exceptions->errorHandler(8, 'Trying to access array offset on value of type null', 'APPPATH\\Views\\dashboard\\add_simpanan.php', 26, [...])
 2 SYSTEMPATH\View\View.php(213): include('APPPATH\\Views\\dashboard\\add_simpanan.php')
 3 SYSTEMPATH\View\View.php(216): CodeIgniter\View\View->CodeIgniter\View\{closure}()
 4 SYSTEMPATH\Common.php(1135): CodeIgniter\View\View->render('dashboard/add_simpanan', [], true)
 5 APPPATH\Controllers\Dashboard.php(273): view('dashboard/add_simpanan', [...])
 6 SYSTEMPATH\CodeIgniter.php(896): App\Controllers\Dashboard->add_simpanan('FCPATH\\js', 'jsfunctions.js')
 7 SYSTEMPATH\CodeIgniter.php(466): CodeIgniter\CodeIgniter->runController(Object(App\Controllers\Dashboard))
 8 SYSTEMPATH\CodeIgniter.php(349): CodeIgniter\CodeIgniter->handleRequest(null, Object(Config\Cache), false)
 9 FCPATH\index.php(55): CodeIgniter\CodeIgniter->run()
10 SYSTEMPATH\Commands\Server\rewrite.php(43): require_once('FCPATH\\index.php')
CRITICAL - 2022-09-12 20:39:25 --> Trying to access array offset on value of type null
in APPPATH\Views\dashboard\add_simpanan.php on line 26.
 1 APPPATH\Views\dashboard\add_simpanan.php(26): CodeIgniter\Debug\Exceptions->errorHandler(8, 'Trying to access array offset on value of type null', 'APPPATH\\Views\\dashboard\\add_simpanan.php', 26, [...])
 2 SYSTEMPATH\View\View.php(213): include('APPPATH\\Views\\dashboard\\add_simpanan.php')
 3 SYSTEMPATH\View\View.php(216): CodeIgniter\View\View->CodeIgniter\View\{closure}()
 4 SYSTEMPATH\Common.php(1135): CodeIgniter\View\View->render('dashboard/add_simpanan', [], true)
 5 APPPATH\Controllers\Dashboard.php(273): view('dashboard/add_simpanan', [...])
 6 SYSTEMPATH\CodeIgniter.php(896): App\Controllers\Dashboard->add_simpanan('FCPATH\\js', 'qrcode.js')
 7 SYSTEMPATH\CodeIgniter.php(466): CodeIgniter\CodeIgniter->runController(Object(App\Controllers\Dashboard))
 8 SYSTEMPATH\CodeIgniter.php(349): CodeIgniter\CodeIgniter->handleRequest(null, Object(Config\Cache), false)
 9 FCPATH\index.php(55): CodeIgniter\CodeIgniter->run()
10 SYSTEMPATH\Commands\Server\rewrite.php(43): require_once('FCPATH\\index.php')
CRITICAL - 2022-09-12 20:39:28 --> Trying to access array offset on value of type null
in APPPATH\Views\dashboard\add_simpanan.php on line 26.
 1 APPPATH\Views\dashboard\add_simpanan.php(26): CodeIgniter\Debug\Exceptions->errorHandler(8, 'Trying to access array offset on value of type null', 'APPPATH\\Views\\dashboard\\add_simpanan.php', 26, [...])
 2 SYSTEMPATH\View\View.php(213): include('APPPATH\\Views\\dashboard\\add_simpanan.php')
 3 SYSTEMPATH\View\View.php(216): CodeIgniter\View\View->CodeIgniter\View\{closure}()
 4 SYSTEMPATH\Common.php(1135): CodeIgniter\View\View->render('dashboard/add_simpanan', [], true)
 5 APPPATH\Controllers\Dashboard.php(273): view('dashboard/add_simpanan', [...])
 6 SYSTEMPATH\CodeIgniter.php(896): App\Controllers\Dashboard->add_simpanan('FCPATH\\js', 'jsfunctions.js')
 7 SYSTEMPATH\CodeIgniter.php(466): CodeIgniter\CodeIgniter->runController(Object(App\Controllers\Dashboard))
 8 SYSTEMPATH\CodeIgniter.php(349): CodeIgniter\CodeIgniter->handleRequest(null, Object(Config\Cache), false)
 9 FCPATH\index.php(55): CodeIgniter\CodeIgniter->run()
10 SYSTEMPATH\Commands\Server\rewrite.php(43): require_once('FCPATH\\index.php')
CRITICAL - 2022-09-12 20:39:28 --> Trying to access array offset on value of type null
in APPPATH\Views\dashboard\add_simpanan.php on line 26.
 1 APPPATH\Views\dashboard\add_simpanan.php(26): CodeIgniter\Debug\Exceptions->errorHandler(8, 'Trying to access array offset on value of type null', 'APPPATH\\Views\\dashboard\\add_simpanan.php', 26, [...])
 2 SYSTEMPATH\View\View.php(213): include('APPPATH\\Views\\dashboard\\add_simpanan.php')
 3 SYSTEMPATH\View\View.php(216): CodeIgniter\View\View->CodeIgniter\View\{closure}()
 4 SYSTEMPATH\Common.php(1135): CodeIgniter\View\View->render('dashboard/add_simpanan', [], true)
 5 APPPATH\Controllers\Dashboard.php(273): view('dashboard/add_simpanan', [...])
 6 SYSTEMPATH\CodeIgniter.php(896): App\Controllers\Dashboard->add_simpanan('FCPATH\\js', 'qrcode.js')
 7 SYSTEMPATH\CodeIgniter.php(466): CodeIgniter\CodeIgniter->runController(Object(App\Controllers\Dashboard))
 8 SYSTEMPATH\CodeIgniter.php(349): CodeIgniter\CodeIgniter->handleRequest(null, Object(Config\Cache), false)
 9 FCPATH\index.php(55): CodeIgniter\CodeIgniter->run()
10 SYSTEMPATH\Commands\Server\rewrite.php(43): require_once('FCPATH\\index.php')
CRITICAL - 2022-09-12 20:39:47 --> Trying to access array offset on value of type null
in APPPATH\Views\dashboard\add_simpanan.php on line 26.
 1 APPPATH\Views\dashboard\add_simpanan.php(26): CodeIgniter\Debug\Exceptions->errorHandler(8, 'Trying to access array offset on value of type null', 'APPPATH\\Views\\dashboard\\add_simpanan.php', 26, [...])
 2 SYSTEMPATH\View\View.php(213): include('APPPATH\\Views\\dashboard\\add_simpanan.php')
 3 SYSTEMPATH\View\View.php(216): CodeIgniter\View\View->CodeIgniter\View\{closure}()
 4 SYSTEMPATH\Common.php(1135): CodeIgniter\View\View->render('dashboard/add_simpanan', [], true)
 5 APPPATH\Controllers\Dashboard.php(273): view('dashboard/add_simpanan', [...])
 6 SYSTEMPATH\CodeIgniter.php(896): App\Controllers\Dashboard->add_simpanan('FCPATH\\js', 'jsfunctions.js')
 7 SYSTEMPATH\CodeIgniter.php(466): CodeIgniter\CodeIgniter->runController(Object(App\Controllers\Dashboard))
 8 SYSTEMPATH\CodeIgniter.php(349): CodeIgniter\CodeIgniter->handleRequest(null, Object(Config\Cache), false)
 9 FCPATH\index.php(55): CodeIgniter\CodeIgniter->run()
10 SYSTEMPATH\Commands\Server\rewrite.php(43): require_once('FCPATH\\index.php')
CRITICAL - 2022-09-12 20:39:47 --> Trying to access array offset on value of type null
in APPPATH\Views\dashboard\add_simpanan.php on line 26.
 1 APPPATH\Views\dashboard\add_simpanan.php(26): CodeIgniter\Debug\Exceptions->errorHandler(8, 'Trying to access array offset on value of type null', 'APPPATH\\Views\\dashboard\\add_simpanan.php', 26, [...])
 2 SYSTEMPATH\View\View.php(213): include('APPPATH\\Views\\dashboard\\add_simpanan.php')
 3 SYSTEMPATH\View\View.php(216): CodeIgniter\View\View->CodeIgniter\View\{closure}()
 4 SYSTEMPATH\Common.php(1135): CodeIgniter\View\View->render('dashboard/add_simpanan', [], true)
 5 APPPATH\Controllers\Dashboard.php(273): view('dashboard/add_simpanan', [...])
 6 SYSTEMPATH\CodeIgniter.php(896): App\Controllers\Dashboard->add_simpanan('FCPATH\\js', 'qrcode.js')
 7 SYSTEMPATH\CodeIgniter.php(466): CodeIgniter\CodeIgniter->runController(Object(App\Controllers\Dashboard))
 8 SYSTEMPATH\CodeIgniter.php(349): CodeIgniter\CodeIgniter->handleRequest(null, Object(Config\Cache), false)
 9 FCPATH\index.php(55): CodeIgniter\CodeIgniter->run()
10 SYSTEMPATH\Commands\Server\rewrite.php(43): require_once('FCPATH\\index.php')
CRITICAL - 2022-09-12 20:40:09 --> Trying to access array offset on value of type null
in APPPATH\Views\dashboard\add_simpanan.php on line 26.
 1 APPPATH\Views\dashboard\add_simpanan.php(26): CodeIgniter\Debug\Exceptions->errorHandler(8, 'Trying to access array offset on value of type null', 'APPPATH\\Views\\dashboard\\add_simpanan.php', 26, [...])
 2 SYSTEMPATH\View\View.php(213): include('APPPATH\\Views\\dashboard\\add_simpanan.php')
 3 SYSTEMPATH\View\View.php(216): CodeIgniter\View\View->CodeIgniter\View\{closure}()
 4 SYSTEMPATH\Common.php(1135): CodeIgniter\View\View->render('dashboard/add_simpanan', [], true)
 5 APPPATH\Controllers\Dashboard.php(273): view('dashboard/add_simpanan', [...])
 6 SYSTEMPATH\CodeIgniter.php(896): App\Controllers\Dashboard->add_simpanan('FCPATH\\js', 'jsfunctions.js')
 7 SYSTEMPATH\CodeIgniter.php(466): CodeIgniter\CodeIgniter->runController(Object(App\Controllers\Dashboard))
 8 SYSTEMPATH\CodeIgniter.php(349): CodeIgniter\CodeIgniter->handleRequest(null, Object(Config\Cache), false)
 9 FCPATH\index.php(55): CodeIgniter\CodeIgniter->run()
10 SYSTEMPATH\Commands\Server\rewrite.php(43): require_once('FCPATH\\index.php')
CRITICAL - 2022-09-12 20:40:09 --> Trying to access array offset on value of type null
in APPPATH\Views\dashboard\add_simpanan.php on line 26.
 1 APPPATH\Views\dashboard\add_simpanan.php(26): CodeIgniter\Debug\Exceptions->errorHandler(8, 'Trying to access array offset on value of type null', 'APPPATH\\Views\\dashboard\\add_simpanan.php', 26, [...])
 2 SYSTEMPATH\View\View.php(213): include('APPPATH\\Views\\dashboard\\add_simpanan.php')
 3 SYSTEMPATH\View\View.php(216): CodeIgniter\View\View->CodeIgniter\View\{closure}()
 4 SYSTEMPATH\Common.php(1135): CodeIgniter\View\View->render('dashboard/add_simpanan', [], true)
 5 APPPATH\Controllers\Dashboard.php(273): view('dashboard/add_simpanan', [...])
 6 SYSTEMPATH\CodeIgniter.php(896): App\Controllers\Dashboard->add_simpanan('FCPATH\\js', 'qrcode.js')
 7 SYSTEMPATH\CodeIgniter.php(466): CodeIgniter\CodeIgniter->runController(Object(App\Controllers\Dashboard))
 8 SYSTEMPATH\CodeIgniter.php(349): CodeIgniter\CodeIgniter->handleRequest(null, Object(Config\Cache), false)
 9 FCPATH\index.php(55): CodeIgniter\CodeIgniter->run()
10 SYSTEMPATH\Commands\Server\rewrite.php(43): require_once('FCPATH\\index.php')
CRITICAL - 2022-09-12 20:40:18 --> Trying to access array offset on value of type null
in APPPATH\Views\dashboard\add_simpanan.php on line 26.
 1 APPPATH\Views\dashboard\add_simpanan.php(26): CodeIgniter\Debug\Exceptions->errorHandler(8, 'Trying to access array offset on value of type null', 'APPPATH\\Views\\dashboard\\add_simpanan.php', 26, [...])
 2 SYSTEMPATH\View\View.php(213): include('APPPATH\\Views\\dashboard\\add_simpanan.php')
 3 SYSTEMPATH\View\View.php(216): CodeIgniter\View\View->CodeIgniter\View\{closure}()
 4 SYSTEMPATH\Common.php(1135): CodeIgniter\View\View->render('dashboard/add_simpanan', [], true)
 5 APPPATH\Controllers\Dashboard.php(273): view('dashboard/add_simpanan', [...])
 6 SYSTEMPATH\CodeIgniter.php(896): App\Controllers\Dashboard->add_simpanan('FCPATH\\js', 'jsfunctions.js')
 7 SYSTEMPATH\CodeIgniter.php(466): CodeIgniter\CodeIgniter->runController(Object(App\Controllers\Dashboard))
 8 SYSTEMPATH\CodeIgniter.php(349): CodeIgniter\CodeIgniter->handleRequest(null, Object(Config\Cache), false)
 9 FCPATH\index.php(55): CodeIgniter\CodeIgniter->run()
10 SYSTEMPATH\Commands\Server\rewrite.php(43): require_once('FCPATH\\index.php')
CRITICAL - 2022-09-12 20:40:18 --> Trying to access array offset on value of type null
in APPPATH\Views\dashboard\add_simpanan.php on line 26.
 1 APPPATH\Views\dashboard\add_simpanan.php(26): CodeIgniter\Debug\Exceptions->errorHandler(8, 'Trying to access array offset on value of type null', 'APPPATH\\Views\\dashboard\\add_simpanan.php', 26, [...])
 2 SYSTEMPATH\View\View.php(213): include('APPPATH\\Views\\dashboard\\add_simpanan.php')
 3 SYSTEMPATH\View\View.php(216): CodeIgniter\View\View->CodeIgniter\View\{closure}()
 4 SYSTEMPATH\Common.php(1135): CodeIgniter\View\View->render('dashboard/add_simpanan', [], true)
 5 APPPATH\Controllers\Dashboard.php(273): view('dashboard/add_simpanan', [...])
 6 SYSTEMPATH\CodeIgniter.php(896): App\Controllers\Dashboard->add_simpanan('FCPATH\\js', 'qrcode.js')
 7 SYSTEMPATH\CodeIgniter.php(466): CodeIgniter\CodeIgniter->runController(Object(App\Controllers\Dashboard))
 8 SYSTEMPATH\CodeIgniter.php(349): CodeIgniter\CodeIgniter->handleRequest(null, Object(Config\Cache), false)
 9 FCPATH\index.php(55): CodeIgniter\CodeIgniter->run()
10 SYSTEMPATH\Commands\Server\rewrite.php(43): require_once('FCPATH\\index.php')
CRITICAL - 2022-09-12 20:40:26 --> Trying to access array offset on value of type null
in APPPATH\Views\dashboard\add_simpanan.php on line 26.
 1 APPPATH\Views\dashboard\add_simpanan.php(26): CodeIgniter\Debug\Exceptions->errorHandler(8, 'Trying to access array offset on value of type null', 'APPPATH\\Views\\dashboard\\add_simpanan.php', 26, [...])
 2 SYSTEMPATH\View\View.php(213): include('APPPATH\\Views\\dashboard\\add_simpanan.php')
 3 SYSTEMPATH\View\View.php(216): CodeIgniter\View\View->CodeIgniter\View\{closure}()
 4 SYSTEMPATH\Common.php(1135): CodeIgniter\View\View->render('dashboard/add_simpanan', [], true)
 5 APPPATH\Controllers\Dashboard.php(273): view('dashboard/add_simpanan', [...])
 6 SYSTEMPATH\CodeIgniter.php(896): App\Controllers\Dashboard->add_simpanan('FCPATH\\js', 'jsfunctions.js')
 7 SYSTEMPATH\CodeIgniter.php(466): CodeIgniter\CodeIgniter->runController(Object(App\Controllers\Dashboard))
 8 SYSTEMPATH\CodeIgniter.php(349): CodeIgniter\CodeIgniter->handleRequest(null, Object(Config\Cache), false)
 9 FCPATH\index.php(55): CodeIgniter\CodeIgniter->run()
10 SYSTEMPATH\Commands\Server\rewrite.php(43): require_once('FCPATH\\index.php')
CRITICAL - 2022-09-12 20:40:26 --> Trying to access array offset on value of type null
in APPPATH\Views\dashboard\add_simpanan.php on line 26.
 1 APPPATH\Views\dashboard\add_simpanan.php(26): CodeIgniter\Debug\Exceptions->errorHandler(8, 'Trying to access array offset on value of type null', 'APPPATH\\Views\\dashboard\\add_simpanan.php', 26, [...])
 2 SYSTEMPATH\View\View.php(213): include('APPPATH\\Views\\dashboard\\add_simpanan.php')
 3 SYSTEMPATH\View\View.php(216): CodeIgniter\View\View->CodeIgniter\View\{closure}()
 4 SYSTEMPATH\Common.php(1135): CodeIgniter\View\View->render('dashboard/add_simpanan', [], true)
 5 APPPATH\Controllers\Dashboard.php(273): view('dashboard/add_simpanan', [...])
 6 SYSTEMPATH\CodeIgniter.php(896): App\Controllers\Dashboard->add_simpanan('FCPATH\\js', 'qrcode.js')
 7 SYSTEMPATH\CodeIgniter.php(466): CodeIgniter\CodeIgniter->runController(Object(App\Controllers\Dashboard))
 8 SYSTEMPATH\CodeIgniter.php(349): CodeIgniter\CodeIgniter->handleRequest(null, Object(Config\Cache), false)
 9 FCPATH\index.php(55): CodeIgniter\CodeIgniter->run()
10 SYSTEMPATH\Commands\Server\rewrite.php(43): require_once('FCPATH\\index.php')
CRITICAL - 2022-09-12 20:40:31 --> Trying to access array offset on value of type null
in APPPATH\Views\dashboard\add_simpanan.php on line 26.
 1 APPPATH\Views\dashboard\add_simpanan.php(26): CodeIgniter\Debug\Exceptions->errorHandler(8, 'Trying to access array offset on value of type null', 'APPPATH\\Views\\dashboard\\add_simpanan.php', 26, [...])
 2 SYSTEMPATH\View\View.php(213): include('APPPATH\\Views\\dashboard\\add_simpanan.php')
 3 SYSTEMPATH\View\View.php(216): CodeIgniter\View\View->CodeIgniter\View\{closure}()
 4 SYSTEMPATH\Common.php(1135): CodeIgniter\View\View->render('dashboard/add_simpanan', [], true)
 5 APPPATH\Controllers\Dashboard.php(273): view('dashboard/add_simpanan', [...])
 6 SYSTEMPATH\CodeIgniter.php(896): App\Controllers\Dashboard->add_simpanan('FCPATH\\js', 'jsfunctions.js')
 7 SYSTEMPATH\CodeIgniter.php(466): CodeIgniter\CodeIgniter->runController(Object(App\Controllers\Dashboard))
 8 SYSTEMPATH\CodeIgniter.php(349): CodeIgniter\CodeIgniter->handleRequest(null, Object(Config\Cache), false)
 9 FCPATH\index.php(55): CodeIgniter\CodeIgniter->run()
10 SYSTEMPATH\Commands\Server\rewrite.php(43): require_once('FCPATH\\index.php')
CRITICAL - 2022-09-12 20:40:31 --> Trying to access array offset on value of type null
in APPPATH\Views\dashboard\add_simpanan.php on line 26.
 1 APPPATH\Views\dashboard\add_simpanan.php(26): CodeIgniter\Debug\Exceptions->errorHandler(8, 'Trying to access array offset on value of type null', 'APPPATH\\Views\\dashboard\\add_simpanan.php', 26, [...])
 2 SYSTEMPATH\View\View.php(213): include('APPPATH\\Views\\dashboard\\add_simpanan.php')
 3 SYSTEMPATH\View\View.php(216): CodeIgniter\View\View->CodeIgniter\View\{closure}()
 4 SYSTEMPATH\Common.php(1135): CodeIgniter\View\View->render('dashboard/add_simpanan', [], true)
 5 APPPATH\Controllers\Dashboard.php(273): view('dashboard/add_simpanan', [...])
 6 SYSTEMPATH\CodeIgniter.php(896): App\Controllers\Dashboard->add_simpanan('FCPATH\\js', 'qrcode.js')
 7 SYSTEMPATH\CodeIgniter.php(466): CodeIgniter\CodeIgniter->runController(Object(App\Controllers\Dashboard))
 8 SYSTEMPATH\CodeIgniter.php(349): CodeIgniter\CodeIgniter->handleRequest(null, Object(Config\Cache), false)
 9 FCPATH\index.php(55): CodeIgniter\CodeIgniter->run()
10 SYSTEMPATH\Commands\Server\rewrite.php(43): require_once('FCPATH\\index.php')
CRITICAL - 2022-09-12 20:40:42 --> Trying to access array offset on value of type null
in APPPATH\Views\dashboard\add_simpanan.php on line 26.
 1 APPPATH\Views\dashboard\add_simpanan.php(26): CodeIgniter\Debug\Exceptions->errorHandler(8, 'Trying to access array offset on value of type null', 'APPPATH\\Views\\dashboard\\add_simpanan.php', 26, [...])
 2 SYSTEMPATH\View\View.php(213): include('APPPATH\\Views\\dashboard\\add_simpanan.php')
 3 SYSTEMPATH\View\View.php(216): CodeIgniter\View\View->CodeIgniter\View\{closure}()
 4 SYSTEMPATH\Common.php(1135): CodeIgniter\View\View->render('dashboard/add_simpanan', [], true)
 5 APPPATH\Controllers\Dashboard.php(273): view('dashboard/add_simpanan', [...])
 6 SYSTEMPATH\CodeIgniter.php(896): App\Controllers\Dashboard->add_simpanan('FCPATH\\js', 'jsfunctions.js')
 7 SYSTEMPATH\CodeIgniter.php(466): CodeIgniter\CodeIgniter->runController(Object(App\Controllers\Dashboard))
 8 SYSTEMPATH\CodeIgniter.php(349): CodeIgniter\CodeIgniter->handleRequest(null, Object(Config\Cache), false)
 9 FCPATH\index.php(55): CodeIgniter\CodeIgniter->run()
10 SYSTEMPATH\Commands\Server\rewrite.php(43): require_once('FCPATH\\index.php')
CRITICAL - 2022-09-12 20:40:43 --> Trying to access array offset on value of type null
in APPPATH\Views\dashboard\add_simpanan.php on line 26.
 1 APPPATH\Views\dashboard\add_simpanan.php(26): CodeIgniter\Debug\Exceptions->errorHandler(8, 'Trying to access array offset on value of type null', 'APPPATH\\Views\\dashboard\\add_simpanan.php', 26, [...])
 2 SYSTEMPATH\View\View.php(213): include('APPPATH\\Views\\dashboard\\add_simpanan.php')
 3 SYSTEMPATH\View\View.php(216): CodeIgniter\View\View->CodeIgniter\View\{closure}()
 4 SYSTEMPATH\Common.php(1135): CodeIgniter\View\View->render('dashboard/add_simpanan', [], true)
 5 APPPATH\Controllers\Dashboard.php(273): view('dashboard/add_simpanan', [...])
 6 SYSTEMPATH\CodeIgniter.php(896): App\Controllers\Dashboard->add_simpanan('FCPATH\\js', 'qrcode.js')
 7 SYSTEMPATH\CodeIgniter.php(466): CodeIgniter\CodeIgniter->runController(Object(App\Controllers\Dashboard))
 8 SYSTEMPATH\CodeIgniter.php(349): CodeIgniter\CodeIgniter->handleRequest(null, Object(Config\Cache), false)
 9 FCPATH\index.php(55): CodeIgniter\CodeIgniter->run()
10 SYSTEMPATH\Commands\Server\rewrite.php(43): require_once('FCPATH\\index.php')
CRITICAL - 2022-09-12 20:40:46 --> Trying to access array offset on value of type null
in APPPATH\Views\dashboard\add_simpanan.php on line 26.
 1 APPPATH\Views\dashboard\add_simpanan.php(26): CodeIgniter\Debug\Exceptions->errorHandler(8, 'Trying to access array offset on value of type null', 'APPPATH\\Views\\dashboard\\add_simpanan.php', 26, [...])
 2 SYSTEMPATH\View\View.php(213): include('APPPATH\\Views\\dashboard\\add_simpanan.php')
 3 SYSTEMPATH\View\View.php(216): CodeIgniter\View\View->CodeIgniter\View\{closure}()
 4 SYSTEMPATH\Common.php(1135): CodeIgniter\View\View->render('dashboard/add_simpanan', [], true)
 5 APPPATH\Controllers\Dashboard.php(273): view('dashboard/add_simpanan', [...])
 6 SYSTEMPATH\CodeIgniter.php(896): App\Controllers\Dashboard->add_simpanan('FCPATH\\js', 'jsfunctions.js')
 7 SYSTEMPATH\CodeIgniter.php(466): CodeIgniter\CodeIgniter->runController(Object(App\Controllers\Dashboard))
 8 SYSTEMPATH\CodeIgniter.php(349): CodeIgniter\CodeIgniter->handleRequest(null, Object(Config\Cache), false)
 9 FCPATH\index.php(55): CodeIgniter\CodeIgniter->run()
10 SYSTEMPATH\Commands\Server\rewrite.php(43): require_once('FCPATH\\index.php')
CRITICAL - 2022-09-12 20:40:47 --> Trying to access array offset on value of type null
in APPPATH\Views\dashboard\add_simpanan.php on line 26.
 1 APPPATH\Views\dashboard\add_simpanan.php(26): CodeIgniter\Debug\Exceptions->errorHandler(8, 'Trying to access array offset on value of type null', 'APPPATH\\Views\\dashboard\\add_simpanan.php', 26, [...])
 2 SYSTEMPATH\View\View.php(213): include('APPPATH\\Views\\dashboard\\add_simpanan.php')
 3 SYSTEMPATH\View\View.php(216): CodeIgniter\View\View->CodeIgniter\View\{closure}()
 4 SYSTEMPATH\Common.php(1135): CodeIgniter\View\View->render('dashboard/add_simpanan', [], true)
 5 APPPATH\Controllers\Dashboard.php(273): view('dashboard/add_simpanan', [...])
 6 SYSTEMPATH\CodeIgniter.php(896): App\Controllers\Dashboard->add_simpanan('FCPATH\\js', 'qrcode.js')
 7 SYSTEMPATH\CodeIgniter.php(466): CodeIgniter\CodeIgniter->runController(Object(App\Controllers\Dashboard))
 8 SYSTEMPATH\CodeIgniter.php(349): CodeIgniter\CodeIgniter->handleRequest(null, Object(Config\Cache), false)
 9 FCPATH\index.php(55): CodeIgniter\CodeIgniter->run()
10 SYSTEMPATH\Commands\Server\rewrite.php(43): require_once('FCPATH\\index.php')
