CRITICAL - 2022-09-11 10:38:45 --> Illegal string offset 'id_kegiatan'
in APPPATH\Views\dashboard\qr_code.php on line 40.
 1 APPPATH\Views\dashboard\qr_code.php(40): CodeIgniter\Debug\Exceptions->errorHandler(2, 'Illegal string offset \'id_kegiatan\'', 'APPPATH\\Views\\dashboard\\qr_code.php', 40, [...])
 2 SYSTEMPATH\View\View.php(213): include('APPPATH\\Views\\dashboard\\qr_code.php')
 3 SYSTEMPATH\View\View.php(216): CodeIgniter\View\View->CodeIgniter\View\{closure}()
 4 SYSTEMPATH\Common.php(1135): CodeIgniter\View\View->render('dashboard/qr_code', [], true)
 5 APPPATH\Controllers\Dashboard.php(178): view('dashboard/qr_code', [...])
 6 SYSTEMPATH\CodeIgniter.php(896): App\Controllers\Dashboard->qr_code('2360')
 7 SYSTEMPATH\CodeIgniter.php(466): CodeIgniter\CodeIgniter->runController(Object(App\Controllers\Dashboard))
 8 SYSTEMPATH\CodeIgniter.php(349): CodeIgniter\CodeIgniter->handleRequest(null, Object(Config\Cache), false)
 9 FCPATH\index.php(55): CodeIgniter\CodeIgniter->run()
10 SYSTEMPATH\Commands\Server\rewrite.php(43): require_once('FCPATH\\index.php')
CRITICAL - 2022-09-11 10:42:47 --> Trying to access array offset on value of type null
in APPPATH\Views\dashboard\qr_code.php on line 30.
 1 APPPATH\Views\dashboard\qr_code.php(30): CodeIgniter\Debug\Exceptions->errorHandler(8, 'Trying to access array offset on value of type null', 'APPPATH\\Views\\dashboard\\qr_code.php', 30, [...])
 2 SYSTEMPATH\View\View.php(213): include('APPPATH\\Views\\dashboard\\qr_code.php')
 3 SYSTEMPATH\View\View.php(216): CodeIgniter\View\View->CodeIgniter\View\{closure}()
 4 SYSTEMPATH\Common.php(1135): CodeIgniter\View\View->render('dashboard/qr_code', [], true)
 5 APPPATH\Controllers\Dashboard.php(178): view('dashboard/qr_code', [...])
 6 SYSTEMPATH\CodeIgniter.php(896): App\Controllers\Dashboard->qr_code('FCPATH\\js', 'jsfunctions.js')
 7 SYSTEMPATH\CodeIgniter.php(466): CodeIgniter\CodeIgniter->runController(Object(App\Controllers\Dashboard))
 8 SYSTEMPATH\CodeIgniter.php(349): CodeIgniter\CodeIgniter->handleRequest(null, Object(Config\Cache), false)
 9 FCPATH\index.php(55): CodeIgniter\CodeIgniter->run()
10 SYSTEMPATH\Commands\Server\rewrite.php(43): require_once('FCPATH\\index.php')
CRITICAL - 2022-09-11 10:42:47 --> Trying to access array offset on value of type null
in APPPATH\Views\dashboard\qr_code.php on line 30.
 1 APPPATH\Views\dashboard\qr_code.php(30): CodeIgniter\Debug\Exceptions->errorHandler(8, 'Trying to access array offset on value of type null', 'APPPATH\\Views\\dashboard\\qr_code.php', 30, [...])
 2 SYSTEMPATH\View\View.php(213): include('APPPATH\\Views\\dashboard\\qr_code.php')
 3 SYSTEMPATH\View\View.php(216): CodeIgniter\View\View->CodeIgniter\View\{closure}()
 4 SYSTEMPATH\Common.php(1135): CodeIgniter\View\View->render('dashboard/qr_code', [], true)
 5 APPPATH\Controllers\Dashboard.php(178): view('dashboard/qr_code', [...])
 6 SYSTEMPATH\CodeIgniter.php(896): App\Controllers\Dashboard->qr_code('FCPATH\\js', 'qrcode.js')
 7 SYSTEMPATH\CodeIgniter.php(466): CodeIgniter\CodeIgniter->runController(Object(App\Controllers\Dashboard))
 8 SYSTEMPATH\CodeIgniter.php(349): CodeIgniter\CodeIgniter->handleRequest(null, Object(Config\Cache), false)
 9 FCPATH\index.php(55): CodeIgniter\CodeIgniter->run()
10 SYSTEMPATH\Commands\Server\rewrite.php(43): require_once('FCPATH\\index.php')
CRITICAL - 2022-09-11 10:43:06 --> Trying to access array offset on value of type null
in APPPATH\Views\dashboard\qr_code.php on line 30.
 1 APPPATH\Views\dashboard\qr_code.php(30): CodeIgniter\Debug\Exceptions->errorHandler(8, 'Trying to access array offset on value of type null', 'APPPATH\\Views\\dashboard\\qr_code.php', 30, [...])
 2 SYSTEMPATH\View\View.php(213): include('APPPATH\\Views\\dashboard\\qr_code.php')
 3 SYSTEMPATH\View\View.php(216): CodeIgniter\View\View->CodeIgniter\View\{closure}()
 4 SYSTEMPATH\Common.php(1135): CodeIgniter\View\View->render('dashboard/qr_code', [], true)
 5 APPPATH\Controllers\Dashboard.php(178): view('dashboard/qr_code', [...])
 6 SYSTEMPATH\CodeIgniter.php(896): App\Controllers\Dashboard->qr_code('FCPATH\\js', 'jsfunctions.js')
 7 SYSTEMPATH\CodeIgniter.php(466): CodeIgniter\CodeIgniter->runController(Object(App\Controllers\Dashboard))
 8 SYSTEMPATH\CodeIgniter.php(349): CodeIgniter\CodeIgniter->handleRequest(null, Object(Config\Cache), false)
 9 FCPATH\index.php(55): CodeIgniter\CodeIgniter->run()
10 SYSTEMPATH\Commands\Server\rewrite.php(43): require_once('FCPATH\\index.php')
CRITICAL - 2022-09-11 10:43:06 --> Trying to access array offset on value of type null
in APPPATH\Views\dashboard\qr_code.php on line 30.
 1 APPPATH\Views\dashboard\qr_code.php(30): CodeIgniter\Debug\Exceptions->errorHandler(8, 'Trying to access array offset on value of type null', 'APPPATH\\Views\\dashboard\\qr_code.php', 30, [...])
 2 SYSTEMPATH\View\View.php(213): include('APPPATH\\Views\\dashboard\\qr_code.php')
 3 SYSTEMPATH\View\View.php(216): CodeIgniter\View\View->CodeIgniter\View\{closure}()
 4 SYSTEMPATH\Common.php(1135): CodeIgniter\View\View->render('dashboard/qr_code', [], true)
 5 APPPATH\Controllers\Dashboard.php(178): view('dashboard/qr_code', [...])
 6 SYSTEMPATH\CodeIgniter.php(896): App\Controllers\Dashboard->qr_code('FCPATH\\js', 'qrcode.js')
 7 SYSTEMPATH\CodeIgniter.php(466): CodeIgniter\CodeIgniter->runController(Object(App\Controllers\Dashboard))
 8 SYSTEMPATH\CodeIgniter.php(349): CodeIgniter\CodeIgniter->handleRequest(null, Object(Config\Cache), false)
 9 FCPATH\index.php(55): CodeIgniter\CodeIgniter->run()
10 SYSTEMPATH\Commands\Server\rewrite.php(43): require_once('FCPATH\\index.php')
CRITICAL - 2022-09-11 10:43:33 --> Trying to access array offset on value of type null
in APPPATH\Views\dashboard\qr_code.php on line 30.
 1 APPPATH\Views\dashboard\qr_code.php(30): CodeIgniter\Debug\Exceptions->errorHandler(8, 'Trying to access array offset on value of type null', 'APPPATH\\Views\\dashboard\\qr_code.php', 30, [...])
 2 SYSTEMPATH\View\View.php(213): include('APPPATH\\Views\\dashboard\\qr_code.php')
 3 SYSTEMPATH\View\View.php(216): CodeIgniter\View\View->CodeIgniter\View\{closure}()
 4 SYSTEMPATH\Common.php(1135): CodeIgniter\View\View->render('dashboard/qr_code', [], true)
 5 APPPATH\Controllers\Dashboard.php(178): view('dashboard/qr_code', [...])
 6 SYSTEMPATH\CodeIgniter.php(896): App\Controllers\Dashboard->qr_code('FCPATH\\js', 'jsfunctions.js')
 7 SYSTEMPATH\CodeIgniter.php(466): CodeIgniter\CodeIgniter->runController(Object(App\Controllers\Dashboard))
 8 SYSTEMPATH\CodeIgniter.php(349): CodeIgniter\CodeIgniter->handleRequest(null, Object(Config\Cache), false)
 9 FCPATH\index.php(55): CodeIgniter\CodeIgniter->run()
10 SYSTEMPATH\Commands\Server\rewrite.php(43): require_once('FCPATH\\index.php')
CRITICAL - 2022-09-11 10:43:33 --> Trying to access array offset on value of type null
in APPPATH\Views\dashboard\qr_code.php on line 30.
 1 APPPATH\Views\dashboard\qr_code.php(30): CodeIgniter\Debug\Exceptions->errorHandler(8, 'Trying to access array offset on value of type null', 'APPPATH\\Views\\dashboard\\qr_code.php', 30, [...])
 2 SYSTEMPATH\View\View.php(213): include('APPPATH\\Views\\dashboard\\qr_code.php')
 3 SYSTEMPATH\View\View.php(216): CodeIgniter\View\View->CodeIgniter\View\{closure}()
 4 SYSTEMPATH\Common.php(1135): CodeIgniter\View\View->render('dashboard/qr_code', [], true)
 5 APPPATH\Controllers\Dashboard.php(178): view('dashboard/qr_code', [...])
 6 SYSTEMPATH\CodeIgniter.php(896): App\Controllers\Dashboard->qr_code('FCPATH\\js', 'qrcode.js')
 7 SYSTEMPATH\CodeIgniter.php(466): CodeIgniter\CodeIgniter->runController(Object(App\Controllers\Dashboard))
 8 SYSTEMPATH\CodeIgniter.php(349): CodeIgniter\CodeIgniter->handleRequest(null, Object(Config\Cache), false)
 9 FCPATH\index.php(55): CodeIgniter\CodeIgniter->run()
10 SYSTEMPATH\Commands\Server\rewrite.php(43): require_once('FCPATH\\index.php')
CRITICAL - 2022-09-11 10:43:53 --> Trying to access array offset on value of type null
in APPPATH\Views\dashboard\qr_code.php on line 30.
 1 APPPATH\Views\dashboard\qr_code.php(30): CodeIgniter\Debug\Exceptions->errorHandler(8, 'Trying to access array offset on value of type null', 'APPPATH\\Views\\dashboard\\qr_code.php', 30, [...])
 2 SYSTEMPATH\View\View.php(213): include('APPPATH\\Views\\dashboard\\qr_code.php')
 3 SYSTEMPATH\View\View.php(216): CodeIgniter\View\View->CodeIgniter\View\{closure}()
 4 SYSTEMPATH\Common.php(1135): CodeIgniter\View\View->render('dashboard/qr_code', [], true)
 5 APPPATH\Controllers\Dashboard.php(178): view('dashboard/qr_code', [...])
 6 SYSTEMPATH\CodeIgniter.php(896): App\Controllers\Dashboard->qr_code('FCPATH\\js', 'jsfunctions.js')
 7 SYSTEMPATH\CodeIgniter.php(466): CodeIgniter\CodeIgniter->runController(Object(App\Controllers\Dashboard))
 8 SYSTEMPATH\CodeIgniter.php(349): CodeIgniter\CodeIgniter->handleRequest(null, Object(Config\Cache), false)
 9 FCPATH\index.php(55): CodeIgniter\CodeIgniter->run()
10 SYSTEMPATH\Commands\Server\rewrite.php(43): require_once('FCPATH\\index.php')
CRITICAL - 2022-09-11 10:43:53 --> Trying to access array offset on value of type null
in APPPATH\Views\dashboard\qr_code.php on line 30.
 1 APPPATH\Views\dashboard\qr_code.php(30): CodeIgniter\Debug\Exceptions->errorHandler(8, 'Trying to access array offset on value of type null', 'APPPATH\\Views\\dashboard\\qr_code.php', 30, [...])
 2 SYSTEMPATH\View\View.php(213): include('APPPATH\\Views\\dashboard\\qr_code.php')
 3 SYSTEMPATH\View\View.php(216): CodeIgniter\View\View->CodeIgniter\View\{closure}()
 4 SYSTEMPATH\Common.php(1135): CodeIgniter\View\View->render('dashboard/qr_code', [], true)
 5 APPPATH\Controllers\Dashboard.php(178): view('dashboard/qr_code', [...])
 6 SYSTEMPATH\CodeIgniter.php(896): App\Controllers\Dashboard->qr_code('FCPATH\\js', 'qrcode.js')
 7 SYSTEMPATH\CodeIgniter.php(466): CodeIgniter\CodeIgniter->runController(Object(App\Controllers\Dashboard))
 8 SYSTEMPATH\CodeIgniter.php(349): CodeIgniter\CodeIgniter->handleRequest(null, Object(Config\Cache), false)
 9 FCPATH\index.php(55): CodeIgniter\CodeIgniter->run()
10 SYSTEMPATH\Commands\Server\rewrite.php(43): require_once('FCPATH\\index.php')
CRITICAL - 2022-09-11 10:44:08 --> Trying to access array offset on value of type null
in APPPATH\Views\dashboard\qr_code.php on line 30.
 1 APPPATH\Views\dashboard\qr_code.php(30): CodeIgniter\Debug\Exceptions->errorHandler(8, 'Trying to access array offset on value of type null', 'APPPATH\\Views\\dashboard\\qr_code.php', 30, [...])
 2 SYSTEMPATH\View\View.php(213): include('APPPATH\\Views\\dashboard\\qr_code.php')
 3 SYSTEMPATH\View\View.php(216): CodeIgniter\View\View->CodeIgniter\View\{closure}()
 4 SYSTEMPATH\Common.php(1135): CodeIgniter\View\View->render('dashboard/qr_code', [], true)
 5 APPPATH\Controllers\Dashboard.php(178): view('dashboard/qr_code', [...])
 6 SYSTEMPATH\CodeIgniter.php(896): App\Controllers\Dashboard->qr_code('FCPATH\\js', 'jsfunctions.js')
 7 SYSTEMPATH\CodeIgniter.php(466): CodeIgniter\CodeIgniter->runController(Object(App\Controllers\Dashboard))
 8 SYSTEMPATH\CodeIgniter.php(349): CodeIgniter\CodeIgniter->handleRequest(null, Object(Config\Cache), false)
 9 FCPATH\index.php(55): CodeIgniter\CodeIgniter->run()
10 SYSTEMPATH\Commands\Server\rewrite.php(43): require_once('FCPATH\\index.php')
CRITICAL - 2022-09-11 10:44:08 --> Trying to access array offset on value of type null
in APPPATH\Views\dashboard\qr_code.php on line 30.
 1 APPPATH\Views\dashboard\qr_code.php(30): CodeIgniter\Debug\Exceptions->errorHandler(8, 'Trying to access array offset on value of type null', 'APPPATH\\Views\\dashboard\\qr_code.php', 30, [...])
 2 SYSTEMPATH\View\View.php(213): include('APPPATH\\Views\\dashboard\\qr_code.php')
 3 SYSTEMPATH\View\View.php(216): CodeIgniter\View\View->CodeIgniter\View\{closure}()
 4 SYSTEMPATH\Common.php(1135): CodeIgniter\View\View->render('dashboard/qr_code', [], true)
 5 APPPATH\Controllers\Dashboard.php(178): view('dashboard/qr_code', [...])
 6 SYSTEMPATH\CodeIgniter.php(896): App\Controllers\Dashboard->qr_code('FCPATH\\js', 'qrcode.js')
 7 SYSTEMPATH\CodeIgniter.php(466): CodeIgniter\CodeIgniter->runController(Object(App\Controllers\Dashboard))
 8 SYSTEMPATH\CodeIgniter.php(349): CodeIgniter\CodeIgniter->handleRequest(null, Object(Config\Cache), false)
 9 FCPATH\index.php(55): CodeIgniter\CodeIgniter->run()
10 SYSTEMPATH\Commands\Server\rewrite.php(43): require_once('FCPATH\\index.php')
CRITICAL - 2022-09-11 10:44:21 --> Trying to access array offset on value of type null
in APPPATH\Views\dashboard\qr_code.php on line 30.
 1 APPPATH\Views\dashboard\qr_code.php(30): CodeIgniter\Debug\Exceptions->errorHandler(8, 'Trying to access array offset on value of type null', 'APPPATH\\Views\\dashboard\\qr_code.php', 30, [...])
 2 SYSTEMPATH\View\View.php(213): include('APPPATH\\Views\\dashboard\\qr_code.php')
 3 SYSTEMPATH\View\View.php(216): CodeIgniter\View\View->CodeIgniter\View\{closure}()
 4 SYSTEMPATH\Common.php(1135): CodeIgniter\View\View->render('dashboard/qr_code', [], true)
 5 APPPATH\Controllers\Dashboard.php(178): view('dashboard/qr_code', [...])
 6 SYSTEMPATH\CodeIgniter.php(896): App\Controllers\Dashboard->qr_code('FCPATH\\js', 'jsfunctions.js')
 7 SYSTEMPATH\CodeIgniter.php(466): CodeIgniter\CodeIgniter->runController(Object(App\Controllers\Dashboard))
 8 SYSTEMPATH\CodeIgniter.php(349): CodeIgniter\CodeIgniter->handleRequest(null, Object(Config\Cache), false)
 9 FCPATH\index.php(55): CodeIgniter\CodeIgniter->run()
10 SYSTEMPATH\Commands\Server\rewrite.php(43): require_once('FCPATH\\index.php')
CRITICAL - 2022-09-11 10:44:21 --> Trying to access array offset on value of type null
in APPPATH\Views\dashboard\qr_code.php on line 30.
 1 APPPATH\Views\dashboard\qr_code.php(30): CodeIgniter\Debug\Exceptions->errorHandler(8, 'Trying to access array offset on value of type null', 'APPPATH\\Views\\dashboard\\qr_code.php', 30, [...])
 2 SYSTEMPATH\View\View.php(213): include('APPPATH\\Views\\dashboard\\qr_code.php')
 3 SYSTEMPATH\View\View.php(216): CodeIgniter\View\View->CodeIgniter\View\{closure}()
 4 SYSTEMPATH\Common.php(1135): CodeIgniter\View\View->render('dashboard/qr_code', [], true)
 5 APPPATH\Controllers\Dashboard.php(178): view('dashboard/qr_code', [...])
 6 SYSTEMPATH\CodeIgniter.php(896): App\Controllers\Dashboard->qr_code('FCPATH\\js', 'qrcode.js')
 7 SYSTEMPATH\CodeIgniter.php(466): CodeIgniter\CodeIgniter->runController(Object(App\Controllers\Dashboard))
 8 SYSTEMPATH\CodeIgniter.php(349): CodeIgniter\CodeIgniter->handleRequest(null, Object(Config\Cache), false)
 9 FCPATH\index.php(55): CodeIgniter\CodeIgniter->run()
10 SYSTEMPATH\Commands\Server\rewrite.php(43): require_once('FCPATH\\index.php')
CRITICAL - 2022-09-11 10:44:34 --> Trying to access array offset on value of type null
in APPPATH\Views\dashboard\qr_code.php on line 30.
 1 APPPATH\Views\dashboard\qr_code.php(30): CodeIgniter\Debug\Exceptions->errorHandler(8, 'Trying to access array offset on value of type null', 'APPPATH\\Views\\dashboard\\qr_code.php', 30, [...])
 2 SYSTEMPATH\View\View.php(213): include('APPPATH\\Views\\dashboard\\qr_code.php')
 3 SYSTEMPATH\View\View.php(216): CodeIgniter\View\View->CodeIgniter\View\{closure}()
 4 SYSTEMPATH\Common.php(1135): CodeIgniter\View\View->render('dashboard/qr_code', [], true)
 5 APPPATH\Controllers\Dashboard.php(178): view('dashboard/qr_code', [...])
 6 SYSTEMPATH\CodeIgniter.php(896): App\Controllers\Dashboard->qr_code('FCPATH\\js', 'jsfunctions.js')
 7 SYSTEMPATH\CodeIgniter.php(466): CodeIgniter\CodeIgniter->runController(Object(App\Controllers\Dashboard))
 8 SYSTEMPATH\CodeIgniter.php(349): CodeIgniter\CodeIgniter->handleRequest(null, Object(Config\Cache), false)
 9 FCPATH\index.php(55): CodeIgniter\CodeIgniter->run()
10 SYSTEMPATH\Commands\Server\rewrite.php(43): require_once('FCPATH\\index.php')
CRITICAL - 2022-09-11 10:44:34 --> Trying to access array offset on value of type null
in APPPATH\Views\dashboard\qr_code.php on line 30.
 1 APPPATH\Views\dashboard\qr_code.php(30): CodeIgniter\Debug\Exceptions->errorHandler(8, 'Trying to access array offset on value of type null', 'APPPATH\\Views\\dashboard\\qr_code.php', 30, [...])
 2 SYSTEMPATH\View\View.php(213): include('APPPATH\\Views\\dashboard\\qr_code.php')
 3 SYSTEMPATH\View\View.php(216): CodeIgniter\View\View->CodeIgniter\View\{closure}()
 4 SYSTEMPATH\Common.php(1135): CodeIgniter\View\View->render('dashboard/qr_code', [], true)
 5 APPPATH\Controllers\Dashboard.php(178): view('dashboard/qr_code', [...])
 6 SYSTEMPATH\CodeIgniter.php(896): App\Controllers\Dashboard->qr_code('FCPATH\\js', 'qrcode.js')
 7 SYSTEMPATH\CodeIgniter.php(466): CodeIgniter\CodeIgniter->runController(Object(App\Controllers\Dashboard))
 8 SYSTEMPATH\CodeIgniter.php(349): CodeIgniter\CodeIgniter->handleRequest(null, Object(Config\Cache), false)
 9 FCPATH\index.php(55): CodeIgniter\CodeIgniter->run()
10 SYSTEMPATH\Commands\Server\rewrite.php(43): require_once('FCPATH\\index.php')
CRITICAL - 2022-09-11 10:44:42 --> Trying to access array offset on value of type null
in APPPATH\Views\dashboard\qr_code.php on line 30.
 1 APPPATH\Views\dashboard\qr_code.php(30): CodeIgniter\Debug\Exceptions->errorHandler(8, 'Trying to access array offset on value of type null', 'APPPATH\\Views\\dashboard\\qr_code.php', 30, [...])
 2 SYSTEMPATH\View\View.php(213): include('APPPATH\\Views\\dashboard\\qr_code.php')
 3 SYSTEMPATH\View\View.php(216): CodeIgniter\View\View->CodeIgniter\View\{closure}()
 4 SYSTEMPATH\Common.php(1135): CodeIgniter\View\View->render('dashboard/qr_code', [], true)
 5 APPPATH\Controllers\Dashboard.php(178): view('dashboard/qr_code', [...])
 6 SYSTEMPATH\CodeIgniter.php(896): App\Controllers\Dashboard->qr_code('FCPATH\\js', 'jsfunctions.js')
 7 SYSTEMPATH\CodeIgniter.php(466): CodeIgniter\CodeIgniter->runController(Object(App\Controllers\Dashboard))
 8 SYSTEMPATH\CodeIgniter.php(349): CodeIgniter\CodeIgniter->handleRequest(null, Object(Config\Cache), false)
 9 FCPATH\index.php(55): CodeIgniter\CodeIgniter->run()
10 SYSTEMPATH\Commands\Server\rewrite.php(43): require_once('FCPATH\\index.php')
CRITICAL - 2022-09-11 10:44:42 --> Trying to access array offset on value of type null
in APPPATH\Views\dashboard\qr_code.php on line 30.
 1 APPPATH\Views\dashboard\qr_code.php(30): CodeIgniter\Debug\Exceptions->errorHandler(8, 'Trying to access array offset on value of type null', 'APPPATH\\Views\\dashboard\\qr_code.php', 30, [...])
 2 SYSTEMPATH\View\View.php(213): include('APPPATH\\Views\\dashboard\\qr_code.php')
 3 SYSTEMPATH\View\View.php(216): CodeIgniter\View\View->CodeIgniter\View\{closure}()
 4 SYSTEMPATH\Common.php(1135): CodeIgniter\View\View->render('dashboard/qr_code', [], true)
 5 APPPATH\Controllers\Dashboard.php(178): view('dashboard/qr_code', [...])
 6 SYSTEMPATH\CodeIgniter.php(896): App\Controllers\Dashboard->qr_code('FCPATH\\js', 'qrcode.js')
 7 SYSTEMPATH\CodeIgniter.php(466): CodeIgniter\CodeIgniter->runController(Object(App\Controllers\Dashboard))
 8 SYSTEMPATH\CodeIgniter.php(349): CodeIgniter\CodeIgniter->handleRequest(null, Object(Config\Cache), false)
 9 FCPATH\index.php(55): CodeIgniter\CodeIgniter->run()
10 SYSTEMPATH\Commands\Server\rewrite.php(43): require_once('FCPATH\\index.php')
CRITICAL - 2022-09-11 10:44:55 --> Trying to access array offset on value of type null
in APPPATH\Views\dashboard\qr_code.php on line 30.
 1 APPPATH\Views\dashboard\qr_code.php(30): CodeIgniter\Debug\Exceptions->errorHandler(8, 'Trying to access array offset on value of type null', 'APPPATH\\Views\\dashboard\\qr_code.php', 30, [...])
 2 SYSTEMPATH\View\View.php(213): include('APPPATH\\Views\\dashboard\\qr_code.php')
 3 SYSTEMPATH\View\View.php(216): CodeIgniter\View\View->CodeIgniter\View\{closure}()
 4 SYSTEMPATH\Common.php(1135): CodeIgniter\View\View->render('dashboard/qr_code', [], true)
 5 APPPATH\Controllers\Dashboard.php(178): view('dashboard/qr_code', [...])
 6 SYSTEMPATH\CodeIgniter.php(896): App\Controllers\Dashboard->qr_code('FCPATH\\js', 'jsfunctions.js')
 7 SYSTEMPATH\CodeIgniter.php(466): CodeIgniter\CodeIgniter->runController(Object(App\Controllers\Dashboard))
 8 SYSTEMPATH\CodeIgniter.php(349): CodeIgniter\CodeIgniter->handleRequest(null, Object(Config\Cache), false)
 9 FCPATH\index.php(55): CodeIgniter\CodeIgniter->run()
10 SYSTEMPATH\Commands\Server\rewrite.php(43): require_once('FCPATH\\index.php')
CRITICAL - 2022-09-11 10:44:55 --> Trying to access array offset on value of type null
in APPPATH\Views\dashboard\qr_code.php on line 30.
 1 APPPATH\Views\dashboard\qr_code.php(30): CodeIgniter\Debug\Exceptions->errorHandler(8, 'Trying to access array offset on value of type null', 'APPPATH\\Views\\dashboard\\qr_code.php', 30, [...])
 2 SYSTEMPATH\View\View.php(213): include('APPPATH\\Views\\dashboard\\qr_code.php')
 3 SYSTEMPATH\View\View.php(216): CodeIgniter\View\View->CodeIgniter\View\{closure}()
 4 SYSTEMPATH\Common.php(1135): CodeIgniter\View\View->render('dashboard/qr_code', [], true)
 5 APPPATH\Controllers\Dashboard.php(178): view('dashboard/qr_code', [...])
 6 SYSTEMPATH\CodeIgniter.php(896): App\Controllers\Dashboard->qr_code('FCPATH\\js', 'qrcode.js')
 7 SYSTEMPATH\CodeIgniter.php(466): CodeIgniter\CodeIgniter->runController(Object(App\Controllers\Dashboard))
 8 SYSTEMPATH\CodeIgniter.php(349): CodeIgniter\CodeIgniter->handleRequest(null, Object(Config\Cache), false)
 9 FCPATH\index.php(55): CodeIgniter\CodeIgniter->run()
10 SYSTEMPATH\Commands\Server\rewrite.php(43): require_once('FCPATH\\index.php')
CRITICAL - 2022-09-11 10:45:01 --> Trying to access array offset on value of type null
in APPPATH\Views\dashboard\qr_code.php on line 30.
 1 APPPATH\Views\dashboard\qr_code.php(30): CodeIgniter\Debug\Exceptions->errorHandler(8, 'Trying to access array offset on value of type null', 'APPPATH\\Views\\dashboard\\qr_code.php', 30, [...])
 2 SYSTEMPATH\View\View.php(213): include('APPPATH\\Views\\dashboard\\qr_code.php')
 3 SYSTEMPATH\View\View.php(216): CodeIgniter\View\View->CodeIgniter\View\{closure}()
 4 SYSTEMPATH\Common.php(1135): CodeIgniter\View\View->render('dashboard/qr_code', [], true)
 5 APPPATH\Controllers\Dashboard.php(178): view('dashboard/qr_code', [...])
 6 SYSTEMPATH\CodeIgniter.php(896): App\Controllers\Dashboard->qr_code('FCPATH\\js', 'jsfunctions.js')
 7 SYSTEMPATH\CodeIgniter.php(466): CodeIgniter\CodeIgniter->runController(Object(App\Controllers\Dashboard))
 8 SYSTEMPATH\CodeIgniter.php(349): CodeIgniter\CodeIgniter->handleRequest(null, Object(Config\Cache), false)
 9 FCPATH\index.php(55): CodeIgniter\CodeIgniter->run()
10 SYSTEMPATH\Commands\Server\rewrite.php(43): require_once('FCPATH\\index.php')
CRITICAL - 2022-09-11 10:45:01 --> Trying to access array offset on value of type null
in APPPATH\Views\dashboard\qr_code.php on line 30.
 1 APPPATH\Views\dashboard\qr_code.php(30): CodeIgniter\Debug\Exceptions->errorHandler(8, 'Trying to access array offset on value of type null', 'APPPATH\\Views\\dashboard\\qr_code.php', 30, [...])
 2 SYSTEMPATH\View\View.php(213): include('APPPATH\\Views\\dashboard\\qr_code.php')
 3 SYSTEMPATH\View\View.php(216): CodeIgniter\View\View->CodeIgniter\View\{closure}()
 4 SYSTEMPATH\Common.php(1135): CodeIgniter\View\View->render('dashboard/qr_code', [], true)
 5 APPPATH\Controllers\Dashboard.php(178): view('dashboard/qr_code', [...])
 6 SYSTEMPATH\CodeIgniter.php(896): App\Controllers\Dashboard->qr_code('FCPATH\\js', 'qrcode.js')
 7 SYSTEMPATH\CodeIgniter.php(466): CodeIgniter\CodeIgniter->runController(Object(App\Controllers\Dashboard))
 8 SYSTEMPATH\CodeIgniter.php(349): CodeIgniter\CodeIgniter->handleRequest(null, Object(Config\Cache), false)
 9 FCPATH\index.php(55): CodeIgniter\CodeIgniter->run()
10 SYSTEMPATH\Commands\Server\rewrite.php(43): require_once('FCPATH\\index.php')
CRITICAL - 2022-09-11 10:45:08 --> Trying to access array offset on value of type null
in APPPATH\Views\dashboard\qr_code.php on line 30.
 1 APPPATH\Views\dashboard\qr_code.php(30): CodeIgniter\Debug\Exceptions->errorHandler(8, 'Trying to access array offset on value of type null', 'APPPATH\\Views\\dashboard\\qr_code.php', 30, [...])
 2 SYSTEMPATH\View\View.php(213): include('APPPATH\\Views\\dashboard\\qr_code.php')
 3 SYSTEMPATH\View\View.php(216): CodeIgniter\View\View->CodeIgniter\View\{closure}()
 4 SYSTEMPATH\Common.php(1135): CodeIgniter\View\View->render('dashboard/qr_code', [], true)
 5 APPPATH\Controllers\Dashboard.php(178): view('dashboard/qr_code', [...])
 6 SYSTEMPATH\CodeIgniter.php(896): App\Controllers\Dashboard->qr_code('FCPATH\\js', 'jsfunctions.js')
 7 SYSTEMPATH\CodeIgniter.php(466): CodeIgniter\CodeIgniter->runController(Object(App\Controllers\Dashboard))
 8 SYSTEMPATH\CodeIgniter.php(349): CodeIgniter\CodeIgniter->handleRequest(null, Object(Config\Cache), false)
 9 FCPATH\index.php(55): CodeIgniter\CodeIgniter->run()
10 SYSTEMPATH\Commands\Server\rewrite.php(43): require_once('FCPATH\\index.php')
CRITICAL - 2022-09-11 10:45:08 --> Trying to access array offset on value of type null
in APPPATH\Views\dashboard\qr_code.php on line 30.
 1 APPPATH\Views\dashboard\qr_code.php(30): CodeIgniter\Debug\Exceptions->errorHandler(8, 'Trying to access array offset on value of type null', 'APPPATH\\Views\\dashboard\\qr_code.php', 30, [...])
 2 SYSTEMPATH\View\View.php(213): include('APPPATH\\Views\\dashboard\\qr_code.php')
 3 SYSTEMPATH\View\View.php(216): CodeIgniter\View\View->CodeIgniter\View\{closure}()
 4 SYSTEMPATH\Common.php(1135): CodeIgniter\View\View->render('dashboard/qr_code', [], true)
 5 APPPATH\Controllers\Dashboard.php(178): view('dashboard/qr_code', [...])
 6 SYSTEMPATH\CodeIgniter.php(896): App\Controllers\Dashboard->qr_code('FCPATH\\js', 'qrcode.js')
 7 SYSTEMPATH\CodeIgniter.php(466): CodeIgniter\CodeIgniter->runController(Object(App\Controllers\Dashboard))
 8 SYSTEMPATH\CodeIgniter.php(349): CodeIgniter\CodeIgniter->handleRequest(null, Object(Config\Cache), false)
 9 FCPATH\index.php(55): CodeIgniter\CodeIgniter->run()
10 SYSTEMPATH\Commands\Server\rewrite.php(43): require_once('FCPATH\\index.php')
CRITICAL - 2022-09-11 10:45:16 --> Trying to access array offset on value of type null
in APPPATH\Views\dashboard\qr_code.php on line 30.
 1 APPPATH\Views\dashboard\qr_code.php(30): CodeIgniter\Debug\Exceptions->errorHandler(8, 'Trying to access array offset on value of type null', 'APPPATH\\Views\\dashboard\\qr_code.php', 30, [...])
 2 SYSTEMPATH\View\View.php(213): include('APPPATH\\Views\\dashboard\\qr_code.php')
 3 SYSTEMPATH\View\View.php(216): CodeIgniter\View\View->CodeIgniter\View\{closure}()
 4 SYSTEMPATH\Common.php(1135): CodeIgniter\View\View->render('dashboard/qr_code', [], true)
 5 APPPATH\Controllers\Dashboard.php(178): view('dashboard/qr_code', [...])
 6 SYSTEMPATH\CodeIgniter.php(896): App\Controllers\Dashboard->qr_code('FCPATH\\js', 'jsfunctions.js')
 7 SYSTEMPATH\CodeIgniter.php(466): CodeIgniter\CodeIgniter->runController(Object(App\Controllers\Dashboard))
 8 SYSTEMPATH\CodeIgniter.php(349): CodeIgniter\CodeIgniter->handleRequest(null, Object(Config\Cache), false)
 9 FCPATH\index.php(55): CodeIgniter\CodeIgniter->run()
10 SYSTEMPATH\Commands\Server\rewrite.php(43): require_once('FCPATH\\index.php')
CRITICAL - 2022-09-11 10:45:16 --> Trying to access array offset on value of type null
in APPPATH\Views\dashboard\qr_code.php on line 30.
 1 APPPATH\Views\dashboard\qr_code.php(30): CodeIgniter\Debug\Exceptions->errorHandler(8, 'Trying to access array offset on value of type null', 'APPPATH\\Views\\dashboard\\qr_code.php', 30, [...])
 2 SYSTEMPATH\View\View.php(213): include('APPPATH\\Views\\dashboard\\qr_code.php')
 3 SYSTEMPATH\View\View.php(216): CodeIgniter\View\View->CodeIgniter\View\{closure}()
 4 SYSTEMPATH\Common.php(1135): CodeIgniter\View\View->render('dashboard/qr_code', [], true)
 5 APPPATH\Controllers\Dashboard.php(178): view('dashboard/qr_code', [...])
 6 SYSTEMPATH\CodeIgniter.php(896): App\Controllers\Dashboard->qr_code('FCPATH\\js', 'qrcode.js')
 7 SYSTEMPATH\CodeIgniter.php(466): CodeIgniter\CodeIgniter->runController(Object(App\Controllers\Dashboard))
 8 SYSTEMPATH\CodeIgniter.php(349): CodeIgniter\CodeIgniter->handleRequest(null, Object(Config\Cache), false)
 9 FCPATH\index.php(55): CodeIgniter\CodeIgniter->run()
10 SYSTEMPATH\Commands\Server\rewrite.php(43): require_once('FCPATH\\index.php')
CRITICAL - 2022-09-11 10:46:17 --> Trying to access array offset on value of type null
in APPPATH\Views\dashboard\qr_code.php on line 30.
 1 APPPATH\Views\dashboard\qr_code.php(30): CodeIgniter\Debug\Exceptions->errorHandler(8, 'Trying to access array offset on value of type null', 'APPPATH\\Views\\dashboard\\qr_code.php', 30, [...])
 2 SYSTEMPATH\View\View.php(213): include('APPPATH\\Views\\dashboard\\qr_code.php')
 3 SYSTEMPATH\View\View.php(216): CodeIgniter\View\View->CodeIgniter\View\{closure}()
 4 SYSTEMPATH\Common.php(1135): CodeIgniter\View\View->render('dashboard/qr_code', [], true)
 5 APPPATH\Controllers\Dashboard.php(178): view('dashboard/qr_code', [...])
 6 SYSTEMPATH\CodeIgniter.php(896): App\Controllers\Dashboard->qr_code('FCPATH\\js', 'jsfunctions.js')
 7 SYSTEMPATH\CodeIgniter.php(466): CodeIgniter\CodeIgniter->runController(Object(App\Controllers\Dashboard))
 8 SYSTEMPATH\CodeIgniter.php(349): CodeIgniter\CodeIgniter->handleRequest(null, Object(Config\Cache), false)
 9 FCPATH\index.php(55): CodeIgniter\CodeIgniter->run()
10 SYSTEMPATH\Commands\Server\rewrite.php(43): require_once('FCPATH\\index.php')
CRITICAL - 2022-09-11 10:46:17 --> Trying to access array offset on value of type null
in APPPATH\Views\dashboard\qr_code.php on line 30.
 1 APPPATH\Views\dashboard\qr_code.php(30): CodeIgniter\Debug\Exceptions->errorHandler(8, 'Trying to access array offset on value of type null', 'APPPATH\\Views\\dashboard\\qr_code.php', 30, [...])
 2 SYSTEMPATH\View\View.php(213): include('APPPATH\\Views\\dashboard\\qr_code.php')
 3 SYSTEMPATH\View\View.php(216): CodeIgniter\View\View->CodeIgniter\View\{closure}()
 4 SYSTEMPATH\Common.php(1135): CodeIgniter\View\View->render('dashboard/qr_code', [], true)
 5 APPPATH\Controllers\Dashboard.php(178): view('dashboard/qr_code', [...])
 6 SYSTEMPATH\CodeIgniter.php(896): App\Controllers\Dashboard->qr_code('FCPATH\\js', 'qrcode.js')
 7 SYSTEMPATH\CodeIgniter.php(466): CodeIgniter\CodeIgniter->runController(Object(App\Controllers\Dashboard))
 8 SYSTEMPATH\CodeIgniter.php(349): CodeIgniter\CodeIgniter->handleRequest(null, Object(Config\Cache), false)
 9 FCPATH\index.php(55): CodeIgniter\CodeIgniter->run()
10 SYSTEMPATH\Commands\Server\rewrite.php(43): require_once('FCPATH\\index.php')
CRITICAL - 2022-09-11 10:46:28 --> Trying to access array offset on value of type null
in APPPATH\Views\dashboard\qr_code.php on line 30.
 1 APPPATH\Views\dashboard\qr_code.php(30): CodeIgniter\Debug\Exceptions->errorHandler(8, 'Trying to access array offset on value of type null', 'APPPATH\\Views\\dashboard\\qr_code.php', 30, [...])
 2 SYSTEMPATH\View\View.php(213): include('APPPATH\\Views\\dashboard\\qr_code.php')
 3 SYSTEMPATH\View\View.php(216): CodeIgniter\View\View->CodeIgniter\View\{closure}()
 4 SYSTEMPATH\Common.php(1135): CodeIgniter\View\View->render('dashboard/qr_code', [], true)
 5 APPPATH\Controllers\Dashboard.php(178): view('dashboard/qr_code', [...])
 6 SYSTEMPATH\CodeIgniter.php(896): App\Controllers\Dashboard->qr_code('FCPATH\\js', 'jsfunctions.js')
 7 SYSTEMPATH\CodeIgniter.php(466): CodeIgniter\CodeIgniter->runController(Object(App\Controllers\Dashboard))
 8 SYSTEMPATH\CodeIgniter.php(349): CodeIgniter\CodeIgniter->handleRequest(null, Object(Config\Cache), false)
 9 FCPATH\index.php(55): CodeIgniter\CodeIgniter->run()
10 SYSTEMPATH\Commands\Server\rewrite.php(43): require_once('FCPATH\\index.php')
CRITICAL - 2022-09-11 10:46:29 --> Trying to access array offset on value of type null
in APPPATH\Views\dashboard\qr_code.php on line 30.
 1 APPPATH\Views\dashboard\qr_code.php(30): CodeIgniter\Debug\Exceptions->errorHandler(8, 'Trying to access array offset on value of type null', 'APPPATH\\Views\\dashboard\\qr_code.php', 30, [...])
 2 SYSTEMPATH\View\View.php(213): include('APPPATH\\Views\\dashboard\\qr_code.php')
 3 SYSTEMPATH\View\View.php(216): CodeIgniter\View\View->CodeIgniter\View\{closure}()
 4 SYSTEMPATH\Common.php(1135): CodeIgniter\View\View->render('dashboard/qr_code', [], true)
 5 APPPATH\Controllers\Dashboard.php(178): view('dashboard/qr_code', [...])
 6 SYSTEMPATH\CodeIgniter.php(896): App\Controllers\Dashboard->qr_code('FCPATH\\js', 'qrcode.js')
 7 SYSTEMPATH\CodeIgniter.php(466): CodeIgniter\CodeIgniter->runController(Object(App\Controllers\Dashboard))
 8 SYSTEMPATH\CodeIgniter.php(349): CodeIgniter\CodeIgniter->handleRequest(null, Object(Config\Cache), false)
 9 FCPATH\index.php(55): CodeIgniter\CodeIgniter->run()
10 SYSTEMPATH\Commands\Server\rewrite.php(43): require_once('FCPATH\\index.php')
CRITICAL - 2022-09-11 10:46:35 --> Trying to access array offset on value of type null
in APPPATH\Views\dashboard\qr_code.php on line 30.
 1 APPPATH\Views\dashboard\qr_code.php(30): CodeIgniter\Debug\Exceptions->errorHandler(8, 'Trying to access array offset on value of type null', 'APPPATH\\Views\\dashboard\\qr_code.php', 30, [...])
 2 SYSTEMPATH\View\View.php(213): include('APPPATH\\Views\\dashboard\\qr_code.php')
 3 SYSTEMPATH\View\View.php(216): CodeIgniter\View\View->CodeIgniter\View\{closure}()
 4 SYSTEMPATH\Common.php(1135): CodeIgniter\View\View->render('dashboard/qr_code', [], true)
 5 APPPATH\Controllers\Dashboard.php(178): view('dashboard/qr_code', [...])
 6 SYSTEMPATH\CodeIgniter.php(896): App\Controllers\Dashboard->qr_code('FCPATH\\js', 'jsfunctions.js')
 7 SYSTEMPATH\CodeIgniter.php(466): CodeIgniter\CodeIgniter->runController(Object(App\Controllers\Dashboard))
 8 SYSTEMPATH\CodeIgniter.php(349): CodeIgniter\CodeIgniter->handleRequest(null, Object(Config\Cache), false)
 9 FCPATH\index.php(55): CodeIgniter\CodeIgniter->run()
10 SYSTEMPATH\Commands\Server\rewrite.php(43): require_once('FCPATH\\index.php')
CRITICAL - 2022-09-11 10:46:35 --> Trying to access array offset on value of type null
in APPPATH\Views\dashboard\qr_code.php on line 30.
 1 APPPATH\Views\dashboard\qr_code.php(30): CodeIgniter\Debug\Exceptions->errorHandler(8, 'Trying to access array offset on value of type null', 'APPPATH\\Views\\dashboard\\qr_code.php', 30, [...])
 2 SYSTEMPATH\View\View.php(213): include('APPPATH\\Views\\dashboard\\qr_code.php')
 3 SYSTEMPATH\View\View.php(216): CodeIgniter\View\View->CodeIgniter\View\{closure}()
 4 SYSTEMPATH\Common.php(1135): CodeIgniter\View\View->render('dashboard/qr_code', [], true)
 5 APPPATH\Controllers\Dashboard.php(178): view('dashboard/qr_code', [...])
 6 SYSTEMPATH\CodeIgniter.php(896): App\Controllers\Dashboard->qr_code('FCPATH\\js', 'qrcode.js')
 7 SYSTEMPATH\CodeIgniter.php(466): CodeIgniter\CodeIgniter->runController(Object(App\Controllers\Dashboard))
 8 SYSTEMPATH\CodeIgniter.php(349): CodeIgniter\CodeIgniter->handleRequest(null, Object(Config\Cache), false)
 9 FCPATH\index.php(55): CodeIgniter\CodeIgniter->run()
10 SYSTEMPATH\Commands\Server\rewrite.php(43): require_once('FCPATH\\index.php')
CRITICAL - 2022-09-11 10:46:55 --> Trying to access array offset on value of type null
in APPPATH\Views\dashboard\qr_code.php on line 30.
 1 APPPATH\Views\dashboard\qr_code.php(30): CodeIgniter\Debug\Exceptions->errorHandler(8, 'Trying to access array offset on value of type null', 'APPPATH\\Views\\dashboard\\qr_code.php', 30, [...])
 2 SYSTEMPATH\View\View.php(213): include('APPPATH\\Views\\dashboard\\qr_code.php')
 3 SYSTEMPATH\View\View.php(216): CodeIgniter\View\View->CodeIgniter\View\{closure}()
 4 SYSTEMPATH\Common.php(1135): CodeIgniter\View\View->render('dashboard/qr_code', [], true)
 5 APPPATH\Controllers\Dashboard.php(178): view('dashboard/qr_code', [...])
 6 SYSTEMPATH\CodeIgniter.php(896): App\Controllers\Dashboard->qr_code('FCPATH\\js', 'jsfunctions.js')
 7 SYSTEMPATH\CodeIgniter.php(466): CodeIgniter\CodeIgniter->runController(Object(App\Controllers\Dashboard))
 8 SYSTEMPATH\CodeIgniter.php(349): CodeIgniter\CodeIgniter->handleRequest(null, Object(Config\Cache), false)
 9 FCPATH\index.php(55): CodeIgniter\CodeIgniter->run()
10 SYSTEMPATH\Commands\Server\rewrite.php(43): require_once('FCPATH\\index.php')
CRITICAL - 2022-09-11 10:46:55 --> Trying to access array offset on value of type null
in APPPATH\Views\dashboard\qr_code.php on line 30.
 1 APPPATH\Views\dashboard\qr_code.php(30): CodeIgniter\Debug\Exceptions->errorHandler(8, 'Trying to access array offset on value of type null', 'APPPATH\\Views\\dashboard\\qr_code.php', 30, [...])
 2 SYSTEMPATH\View\View.php(213): include('APPPATH\\Views\\dashboard\\qr_code.php')
 3 SYSTEMPATH\View\View.php(216): CodeIgniter\View\View->CodeIgniter\View\{closure}()
 4 SYSTEMPATH\Common.php(1135): CodeIgniter\View\View->render('dashboard/qr_code', [], true)
 5 APPPATH\Controllers\Dashboard.php(178): view('dashboard/qr_code', [...])
 6 SYSTEMPATH\CodeIgniter.php(896): App\Controllers\Dashboard->qr_code('FCPATH\\js', 'qrcode.js')
 7 SYSTEMPATH\CodeIgniter.php(466): CodeIgniter\CodeIgniter->runController(Object(App\Controllers\Dashboard))
 8 SYSTEMPATH\CodeIgniter.php(349): CodeIgniter\CodeIgniter->handleRequest(null, Object(Config\Cache), false)
 9 FCPATH\index.php(55): CodeIgniter\CodeIgniter->run()
10 SYSTEMPATH\Commands\Server\rewrite.php(43): require_once('FCPATH\\index.php')
CRITICAL - 2022-09-11 10:47:01 --> Trying to access array offset on value of type null
in APPPATH\Views\dashboard\qr_code.php on line 30.
 1 APPPATH\Views\dashboard\qr_code.php(30): CodeIgniter\Debug\Exceptions->errorHandler(8, 'Trying to access array offset on value of type null', 'APPPATH\\Views\\dashboard\\qr_code.php', 30, [...])
 2 SYSTEMPATH\View\View.php(213): include('APPPATH\\Views\\dashboard\\qr_code.php')
 3 SYSTEMPATH\View\View.php(216): CodeIgniter\View\View->CodeIgniter\View\{closure}()
 4 SYSTEMPATH\Common.php(1135): CodeIgniter\View\View->render('dashboard/qr_code', [], true)
 5 APPPATH\Controllers\Dashboard.php(178): view('dashboard/qr_code', [...])
 6 SYSTEMPATH\CodeIgniter.php(896): App\Controllers\Dashboard->qr_code('FCPATH\\js', 'jsfunctions.js')
 7 SYSTEMPATH\CodeIgniter.php(466): CodeIgniter\CodeIgniter->runController(Object(App\Controllers\Dashboard))
 8 SYSTEMPATH\CodeIgniter.php(349): CodeIgniter\CodeIgniter->handleRequest(null, Object(Config\Cache), false)
 9 FCPATH\index.php(55): CodeIgniter\CodeIgniter->run()
10 SYSTEMPATH\Commands\Server\rewrite.php(43): require_once('FCPATH\\index.php')
CRITICAL - 2022-09-11 10:47:01 --> Trying to access array offset on value of type null
in APPPATH\Views\dashboard\qr_code.php on line 30.
 1 APPPATH\Views\dashboard\qr_code.php(30): CodeIgniter\Debug\Exceptions->errorHandler(8, 'Trying to access array offset on value of type null', 'APPPATH\\Views\\dashboard\\qr_code.php', 30, [...])
 2 SYSTEMPATH\View\View.php(213): include('APPPATH\\Views\\dashboard\\qr_code.php')
 3 SYSTEMPATH\View\View.php(216): CodeIgniter\View\View->CodeIgniter\View\{closure}()
 4 SYSTEMPATH\Common.php(1135): CodeIgniter\View\View->render('dashboard/qr_code', [], true)
 5 APPPATH\Controllers\Dashboard.php(178): view('dashboard/qr_code', [...])
 6 SYSTEMPATH\CodeIgniter.php(896): App\Controllers\Dashboard->qr_code('FCPATH\\js', 'qrcode.js')
 7 SYSTEMPATH\CodeIgniter.php(466): CodeIgniter\CodeIgniter->runController(Object(App\Controllers\Dashboard))
 8 SYSTEMPATH\CodeIgniter.php(349): CodeIgniter\CodeIgniter->handleRequest(null, Object(Config\Cache), false)
 9 FCPATH\index.php(55): CodeIgniter\CodeIgniter->run()
10 SYSTEMPATH\Commands\Server\rewrite.php(43): require_once('FCPATH\\index.php')
CRITICAL - 2022-09-11 10:47:13 --> Trying to access array offset on value of type null
in APPPATH\Views\dashboard\qr_code.php on line 30.
 1 APPPATH\Views\dashboard\qr_code.php(30): CodeIgniter\Debug\Exceptions->errorHandler(8, 'Trying to access array offset on value of type null', 'APPPATH\\Views\\dashboard\\qr_code.php', 30, [...])
 2 SYSTEMPATH\View\View.php(213): include('APPPATH\\Views\\dashboard\\qr_code.php')
 3 SYSTEMPATH\View\View.php(216): CodeIgniter\View\View->CodeIgniter\View\{closure}()
 4 SYSTEMPATH\Common.php(1135): CodeIgniter\View\View->render('dashboard/qr_code', [], true)
 5 APPPATH\Controllers\Dashboard.php(178): view('dashboard/qr_code', [...])
 6 SYSTEMPATH\CodeIgniter.php(896): App\Controllers\Dashboard->qr_code('FCPATH\\js', 'jsfunctions.js')
 7 SYSTEMPATH\CodeIgniter.php(466): CodeIgniter\CodeIgniter->runController(Object(App\Controllers\Dashboard))
 8 SYSTEMPATH\CodeIgniter.php(349): CodeIgniter\CodeIgniter->handleRequest(null, Object(Config\Cache), false)
 9 FCPATH\index.php(55): CodeIgniter\CodeIgniter->run()
10 SYSTEMPATH\Commands\Server\rewrite.php(43): require_once('FCPATH\\index.php')
CRITICAL - 2022-09-11 10:47:13 --> Trying to access array offset on value of type null
in APPPATH\Views\dashboard\qr_code.php on line 30.
 1 APPPATH\Views\dashboard\qr_code.php(30): CodeIgniter\Debug\Exceptions->errorHandler(8, 'Trying to access array offset on value of type null', 'APPPATH\\Views\\dashboard\\qr_code.php', 30, [...])
 2 SYSTEMPATH\View\View.php(213): include('APPPATH\\Views\\dashboard\\qr_code.php')
 3 SYSTEMPATH\View\View.php(216): CodeIgniter\View\View->CodeIgniter\View\{closure}()
 4 SYSTEMPATH\Common.php(1135): CodeIgniter\View\View->render('dashboard/qr_code', [], true)
 5 APPPATH\Controllers\Dashboard.php(178): view('dashboard/qr_code', [...])
 6 SYSTEMPATH\CodeIgniter.php(896): App\Controllers\Dashboard->qr_code('FCPATH\\js', 'qrcode.js')
 7 SYSTEMPATH\CodeIgniter.php(466): CodeIgniter\CodeIgniter->runController(Object(App\Controllers\Dashboard))
 8 SYSTEMPATH\CodeIgniter.php(349): CodeIgniter\CodeIgniter->handleRequest(null, Object(Config\Cache), false)
 9 FCPATH\index.php(55): CodeIgniter\CodeIgniter->run()
10 SYSTEMPATH\Commands\Server\rewrite.php(43): require_once('FCPATH\\index.php')
CRITICAL - 2022-09-11 10:47:21 --> Trying to access array offset on value of type null
in APPPATH\Views\dashboard\qr_code.php on line 30.
 1 APPPATH\Views\dashboard\qr_code.php(30): CodeIgniter\Debug\Exceptions->errorHandler(8, 'Trying to access array offset on value of type null', 'APPPATH\\Views\\dashboard\\qr_code.php', 30, [...])
 2 SYSTEMPATH\View\View.php(213): include('APPPATH\\Views\\dashboard\\qr_code.php')
 3 SYSTEMPATH\View\View.php(216): CodeIgniter\View\View->CodeIgniter\View\{closure}()
 4 SYSTEMPATH\Common.php(1135): CodeIgniter\View\View->render('dashboard/qr_code', [], true)
 5 APPPATH\Controllers\Dashboard.php(178): view('dashboard/qr_code', [...])
 6 SYSTEMPATH\CodeIgniter.php(896): App\Controllers\Dashboard->qr_code('FCPATH\\js', 'jsfunctions.js')
 7 SYSTEMPATH\CodeIgniter.php(466): CodeIgniter\CodeIgniter->runController(Object(App\Controllers\Dashboard))
 8 SYSTEMPATH\CodeIgniter.php(349): CodeIgniter\CodeIgniter->handleRequest(null, Object(Config\Cache), false)
 9 FCPATH\index.php(55): CodeIgniter\CodeIgniter->run()
10 SYSTEMPATH\Commands\Server\rewrite.php(43): require_once('FCPATH\\index.php')
CRITICAL - 2022-09-11 10:47:21 --> Trying to access array offset on value of type null
in APPPATH\Views\dashboard\qr_code.php on line 30.
 1 APPPATH\Views\dashboard\qr_code.php(30): CodeIgniter\Debug\Exceptions->errorHandler(8, 'Trying to access array offset on value of type null', 'APPPATH\\Views\\dashboard\\qr_code.php', 30, [...])
 2 SYSTEMPATH\View\View.php(213): include('APPPATH\\Views\\dashboard\\qr_code.php')
 3 SYSTEMPATH\View\View.php(216): CodeIgniter\View\View->CodeIgniter\View\{closure}()
 4 SYSTEMPATH\Common.php(1135): CodeIgniter\View\View->render('dashboard/qr_code', [], true)
 5 APPPATH\Controllers\Dashboard.php(178): view('dashboard/qr_code', [...])
 6 SYSTEMPATH\CodeIgniter.php(896): App\Controllers\Dashboard->qr_code('FCPATH\\js', 'qrcode.js')
 7 SYSTEMPATH\CodeIgniter.php(466): CodeIgniter\CodeIgniter->runController(Object(App\Controllers\Dashboard))
 8 SYSTEMPATH\CodeIgniter.php(349): CodeIgniter\CodeIgniter->handleRequest(null, Object(Config\Cache), false)
 9 FCPATH\index.php(55): CodeIgniter\CodeIgniter->run()
10 SYSTEMPATH\Commands\Server\rewrite.php(43): require_once('FCPATH\\index.php')
CRITICAL - 2022-09-11 10:47:28 --> Trying to access array offset on value of type null
in APPPATH\Views\dashboard\qr_code.php on line 30.
 1 APPPATH\Views\dashboard\qr_code.php(30): CodeIgniter\Debug\Exceptions->errorHandler(8, 'Trying to access array offset on value of type null', 'APPPATH\\Views\\dashboard\\qr_code.php', 30, [...])
 2 SYSTEMPATH\View\View.php(213): include('APPPATH\\Views\\dashboard\\qr_code.php')
 3 SYSTEMPATH\View\View.php(216): CodeIgniter\View\View->CodeIgniter\View\{closure}()
 4 SYSTEMPATH\Common.php(1135): CodeIgniter\View\View->render('dashboard/qr_code', [], true)
 5 APPPATH\Controllers\Dashboard.php(178): view('dashboard/qr_code', [...])
 6 SYSTEMPATH\CodeIgniter.php(896): App\Controllers\Dashboard->qr_code('FCPATH\\js', 'jsfunctions.js')
 7 SYSTEMPATH\CodeIgniter.php(466): CodeIgniter\CodeIgniter->runController(Object(App\Controllers\Dashboard))
 8 SYSTEMPATH\CodeIgniter.php(349): CodeIgniter\CodeIgniter->handleRequest(null, Object(Config\Cache), false)
 9 FCPATH\index.php(55): CodeIgniter\CodeIgniter->run()
10 SYSTEMPATH\Commands\Server\rewrite.php(43): require_once('FCPATH\\index.php')
CRITICAL - 2022-09-11 10:47:28 --> Trying to access array offset on value of type null
in APPPATH\Views\dashboard\qr_code.php on line 30.
 1 APPPATH\Views\dashboard\qr_code.php(30): CodeIgniter\Debug\Exceptions->errorHandler(8, 'Trying to access array offset on value of type null', 'APPPATH\\Views\\dashboard\\qr_code.php', 30, [...])
 2 SYSTEMPATH\View\View.php(213): include('APPPATH\\Views\\dashboard\\qr_code.php')
 3 SYSTEMPATH\View\View.php(216): CodeIgniter\View\View->CodeIgniter\View\{closure}()
 4 SYSTEMPATH\Common.php(1135): CodeIgniter\View\View->render('dashboard/qr_code', [], true)
 5 APPPATH\Controllers\Dashboard.php(178): view('dashboard/qr_code', [...])
 6 SYSTEMPATH\CodeIgniter.php(896): App\Controllers\Dashboard->qr_code('FCPATH\\js', 'qrcode.js')
 7 SYSTEMPATH\CodeIgniter.php(466): CodeIgniter\CodeIgniter->runController(Object(App\Controllers\Dashboard))
 8 SYSTEMPATH\CodeIgniter.php(349): CodeIgniter\CodeIgniter->handleRequest(null, Object(Config\Cache), false)
 9 FCPATH\index.php(55): CodeIgniter\CodeIgniter->run()
10 SYSTEMPATH\Commands\Server\rewrite.php(43): require_once('FCPATH\\index.php')
CRITICAL - 2022-09-11 10:47:33 --> Trying to access array offset on value of type null
in APPPATH\Views\dashboard\qr_code.php on line 30.
 1 APPPATH\Views\dashboard\qr_code.php(30): CodeIgniter\Debug\Exceptions->errorHandler(8, 'Trying to access array offset on value of type null', 'APPPATH\\Views\\dashboard\\qr_code.php', 30, [...])
 2 SYSTEMPATH\View\View.php(213): include('APPPATH\\Views\\dashboard\\qr_code.php')
 3 SYSTEMPATH\View\View.php(216): CodeIgniter\View\View->CodeIgniter\View\{closure}()
 4 SYSTEMPATH\Common.php(1135): CodeIgniter\View\View->render('dashboard/qr_code', [], true)
 5 APPPATH\Controllers\Dashboard.php(178): view('dashboard/qr_code', [...])
 6 SYSTEMPATH\CodeIgniter.php(896): App\Controllers\Dashboard->qr_code('FCPATH\\js', 'jsfunctions.js')
 7 SYSTEMPATH\CodeIgniter.php(466): CodeIgniter\CodeIgniter->runController(Object(App\Controllers\Dashboard))
 8 SYSTEMPATH\CodeIgniter.php(349): CodeIgniter\CodeIgniter->handleRequest(null, Object(Config\Cache), false)
 9 FCPATH\index.php(55): CodeIgniter\CodeIgniter->run()
10 SYSTEMPATH\Commands\Server\rewrite.php(43): require_once('FCPATH\\index.php')
CRITICAL - 2022-09-11 10:47:33 --> Trying to access array offset on value of type null
in APPPATH\Views\dashboard\qr_code.php on line 30.
 1 APPPATH\Views\dashboard\qr_code.php(30): CodeIgniter\Debug\Exceptions->errorHandler(8, 'Trying to access array offset on value of type null', 'APPPATH\\Views\\dashboard\\qr_code.php', 30, [...])
 2 SYSTEMPATH\View\View.php(213): include('APPPATH\\Views\\dashboard\\qr_code.php')
 3 SYSTEMPATH\View\View.php(216): CodeIgniter\View\View->CodeIgniter\View\{closure}()
 4 SYSTEMPATH\Common.php(1135): CodeIgniter\View\View->render('dashboard/qr_code', [], true)
 5 APPPATH\Controllers\Dashboard.php(178): view('dashboard/qr_code', [...])
 6 SYSTEMPATH\CodeIgniter.php(896): App\Controllers\Dashboard->qr_code('FCPATH\\js', 'qrcode.js')
 7 SYSTEMPATH\CodeIgniter.php(466): CodeIgniter\CodeIgniter->runController(Object(App\Controllers\Dashboard))
 8 SYSTEMPATH\CodeIgniter.php(349): CodeIgniter\CodeIgniter->handleRequest(null, Object(Config\Cache), false)
 9 FCPATH\index.php(55): CodeIgniter\CodeIgniter->run()
10 SYSTEMPATH\Commands\Server\rewrite.php(43): require_once('FCPATH\\index.php')
CRITICAL - 2022-09-11 10:48:12 --> Trying to access array offset on value of type null
in APPPATH\Views\dashboard\qr_code.php on line 30.
 1 APPPATH\Views\dashboard\qr_code.php(30): CodeIgniter\Debug\Exceptions->errorHandler(8, 'Trying to access array offset on value of type null', 'APPPATH\\Views\\dashboard\\qr_code.php', 30, [...])
 2 SYSTEMPATH\View\View.php(213): include('APPPATH\\Views\\dashboard\\qr_code.php')
 3 SYSTEMPATH\View\View.php(216): CodeIgniter\View\View->CodeIgniter\View\{closure}()
 4 SYSTEMPATH\Common.php(1135): CodeIgniter\View\View->render('dashboard/qr_code', [], true)
 5 APPPATH\Controllers\Dashboard.php(178): view('dashboard/qr_code', [...])
 6 SYSTEMPATH\CodeIgniter.php(896): App\Controllers\Dashboard->qr_code('FCPATH\\js', 'jsfunctions.js')
 7 SYSTEMPATH\CodeIgniter.php(466): CodeIgniter\CodeIgniter->runController(Object(App\Controllers\Dashboard))
 8 SYSTEMPATH\CodeIgniter.php(349): CodeIgniter\CodeIgniter->handleRequest(null, Object(Config\Cache), false)
 9 FCPATH\index.php(55): CodeIgniter\CodeIgniter->run()
10 SYSTEMPATH\Commands\Server\rewrite.php(43): require_once('FCPATH\\index.php')
CRITICAL - 2022-09-11 10:48:12 --> Trying to access array offset on value of type null
in APPPATH\Views\dashboard\qr_code.php on line 30.
 1 APPPATH\Views\dashboard\qr_code.php(30): CodeIgniter\Debug\Exceptions->errorHandler(8, 'Trying to access array offset on value of type null', 'APPPATH\\Views\\dashboard\\qr_code.php', 30, [...])
 2 SYSTEMPATH\View\View.php(213): include('APPPATH\\Views\\dashboard\\qr_code.php')
 3 SYSTEMPATH\View\View.php(216): CodeIgniter\View\View->CodeIgniter\View\{closure}()
 4 SYSTEMPATH\Common.php(1135): CodeIgniter\View\View->render('dashboard/qr_code', [], true)
 5 APPPATH\Controllers\Dashboard.php(178): view('dashboard/qr_code', [...])
 6 SYSTEMPATH\CodeIgniter.php(896): App\Controllers\Dashboard->qr_code('FCPATH\\js', 'qrcode.js')
 7 SYSTEMPATH\CodeIgniter.php(466): CodeIgniter\CodeIgniter->runController(Object(App\Controllers\Dashboard))
 8 SYSTEMPATH\CodeIgniter.php(349): CodeIgniter\CodeIgniter->handleRequest(null, Object(Config\Cache), false)
 9 FCPATH\index.php(55): CodeIgniter\CodeIgniter->run()
10 SYSTEMPATH\Commands\Server\rewrite.php(43): require_once('FCPATH\\index.php')
CRITICAL - 2022-09-11 10:48:19 --> Trying to access array offset on value of type null
in APPPATH\Views\dashboard\qr_code.php on line 30.
 1 APPPATH\Views\dashboard\qr_code.php(30): CodeIgniter\Debug\Exceptions->errorHandler(8, 'Trying to access array offset on value of type null', 'APPPATH\\Views\\dashboard\\qr_code.php', 30, [...])
 2 SYSTEMPATH\View\View.php(213): include('APPPATH\\Views\\dashboard\\qr_code.php')
 3 SYSTEMPATH\View\View.php(216): CodeIgniter\View\View->CodeIgniter\View\{closure}()
 4 SYSTEMPATH\Common.php(1135): CodeIgniter\View\View->render('dashboard/qr_code', [], true)
 5 APPPATH\Controllers\Dashboard.php(178): view('dashboard/qr_code', [...])
 6 SYSTEMPATH\CodeIgniter.php(896): App\Controllers\Dashboard->qr_code('FCPATH\\js', 'jsfunctions.js')
 7 SYSTEMPATH\CodeIgniter.php(466): CodeIgniter\CodeIgniter->runController(Object(App\Controllers\Dashboard))
 8 SYSTEMPATH\CodeIgniter.php(349): CodeIgniter\CodeIgniter->handleRequest(null, Object(Config\Cache), false)
 9 FCPATH\index.php(55): CodeIgniter\CodeIgniter->run()
10 SYSTEMPATH\Commands\Server\rewrite.php(43): require_once('FCPATH\\index.php')
CRITICAL - 2022-09-11 10:48:19 --> Trying to access array offset on value of type null
in APPPATH\Views\dashboard\qr_code.php on line 30.
 1 APPPATH\Views\dashboard\qr_code.php(30): CodeIgniter\Debug\Exceptions->errorHandler(8, 'Trying to access array offset on value of type null', 'APPPATH\\Views\\dashboard\\qr_code.php', 30, [...])
 2 SYSTEMPATH\View\View.php(213): include('APPPATH\\Views\\dashboard\\qr_code.php')
 3 SYSTEMPATH\View\View.php(216): CodeIgniter\View\View->CodeIgniter\View\{closure}()
 4 SYSTEMPATH\Common.php(1135): CodeIgniter\View\View->render('dashboard/qr_code', [], true)
 5 APPPATH\Controllers\Dashboard.php(178): view('dashboard/qr_code', [...])
 6 SYSTEMPATH\CodeIgniter.php(896): App\Controllers\Dashboard->qr_code('FCPATH\\js', 'qrcode.js')
 7 SYSTEMPATH\CodeIgniter.php(466): CodeIgniter\CodeIgniter->runController(Object(App\Controllers\Dashboard))
 8 SYSTEMPATH\CodeIgniter.php(349): CodeIgniter\CodeIgniter->handleRequest(null, Object(Config\Cache), false)
 9 FCPATH\index.php(55): CodeIgniter\CodeIgniter->run()
10 SYSTEMPATH\Commands\Server\rewrite.php(43): require_once('FCPATH\\index.php')
CRITICAL - 2022-09-11 10:48:31 --> Trying to access array offset on value of type null
in APPPATH\Views\dashboard\qr_code.php on line 30.
 1 APPPATH\Views\dashboard\qr_code.php(30): CodeIgniter\Debug\Exceptions->errorHandler(8, 'Trying to access array offset on value of type null', 'APPPATH\\Views\\dashboard\\qr_code.php', 30, [...])
 2 SYSTEMPATH\View\View.php(213): include('APPPATH\\Views\\dashboard\\qr_code.php')
 3 SYSTEMPATH\View\View.php(216): CodeIgniter\View\View->CodeIgniter\View\{closure}()
 4 SYSTEMPATH\Common.php(1135): CodeIgniter\View\View->render('dashboard/qr_code', [], true)
 5 APPPATH\Controllers\Dashboard.php(178): view('dashboard/qr_code', [...])
 6 SYSTEMPATH\CodeIgniter.php(896): App\Controllers\Dashboard->qr_code('FCPATH\\js', 'jsfunctions.js')
 7 SYSTEMPATH\CodeIgniter.php(466): CodeIgniter\CodeIgniter->runController(Object(App\Controllers\Dashboard))
 8 SYSTEMPATH\CodeIgniter.php(349): CodeIgniter\CodeIgniter->handleRequest(null, Object(Config\Cache), false)
 9 FCPATH\index.php(55): CodeIgniter\CodeIgniter->run()
10 SYSTEMPATH\Commands\Server\rewrite.php(43): require_once('FCPATH\\index.php')
CRITICAL - 2022-09-11 10:48:31 --> Trying to access array offset on value of type null
in APPPATH\Views\dashboard\qr_code.php on line 30.
 1 APPPATH\Views\dashboard\qr_code.php(30): CodeIgniter\Debug\Exceptions->errorHandler(8, 'Trying to access array offset on value of type null', 'APPPATH\\Views\\dashboard\\qr_code.php', 30, [...])
 2 SYSTEMPATH\View\View.php(213): include('APPPATH\\Views\\dashboard\\qr_code.php')
 3 SYSTEMPATH\View\View.php(216): CodeIgniter\View\View->CodeIgniter\View\{closure}()
 4 SYSTEMPATH\Common.php(1135): CodeIgniter\View\View->render('dashboard/qr_code', [], true)
 5 APPPATH\Controllers\Dashboard.php(178): view('dashboard/qr_code', [...])
 6 SYSTEMPATH\CodeIgniter.php(896): App\Controllers\Dashboard->qr_code('FCPATH\\js', 'qrcode.js')
 7 SYSTEMPATH\CodeIgniter.php(466): CodeIgniter\CodeIgniter->runController(Object(App\Controllers\Dashboard))
 8 SYSTEMPATH\CodeIgniter.php(349): CodeIgniter\CodeIgniter->handleRequest(null, Object(Config\Cache), false)
 9 FCPATH\index.php(55): CodeIgniter\CodeIgniter->run()
10 SYSTEMPATH\Commands\Server\rewrite.php(43): require_once('FCPATH\\index.php')
CRITICAL - 2022-09-11 10:48:36 --> Trying to access array offset on value of type null
in APPPATH\Views\dashboard\qr_code.php on line 30.
 1 APPPATH\Views\dashboard\qr_code.php(30): CodeIgniter\Debug\Exceptions->errorHandler(8, 'Trying to access array offset on value of type null', 'APPPATH\\Views\\dashboard\\qr_code.php', 30, [...])
 2 SYSTEMPATH\View\View.php(213): include('APPPATH\\Views\\dashboard\\qr_code.php')
 3 SYSTEMPATH\View\View.php(216): CodeIgniter\View\View->CodeIgniter\View\{closure}()
 4 SYSTEMPATH\Common.php(1135): CodeIgniter\View\View->render('dashboard/qr_code', [], true)
 5 APPPATH\Controllers\Dashboard.php(178): view('dashboard/qr_code', [...])
 6 SYSTEMPATH\CodeIgniter.php(896): App\Controllers\Dashboard->qr_code('FCPATH\\js', 'jsfunctions.js')
 7 SYSTEMPATH\CodeIgniter.php(466): CodeIgniter\CodeIgniter->runController(Object(App\Controllers\Dashboard))
 8 SYSTEMPATH\CodeIgniter.php(349): CodeIgniter\CodeIgniter->handleRequest(null, Object(Config\Cache), false)
 9 FCPATH\index.php(55): CodeIgniter\CodeIgniter->run()
10 SYSTEMPATH\Commands\Server\rewrite.php(43): require_once('FCPATH\\index.php')
CRITICAL - 2022-09-11 10:48:36 --> Trying to access array offset on value of type null
in APPPATH\Views\dashboard\qr_code.php on line 30.
 1 APPPATH\Views\dashboard\qr_code.php(30): CodeIgniter\Debug\Exceptions->errorHandler(8, 'Trying to access array offset on value of type null', 'APPPATH\\Views\\dashboard\\qr_code.php', 30, [...])
 2 SYSTEMPATH\View\View.php(213): include('APPPATH\\Views\\dashboard\\qr_code.php')
 3 SYSTEMPATH\View\View.php(216): CodeIgniter\View\View->CodeIgniter\View\{closure}()
 4 SYSTEMPATH\Common.php(1135): CodeIgniter\View\View->render('dashboard/qr_code', [], true)
 5 APPPATH\Controllers\Dashboard.php(178): view('dashboard/qr_code', [...])
 6 SYSTEMPATH\CodeIgniter.php(896): App\Controllers\Dashboard->qr_code('FCPATH\\js', 'qrcode.js')
 7 SYSTEMPATH\CodeIgniter.php(466): CodeIgniter\CodeIgniter->runController(Object(App\Controllers\Dashboard))
 8 SYSTEMPATH\CodeIgniter.php(349): CodeIgniter\CodeIgniter->handleRequest(null, Object(Config\Cache), false)
 9 FCPATH\index.php(55): CodeIgniter\CodeIgniter->run()
10 SYSTEMPATH\Commands\Server\rewrite.php(43): require_once('FCPATH\\index.php')
CRITICAL - 2022-09-11 10:48:42 --> Trying to access array offset on value of type null
in APPPATH\Views\dashboard\qr_code.php on line 30.
 1 APPPATH\Views\dashboard\qr_code.php(30): CodeIgniter\Debug\Exceptions->errorHandler(8, 'Trying to access array offset on value of type null', 'APPPATH\\Views\\dashboard\\qr_code.php', 30, [...])
 2 SYSTEMPATH\View\View.php(213): include('APPPATH\\Views\\dashboard\\qr_code.php')
 3 SYSTEMPATH\View\View.php(216): CodeIgniter\View\View->CodeIgniter\View\{closure}()
 4 SYSTEMPATH\Common.php(1135): CodeIgniter\View\View->render('dashboard/qr_code', [], true)
 5 APPPATH\Controllers\Dashboard.php(178): view('dashboard/qr_code', [...])
 6 SYSTEMPATH\CodeIgniter.php(896): App\Controllers\Dashboard->qr_code('FCPATH\\js', 'jsfunctions.js')
 7 SYSTEMPATH\CodeIgniter.php(466): CodeIgniter\CodeIgniter->runController(Object(App\Controllers\Dashboard))
 8 SYSTEMPATH\CodeIgniter.php(349): CodeIgniter\CodeIgniter->handleRequest(null, Object(Config\Cache), false)
 9 FCPATH\index.php(55): CodeIgniter\CodeIgniter->run()
10 SYSTEMPATH\Commands\Server\rewrite.php(43): require_once('FCPATH\\index.php')
CRITICAL - 2022-09-11 10:48:42 --> Trying to access array offset on value of type null
in APPPATH\Views\dashboard\qr_code.php on line 30.
 1 APPPATH\Views\dashboard\qr_code.php(30): CodeIgniter\Debug\Exceptions->errorHandler(8, 'Trying to access array offset on value of type null', 'APPPATH\\Views\\dashboard\\qr_code.php', 30, [...])
 2 SYSTEMPATH\View\View.php(213): include('APPPATH\\Views\\dashboard\\qr_code.php')
 3 SYSTEMPATH\View\View.php(216): CodeIgniter\View\View->CodeIgniter\View\{closure}()
 4 SYSTEMPATH\Common.php(1135): CodeIgniter\View\View->render('dashboard/qr_code', [], true)
 5 APPPATH\Controllers\Dashboard.php(178): view('dashboard/qr_code', [...])
 6 SYSTEMPATH\CodeIgniter.php(896): App\Controllers\Dashboard->qr_code('FCPATH\\js', 'qrcode.js')
 7 SYSTEMPATH\CodeIgniter.php(466): CodeIgniter\CodeIgniter->runController(Object(App\Controllers\Dashboard))
 8 SYSTEMPATH\CodeIgniter.php(349): CodeIgniter\CodeIgniter->handleRequest(null, Object(Config\Cache), false)
 9 FCPATH\index.php(55): CodeIgniter\CodeIgniter->run()
10 SYSTEMPATH\Commands\Server\rewrite.php(43): require_once('FCPATH\\index.php')
CRITICAL - 2022-09-11 10:49:05 --> Trying to access array offset on value of type null
in APPPATH\Views\dashboard\qr_code.php on line 30.
 1 APPPATH\Views\dashboard\qr_code.php(30): CodeIgniter\Debug\Exceptions->errorHandler(8, 'Trying to access array offset on value of type null', 'APPPATH\\Views\\dashboard\\qr_code.php', 30, [...])
 2 SYSTEMPATH\View\View.php(213): include('APPPATH\\Views\\dashboard\\qr_code.php')
 3 SYSTEMPATH\View\View.php(216): CodeIgniter\View\View->CodeIgniter\View\{closure}()
 4 SYSTEMPATH\Common.php(1135): CodeIgniter\View\View->render('dashboard/qr_code', [], true)
 5 APPPATH\Controllers\Dashboard.php(178): view('dashboard/qr_code', [...])
 6 SYSTEMPATH\CodeIgniter.php(896): App\Controllers\Dashboard->qr_code('FCPATH\\js', 'jsfunctions.js')
 7 SYSTEMPATH\CodeIgniter.php(466): CodeIgniter\CodeIgniter->runController(Object(App\Controllers\Dashboard))
 8 SYSTEMPATH\CodeIgniter.php(349): CodeIgniter\CodeIgniter->handleRequest(null, Object(Config\Cache), false)
 9 FCPATH\index.php(55): CodeIgniter\CodeIgniter->run()
10 SYSTEMPATH\Commands\Server\rewrite.php(43): require_once('FCPATH\\index.php')
CRITICAL - 2022-09-11 10:49:05 --> Trying to access array offset on value of type null
in APPPATH\Views\dashboard\qr_code.php on line 30.
 1 APPPATH\Views\dashboard\qr_code.php(30): CodeIgniter\Debug\Exceptions->errorHandler(8, 'Trying to access array offset on value of type null', 'APPPATH\\Views\\dashboard\\qr_code.php', 30, [...])
 2 SYSTEMPATH\View\View.php(213): include('APPPATH\\Views\\dashboard\\qr_code.php')
 3 SYSTEMPATH\View\View.php(216): CodeIgniter\View\View->CodeIgniter\View\{closure}()
 4 SYSTEMPATH\Common.php(1135): CodeIgniter\View\View->render('dashboard/qr_code', [], true)
 5 APPPATH\Controllers\Dashboard.php(178): view('dashboard/qr_code', [...])
 6 SYSTEMPATH\CodeIgniter.php(896): App\Controllers\Dashboard->qr_code('FCPATH\\js', 'qrcode.js')
 7 SYSTEMPATH\CodeIgniter.php(466): CodeIgniter\CodeIgniter->runController(Object(App\Controllers\Dashboard))
 8 SYSTEMPATH\CodeIgniter.php(349): CodeIgniter\CodeIgniter->handleRequest(null, Object(Config\Cache), false)
 9 FCPATH\index.php(55): CodeIgniter\CodeIgniter->run()
10 SYSTEMPATH\Commands\Server\rewrite.php(43): require_once('FCPATH\\index.php')
CRITICAL - 2022-09-11 11:26:37 --> Undefined property: App\Controllers\Dashboard::$ciqrcode
in APPPATH\Controllers\Dashboard.php on line 195.
 1 APPPATH\Controllers\Dashboard.php(195): CodeIgniter\Debug\Exceptions->errorHandler(8, 'Undefined property: App\\Controllers\\Dashboard::$ciqrcode', 'APPPATH\\Controllers\\Dashboard.php', 195, [...])
 2 SYSTEMPATH\CodeIgniter.php(896): App\Controllers\Dashboard->qr_code('2360')
 3 SYSTEMPATH\CodeIgniter.php(466): CodeIgniter\CodeIgniter->runController(Object(App\Controllers\Dashboard))
 4 SYSTEMPATH\CodeIgniter.php(349): CodeIgniter\CodeIgniter->handleRequest(null, Object(Config\Cache), false)
 5 FCPATH\index.php(55): CodeIgniter\CodeIgniter->run()
 6 SYSTEMPATH\Commands\Server\rewrite.php(43): require_once('FCPATH\\index.php')
CRITICAL - 2022-09-11 11:27:08 --> Undefined property: App\Controllers\Dashboard::$load
in APPPATH\Controllers\Dashboard.php on line 182.
 1 APPPATH\Controllers\Dashboard.php(182): CodeIgniter\Debug\Exceptions->errorHandler(8, 'Undefined property: App\\Controllers\\Dashboard::$load', 'APPPATH\\Controllers\\Dashboard.php', 182, [...])
 2 SYSTEMPATH\CodeIgniter.php(896): App\Controllers\Dashboard->qr_code('2360')
 3 SYSTEMPATH\CodeIgniter.php(466): CodeIgniter\CodeIgniter->runController(Object(App\Controllers\Dashboard))
 4 SYSTEMPATH\CodeIgniter.php(349): CodeIgniter\CodeIgniter->handleRequest(null, Object(Config\Cache), false)
 5 FCPATH\index.php(55): CodeIgniter\CodeIgniter->run()
 6 SYSTEMPATH\Commands\Server\rewrite.php(43): require_once('FCPATH\\index.php')
CRITICAL - 2022-09-11 11:31:12 --> Undefined property: App\Controllers\Dashboard::$load
in APPPATH\Controllers\Dashboard.php on line 44.
 1 APPPATH\Controllers\Dashboard.php(44): CodeIgniter\Debug\Exceptions->errorHandler(8, 'Undefined property: App\\Controllers\\Dashboard::$load', 'APPPATH\\Controllers\\Dashboard.php', 44, [])
 2 SYSTEMPATH\CodeIgniter.php(858): App\Controllers\Dashboard->__construct()
 3 SYSTEMPATH\CodeIgniter.php(457): CodeIgniter\CodeIgniter->createController()
 4 SYSTEMPATH\CodeIgniter.php(349): CodeIgniter\CodeIgniter->handleRequest(null, Object(Config\Cache), false)
 5 FCPATH\index.php(55): CodeIgniter\CodeIgniter->run()
 6 SYSTEMPATH\Commands\Server\rewrite.php(43): require_once('FCPATH\\index.php')
CRITICAL - 2022-09-11 11:32:16 --> Undefined property: App\Controllers\Dashboard::$load
in APPPATH\Controllers\Dashboard.php on line 44.
 1 APPPATH\Controllers\Dashboard.php(44): CodeIgniter\Debug\Exceptions->errorHandler(8, 'Undefined property: App\\Controllers\\Dashboard::$load', 'APPPATH\\Controllers\\Dashboard.php', 44, [])
 2 SYSTEMPATH\CodeIgniter.php(858): App\Controllers\Dashboard->__construct()
 3 SYSTEMPATH\CodeIgniter.php(457): CodeIgniter\CodeIgniter->createController()
 4 SYSTEMPATH\CodeIgniter.php(349): CodeIgniter\CodeIgniter->handleRequest(null, Object(Config\Cache), false)
 5 FCPATH\index.php(55): CodeIgniter\CodeIgniter->run()
 6 SYSTEMPATH\Commands\Server\rewrite.php(43): require_once('FCPATH\\index.php')
CRITICAL - 2022-09-11 11:33:28 --> Undefined property: App\Controllers\Dashboard::$load
in APPPATH\Controllers\Dashboard.php on line 182.
 1 APPPATH\Controllers\Dashboard.php(182): CodeIgniter\Debug\Exceptions->errorHandler(8, 'Undefined property: App\\Controllers\\Dashboard::$load', 'APPPATH\\Controllers\\Dashboard.php', 182, [...])
 2 SYSTEMPATH\CodeIgniter.php(896): App\Controllers\Dashboard->qr_code('2360')
 3 SYSTEMPATH\CodeIgniter.php(466): CodeIgniter\CodeIgniter->runController(Object(App\Controllers\Dashboard))
 4 SYSTEMPATH\CodeIgniter.php(349): CodeIgniter\CodeIgniter->handleRequest(null, Object(Config\Cache), false)
 5 FCPATH\index.php(55): CodeIgniter\CodeIgniter->run()
 6 SYSTEMPATH\Commands\Server\rewrite.php(43): require_once('FCPATH\\index.php')
CRITICAL - 2022-09-11 11:34:32 --> Undefined property: App\Controllers\Dashboard::$load
in APPPATH\Controllers\Dashboard.php on line 184.
 1 APPPATH\Controllers\Dashboard.php(184): CodeIgniter\Debug\Exceptions->errorHandler(8, 'Undefined property: App\\Controllers\\Dashboard::$load', 'APPPATH\\Controllers\\Dashboard.php', 184, [...])
 2 SYSTEMPATH\CodeIgniter.php(896): App\Controllers\Dashboard->qr_code('2360')
 3 SYSTEMPATH\CodeIgniter.php(466): CodeIgniter\CodeIgniter->runController(Object(App\Controllers\Dashboard))
 4 SYSTEMPATH\CodeIgniter.php(349): CodeIgniter\CodeIgniter->handleRequest(null, Object(Config\Cache), false)
 5 FCPATH\index.php(55): CodeIgniter\CodeIgniter->run()
 6 SYSTEMPATH\Commands\Server\rewrite.php(43): require_once('FCPATH\\index.php')
CRITICAL - 2022-09-11 11:34:44 --> Trying to access array offset on value of type null
in APPPATH\Views\dashboard\qr_code.php on line 34.
 1 APPPATH\Views\dashboard\qr_code.php(34): CodeIgniter\Debug\Exceptions->errorHandler(8, 'Trying to access array offset on value of type null', 'APPPATH\\Views\\dashboard\\qr_code.php', 34, [...])
 2 SYSTEMPATH\View\View.php(213): include('APPPATH\\Views\\dashboard\\qr_code.php')
 3 SYSTEMPATH\View\View.php(216): CodeIgniter\View\View->CodeIgniter\View\{closure}()
 4 SYSTEMPATH\Common.php(1135): CodeIgniter\View\View->render('dashboard/qr_code', [], true)
 5 APPPATH\Controllers\Dashboard.php(211): view('dashboard/qr_code', [...])
 6 SYSTEMPATH\CodeIgniter.php(896): App\Controllers\Dashboard->qr_code('FCPATH\\js', 'jsfunctions.js')
 7 SYSTEMPATH\CodeIgniter.php(466): CodeIgniter\CodeIgniter->runController(Object(App\Controllers\Dashboard))
 8 SYSTEMPATH\CodeIgniter.php(349): CodeIgniter\CodeIgniter->handleRequest(null, Object(Config\Cache), false)
 9 FCPATH\index.php(55): CodeIgniter\CodeIgniter->run()
10 SYSTEMPATH\Commands\Server\rewrite.php(43): require_once('FCPATH\\index.php')
CRITICAL - 2022-09-11 11:34:44 --> Trying to access array offset on value of type null
in APPPATH\Views\dashboard\qr_code.php on line 34.
 1 APPPATH\Views\dashboard\qr_code.php(34): CodeIgniter\Debug\Exceptions->errorHandler(8, 'Trying to access array offset on value of type null', 'APPPATH\\Views\\dashboard\\qr_code.php', 34, [...])
 2 SYSTEMPATH\View\View.php(213): include('APPPATH\\Views\\dashboard\\qr_code.php')
 3 SYSTEMPATH\View\View.php(216): CodeIgniter\View\View->CodeIgniter\View\{closure}()
 4 SYSTEMPATH\Common.php(1135): CodeIgniter\View\View->render('dashboard/qr_code', [], true)
 5 APPPATH\Controllers\Dashboard.php(211): view('dashboard/qr_code', [...])
 6 SYSTEMPATH\CodeIgniter.php(896): App\Controllers\Dashboard->qr_code('FCPATH\\js', 'qrcode.js')
 7 SYSTEMPATH\CodeIgniter.php(466): CodeIgniter\CodeIgniter->runController(Object(App\Controllers\Dashboard))
 8 SYSTEMPATH\CodeIgniter.php(349): CodeIgniter\CodeIgniter->handleRequest(null, Object(Config\Cache), false)
 9 FCPATH\index.php(55): CodeIgniter\CodeIgniter->run()
10 SYSTEMPATH\Commands\Server\rewrite.php(43): require_once('FCPATH\\index.php')
CRITICAL - 2022-09-11 11:34:44 --> Trying to access array offset on value of type null
in APPPATH\Views\dashboard\qr_code.php on line 34.
 1 APPPATH\Views\dashboard\qr_code.php(34): CodeIgniter\Debug\Exceptions->errorHandler(8, 'Trying to access array offset on value of type null', 'APPPATH\\Views\\dashboard\\qr_code.php', 34, [...])
 2 SYSTEMPATH\View\View.php(213): include('APPPATH\\Views\\dashboard\\qr_code.php')
 3 SYSTEMPATH\View\View.php(216): CodeIgniter\View\View->CodeIgniter\View\{closure}()
 4 SYSTEMPATH\Common.php(1135): CodeIgniter\View\View->render('dashboard/qr_code', [], true)
 5 APPPATH\Controllers\Dashboard.php(211): view('dashboard/qr_code', [...])
 6 SYSTEMPATH\CodeIgniter.php(896): App\Controllers\Dashboard->qr_code('FCPATH\\assets', 'media', 'qrcode', '2360.png')
 7 SYSTEMPATH\CodeIgniter.php(466): CodeIgniter\CodeIgniter->runController(Object(App\Controllers\Dashboard))
 8 SYSTEMPATH\CodeIgniter.php(349): CodeIgniter\CodeIgniter->handleRequest(null, Object(Config\Cache), false)
 9 FCPATH\index.php(55): CodeIgniter\CodeIgniter->run()
10 SYSTEMPATH\Commands\Server\rewrite.php(43): require_once('FCPATH\\index.php')
CRITICAL - 2022-09-11 11:36:21 --> Trying to access array offset on value of type null
in APPPATH\Views\dashboard\qr_code.php on line 34.
 1 APPPATH\Views\dashboard\qr_code.php(34): CodeIgniter\Debug\Exceptions->errorHandler(8, 'Trying to access array offset on value of type null', 'APPPATH\\Views\\dashboard\\qr_code.php', 34, [...])
 2 SYSTEMPATH\View\View.php(213): include('APPPATH\\Views\\dashboard\\qr_code.php')
 3 SYSTEMPATH\View\View.php(216): CodeIgniter\View\View->CodeIgniter\View\{closure}()
 4 SYSTEMPATH\Common.php(1135): CodeIgniter\View\View->render('dashboard/qr_code', [], true)
 5 APPPATH\Controllers\Dashboard.php(211): view('dashboard/qr_code', [...])
 6 SYSTEMPATH\CodeIgniter.php(896): App\Controllers\Dashboard->qr_code('FCPATH\\js', 'jsfunctions.js')
 7 SYSTEMPATH\CodeIgniter.php(466): CodeIgniter\CodeIgniter->runController(Object(App\Controllers\Dashboard))
 8 SYSTEMPATH\CodeIgniter.php(349): CodeIgniter\CodeIgniter->handleRequest(null, Object(Config\Cache), false)
 9 FCPATH\index.php(55): CodeIgniter\CodeIgniter->run()
10 SYSTEMPATH\Commands\Server\rewrite.php(43): require_once('FCPATH\\index.php')
CRITICAL - 2022-09-11 11:36:21 --> Trying to access array offset on value of type null
in APPPATH\Views\dashboard\qr_code.php on line 34.
 1 APPPATH\Views\dashboard\qr_code.php(34): CodeIgniter\Debug\Exceptions->errorHandler(8, 'Trying to access array offset on value of type null', 'APPPATH\\Views\\dashboard\\qr_code.php', 34, [...])
 2 SYSTEMPATH\View\View.php(213): include('APPPATH\\Views\\dashboard\\qr_code.php')
 3 SYSTEMPATH\View\View.php(216): CodeIgniter\View\View->CodeIgniter\View\{closure}()
 4 SYSTEMPATH\Common.php(1135): CodeIgniter\View\View->render('dashboard/qr_code', [], true)
 5 APPPATH\Controllers\Dashboard.php(211): view('dashboard/qr_code', [...])
 6 SYSTEMPATH\CodeIgniter.php(896): App\Controllers\Dashboard->qr_code('FCPATH\\js', 'qrcode.js')
 7 SYSTEMPATH\CodeIgniter.php(466): CodeIgniter\CodeIgniter->runController(Object(App\Controllers\Dashboard))
 8 SYSTEMPATH\CodeIgniter.php(349): CodeIgniter\CodeIgniter->handleRequest(null, Object(Config\Cache), false)
 9 FCPATH\index.php(55): CodeIgniter\CodeIgniter->run()
10 SYSTEMPATH\Commands\Server\rewrite.php(43): require_once('FCPATH\\index.php')
CRITICAL - 2022-09-11 11:36:21 --> Trying to access array offset on value of type null
in APPPATH\Views\dashboard\qr_code.php on line 34.
 1 APPPATH\Views\dashboard\qr_code.php(34): CodeIgniter\Debug\Exceptions->errorHandler(8, 'Trying to access array offset on value of type null', 'APPPATH\\Views\\dashboard\\qr_code.php', 34, [...])
 2 SYSTEMPATH\View\View.php(213): include('APPPATH\\Views\\dashboard\\qr_code.php')
 3 SYSTEMPATH\View\View.php(216): CodeIgniter\View\View->CodeIgniter\View\{closure}()
 4 SYSTEMPATH\Common.php(1135): CodeIgniter\View\View->render('dashboard/qr_code', [], true)
 5 APPPATH\Controllers\Dashboard.php(211): view('dashboard/qr_code', [...])
 6 SYSTEMPATH\CodeIgniter.php(896): App\Controllers\Dashboard->qr_code('FCPATH\\assets', 'media', 'qrcode', '2360.png')
 7 SYSTEMPATH\CodeIgniter.php(466): CodeIgniter\CodeIgniter->runController(Object(App\Controllers\Dashboard))
 8 SYSTEMPATH\CodeIgniter.php(349): CodeIgniter\CodeIgniter->handleRequest(null, Object(Config\Cache), false)
 9 FCPATH\index.php(55): CodeIgniter\CodeIgniter->run()
10 SYSTEMPATH\Commands\Server\rewrite.php(43): require_once('FCPATH\\index.php')
CRITICAL - 2022-09-11 11:37:34 --> Trying to access array offset on value of type null
in APPPATH\Views\dashboard\qr_code.php on line 34.
 1 APPPATH\Views\dashboard\qr_code.php(34): CodeIgniter\Debug\Exceptions->errorHandler(8, 'Trying to access array offset on value of type null', 'APPPATH\\Views\\dashboard\\qr_code.php', 34, [...])
 2 SYSTEMPATH\View\View.php(213): include('APPPATH\\Views\\dashboard\\qr_code.php')
 3 SYSTEMPATH\View\View.php(216): CodeIgniter\View\View->CodeIgniter\View\{closure}()
 4 SYSTEMPATH\Common.php(1135): CodeIgniter\View\View->render('dashboard/qr_code', [], true)
 5 APPPATH\Controllers\Dashboard.php(211): view('dashboard/qr_code', [...])
 6 SYSTEMPATH\CodeIgniter.php(896): App\Controllers\Dashboard->qr_code('FCPATH\\js', 'jsfunctions.js')
 7 SYSTEMPATH\CodeIgniter.php(466): CodeIgniter\CodeIgniter->runController(Object(App\Controllers\Dashboard))
 8 SYSTEMPATH\CodeIgniter.php(349): CodeIgniter\CodeIgniter->handleRequest(null, Object(Config\Cache), false)
 9 FCPATH\index.php(55): CodeIgniter\CodeIgniter->run()
10 SYSTEMPATH\Commands\Server\rewrite.php(43): require_once('FCPATH\\index.php')
CRITICAL - 2022-09-11 11:37:34 --> Trying to access array offset on value of type null
in APPPATH\Views\dashboard\qr_code.php on line 34.
 1 APPPATH\Views\dashboard\qr_code.php(34): CodeIgniter\Debug\Exceptions->errorHandler(8, 'Trying to access array offset on value of type null', 'APPPATH\\Views\\dashboard\\qr_code.php', 34, [...])
 2 SYSTEMPATH\View\View.php(213): include('APPPATH\\Views\\dashboard\\qr_code.php')
 3 SYSTEMPATH\View\View.php(216): CodeIgniter\View\View->CodeIgniter\View\{closure}()
 4 SYSTEMPATH\Common.php(1135): CodeIgniter\View\View->render('dashboard/qr_code', [], true)
 5 APPPATH\Controllers\Dashboard.php(211): view('dashboard/qr_code', [...])
 6 SYSTEMPATH\CodeIgniter.php(896): App\Controllers\Dashboard->qr_code('FCPATH\\js', 'qrcode.js')
 7 SYSTEMPATH\CodeIgniter.php(466): CodeIgniter\CodeIgniter->runController(Object(App\Controllers\Dashboard))
 8 SYSTEMPATH\CodeIgniter.php(349): CodeIgniter\CodeIgniter->handleRequest(null, Object(Config\Cache), false)
 9 FCPATH\index.php(55): CodeIgniter\CodeIgniter->run()
10 SYSTEMPATH\Commands\Server\rewrite.php(43): require_once('FCPATH\\index.php')
CRITICAL - 2022-09-11 11:37:42 --> Trying to access array offset on value of type null
in APPPATH\Views\dashboard\qr_code.php on line 34.
 1 APPPATH\Views\dashboard\qr_code.php(34): CodeIgniter\Debug\Exceptions->errorHandler(8, 'Trying to access array offset on value of type null', 'APPPATH\\Views\\dashboard\\qr_code.php', 34, [...])
 2 SYSTEMPATH\View\View.php(213): include('APPPATH\\Views\\dashboard\\qr_code.php')
 3 SYSTEMPATH\View\View.php(216): CodeIgniter\View\View->CodeIgniter\View\{closure}()
 4 SYSTEMPATH\Common.php(1135): CodeIgniter\View\View->render('dashboard/qr_code', [], true)
 5 APPPATH\Controllers\Dashboard.php(211): view('dashboard/qr_code', [...])
 6 SYSTEMPATH\CodeIgniter.php(896): App\Controllers\Dashboard->qr_code('FCPATH\\js', 'jsfunctions.js')
 7 SYSTEMPATH\CodeIgniter.php(466): CodeIgniter\CodeIgniter->runController(Object(App\Controllers\Dashboard))
 8 SYSTEMPATH\CodeIgniter.php(349): CodeIgniter\CodeIgniter->handleRequest(null, Object(Config\Cache), false)
 9 FCPATH\index.php(55): CodeIgniter\CodeIgniter->run()
10 SYSTEMPATH\Commands\Server\rewrite.php(43): require_once('FCPATH\\index.php')
CRITICAL - 2022-09-11 11:37:42 --> Trying to access array offset on value of type null
in APPPATH\Views\dashboard\qr_code.php on line 34.
 1 APPPATH\Views\dashboard\qr_code.php(34): CodeIgniter\Debug\Exceptions->errorHandler(8, 'Trying to access array offset on value of type null', 'APPPATH\\Views\\dashboard\\qr_code.php', 34, [...])
 2 SYSTEMPATH\View\View.php(213): include('APPPATH\\Views\\dashboard\\qr_code.php')
 3 SYSTEMPATH\View\View.php(216): CodeIgniter\View\View->CodeIgniter\View\{closure}()
 4 SYSTEMPATH\Common.php(1135): CodeIgniter\View\View->render('dashboard/qr_code', [], true)
 5 APPPATH\Controllers\Dashboard.php(211): view('dashboard/qr_code', [...])
 6 SYSTEMPATH\CodeIgniter.php(896): App\Controllers\Dashboard->qr_code('FCPATH\\js', 'qrcode.js')
 7 SYSTEMPATH\CodeIgniter.php(466): CodeIgniter\CodeIgniter->runController(Object(App\Controllers\Dashboard))
 8 SYSTEMPATH\CodeIgniter.php(349): CodeIgniter\CodeIgniter->handleRequest(null, Object(Config\Cache), false)
 9 FCPATH\index.php(55): CodeIgniter\CodeIgniter->run()
10 SYSTEMPATH\Commands\Server\rewrite.php(43): require_once('FCPATH\\index.php')
CRITICAL - 2022-09-11 11:37:47 --> Trying to access array offset on value of type null
in APPPATH\Views\dashboard\qr_code.php on line 34.
 1 APPPATH\Views\dashboard\qr_code.php(34): CodeIgniter\Debug\Exceptions->errorHandler(8, 'Trying to access array offset on value of type null', 'APPPATH\\Views\\dashboard\\qr_code.php', 34, [...])
 2 SYSTEMPATH\View\View.php(213): include('APPPATH\\Views\\dashboard\\qr_code.php')
 3 SYSTEMPATH\View\View.php(216): CodeIgniter\View\View->CodeIgniter\View\{closure}()
 4 SYSTEMPATH\Common.php(1135): CodeIgniter\View\View->render('dashboard/qr_code', [], true)
 5 APPPATH\Controllers\Dashboard.php(211): view('dashboard/qr_code', [...])
 6 SYSTEMPATH\CodeIgniter.php(896): App\Controllers\Dashboard->qr_code('FCPATH\\js', 'jsfunctions.js')
 7 SYSTEMPATH\CodeIgniter.php(466): CodeIgniter\CodeIgniter->runController(Object(App\Controllers\Dashboard))
 8 SYSTEMPATH\CodeIgniter.php(349): CodeIgniter\CodeIgniter->handleRequest(null, Object(Config\Cache), false)
 9 FCPATH\index.php(55): CodeIgniter\CodeIgniter->run()
10 SYSTEMPATH\Commands\Server\rewrite.php(43): require_once('FCPATH\\index.php')
CRITICAL - 2022-09-11 11:37:48 --> Trying to access array offset on value of type null
in APPPATH\Views\dashboard\qr_code.php on line 34.
 1 APPPATH\Views\dashboard\qr_code.php(34): CodeIgniter\Debug\Exceptions->errorHandler(8, 'Trying to access array offset on value of type null', 'APPPATH\\Views\\dashboard\\qr_code.php', 34, [...])
 2 SYSTEMPATH\View\View.php(213): include('APPPATH\\Views\\dashboard\\qr_code.php')
 3 SYSTEMPATH\View\View.php(216): CodeIgniter\View\View->CodeIgniter\View\{closure}()
 4 SYSTEMPATH\Common.php(1135): CodeIgniter\View\View->render('dashboard/qr_code', [], true)
 5 APPPATH\Controllers\Dashboard.php(211): view('dashboard/qr_code', [...])
 6 SYSTEMPATH\CodeIgniter.php(896): App\Controllers\Dashboard->qr_code('FCPATH\\js', 'qrcode.js')
 7 SYSTEMPATH\CodeIgniter.php(466): CodeIgniter\CodeIgniter->runController(Object(App\Controllers\Dashboard))
 8 SYSTEMPATH\CodeIgniter.php(349): CodeIgniter\CodeIgniter->handleRequest(null, Object(Config\Cache), false)
 9 FCPATH\index.php(55): CodeIgniter\CodeIgniter->run()
10 SYSTEMPATH\Commands\Server\rewrite.php(43): require_once('FCPATH\\index.php')
CRITICAL - 2022-09-11 11:39:40 --> Trying to access array offset on value of type null
in APPPATH\Views\dashboard\qr_code.php on line 34.
 1 APPPATH\Views\dashboard\qr_code.php(34): CodeIgniter\Debug\Exceptions->errorHandler(8, 'Trying to access array offset on value of type null', 'APPPATH\\Views\\dashboard\\qr_code.php', 34, [...])
 2 SYSTEMPATH\View\View.php(213): include('APPPATH\\Views\\dashboard\\qr_code.php')
 3 SYSTEMPATH\View\View.php(216): CodeIgniter\View\View->CodeIgniter\View\{closure}()
 4 SYSTEMPATH\Common.php(1135): CodeIgniter\View\View->render('dashboard/qr_code', [], true)
 5 APPPATH\Controllers\Dashboard.php(211): view('dashboard/qr_code', [...])
 6 SYSTEMPATH\CodeIgniter.php(896): App\Controllers\Dashboard->qr_code('FCPATH\\js', 'jsfunctions.js')
 7 SYSTEMPATH\CodeIgniter.php(466): CodeIgniter\CodeIgniter->runController(Object(App\Controllers\Dashboard))
 8 SYSTEMPATH\CodeIgniter.php(349): CodeIgniter\CodeIgniter->handleRequest(null, Object(Config\Cache), false)
 9 FCPATH\index.php(55): CodeIgniter\CodeIgniter->run()
10 SYSTEMPATH\Commands\Server\rewrite.php(43): require_once('FCPATH\\index.php')
CRITICAL - 2022-09-11 11:39:40 --> Trying to access array offset on value of type null
in APPPATH\Views\dashboard\qr_code.php on line 34.
 1 APPPATH\Views\dashboard\qr_code.php(34): CodeIgniter\Debug\Exceptions->errorHandler(8, 'Trying to access array offset on value of type null', 'APPPATH\\Views\\dashboard\\qr_code.php', 34, [...])
 2 SYSTEMPATH\View\View.php(213): include('APPPATH\\Views\\dashboard\\qr_code.php')
 3 SYSTEMPATH\View\View.php(216): CodeIgniter\View\View->CodeIgniter\View\{closure}()
 4 SYSTEMPATH\Common.php(1135): CodeIgniter\View\View->render('dashboard/qr_code', [], true)
 5 APPPATH\Controllers\Dashboard.php(211): view('dashboard/qr_code', [...])
 6 SYSTEMPATH\CodeIgniter.php(896): App\Controllers\Dashboard->qr_code('FCPATH\\js', 'qrcode.js')
 7 SYSTEMPATH\CodeIgniter.php(466): CodeIgniter\CodeIgniter->runController(Object(App\Controllers\Dashboard))
 8 SYSTEMPATH\CodeIgniter.php(349): CodeIgniter\CodeIgniter->handleRequest(null, Object(Config\Cache), false)
 9 FCPATH\index.php(55): CodeIgniter\CodeIgniter->run()
10 SYSTEMPATH\Commands\Server\rewrite.php(43): require_once('FCPATH\\index.php')
CRITICAL - 2022-09-11 11:43:54 --> Trying to access array offset on value of type null
in APPPATH\Views\dashboard\qr_code.php on line 34.
 1 APPPATH\Views\dashboard\qr_code.php(34): CodeIgniter\Debug\Exceptions->errorHandler(8, 'Trying to access array offset on value of type null', 'APPPATH\\Views\\dashboard\\qr_code.php', 34, [...])
 2 SYSTEMPATH\View\View.php(213): include('APPPATH\\Views\\dashboard\\qr_code.php')
 3 SYSTEMPATH\View\View.php(216): CodeIgniter\View\View->CodeIgniter\View\{closure}()
 4 SYSTEMPATH\Common.php(1135): CodeIgniter\View\View->render('dashboard/qr_code', [], true)
 5 APPPATH\Controllers\Dashboard.php(211): view('dashboard/qr_code', [...])
 6 SYSTEMPATH\CodeIgniter.php(896): App\Controllers\Dashboard->qr_code('FCPATH\\js', 'jsfunctions.js')
 7 SYSTEMPATH\CodeIgniter.php(466): CodeIgniter\CodeIgniter->runController(Object(App\Controllers\Dashboard))
 8 SYSTEMPATH\CodeIgniter.php(349): CodeIgniter\CodeIgniter->handleRequest(null, Object(Config\Cache), false)
 9 FCPATH\index.php(55): CodeIgniter\CodeIgniter->run()
10 SYSTEMPATH\Commands\Server\rewrite.php(43): require_once('FCPATH\\index.php')
CRITICAL - 2022-09-11 11:43:54 --> Trying to access array offset on value of type null
in APPPATH\Views\dashboard\qr_code.php on line 34.
 1 APPPATH\Views\dashboard\qr_code.php(34): CodeIgniter\Debug\Exceptions->errorHandler(8, 'Trying to access array offset on value of type null', 'APPPATH\\Views\\dashboard\\qr_code.php', 34, [...])
 2 SYSTEMPATH\View\View.php(213): include('APPPATH\\Views\\dashboard\\qr_code.php')
 3 SYSTEMPATH\View\View.php(216): CodeIgniter\View\View->CodeIgniter\View\{closure}()
 4 SYSTEMPATH\Common.php(1135): CodeIgniter\View\View->render('dashboard/qr_code', [], true)
 5 APPPATH\Controllers\Dashboard.php(211): view('dashboard/qr_code', [...])
 6 SYSTEMPATH\CodeIgniter.php(896): App\Controllers\Dashboard->qr_code('FCPATH\\js', 'qrcode.js')
 7 SYSTEMPATH\CodeIgniter.php(466): CodeIgniter\CodeIgniter->runController(Object(App\Controllers\Dashboard))
 8 SYSTEMPATH\CodeIgniter.php(349): CodeIgniter\CodeIgniter->handleRequest(null, Object(Config\Cache), false)
 9 FCPATH\index.php(55): CodeIgniter\CodeIgniter->run()
10 SYSTEMPATH\Commands\Server\rewrite.php(43): require_once('FCPATH\\index.php')
CRITICAL - 2022-09-11 11:44:01 --> Trying to access array offset on value of type null
in APPPATH\Views\dashboard\qr_code.php on line 34.
 1 APPPATH\Views\dashboard\qr_code.php(34): CodeIgniter\Debug\Exceptions->errorHandler(8, 'Trying to access array offset on value of type null', 'APPPATH\\Views\\dashboard\\qr_code.php', 34, [...])
 2 SYSTEMPATH\View\View.php(213): include('APPPATH\\Views\\dashboard\\qr_code.php')
 3 SYSTEMPATH\View\View.php(216): CodeIgniter\View\View->CodeIgniter\View\{closure}()
 4 SYSTEMPATH\Common.php(1135): CodeIgniter\View\View->render('dashboard/qr_code', [], true)
 5 APPPATH\Controllers\Dashboard.php(211): view('dashboard/qr_code', [...])
 6 SYSTEMPATH\CodeIgniter.php(896): App\Controllers\Dashboard->qr_code('FCPATH\\js', 'jsfunctions.js')
 7 SYSTEMPATH\CodeIgniter.php(466): CodeIgniter\CodeIgniter->runController(Object(App\Controllers\Dashboard))
 8 SYSTEMPATH\CodeIgniter.php(349): CodeIgniter\CodeIgniter->handleRequest(null, Object(Config\Cache), false)
 9 FCPATH\index.php(55): CodeIgniter\CodeIgniter->run()
10 SYSTEMPATH\Commands\Server\rewrite.php(43): require_once('FCPATH\\index.php')
CRITICAL - 2022-09-11 11:44:01 --> Trying to access array offset on value of type null
in APPPATH\Views\dashboard\qr_code.php on line 34.
 1 APPPATH\Views\dashboard\qr_code.php(34): CodeIgniter\Debug\Exceptions->errorHandler(8, 'Trying to access array offset on value of type null', 'APPPATH\\Views\\dashboard\\qr_code.php', 34, [...])
 2 SYSTEMPATH\View\View.php(213): include('APPPATH\\Views\\dashboard\\qr_code.php')
 3 SYSTEMPATH\View\View.php(216): CodeIgniter\View\View->CodeIgniter\View\{closure}()
 4 SYSTEMPATH\Common.php(1135): CodeIgniter\View\View->render('dashboard/qr_code', [], true)
 5 APPPATH\Controllers\Dashboard.php(211): view('dashboard/qr_code', [...])
 6 SYSTEMPATH\CodeIgniter.php(896): App\Controllers\Dashboard->qr_code('FCPATH\\js', 'qrcode.js')
 7 SYSTEMPATH\CodeIgniter.php(466): CodeIgniter\CodeIgniter->runController(Object(App\Controllers\Dashboard))
 8 SYSTEMPATH\CodeIgniter.php(349): CodeIgniter\CodeIgniter->handleRequest(null, Object(Config\Cache), false)
 9 FCPATH\index.php(55): CodeIgniter\CodeIgniter->run()
10 SYSTEMPATH\Commands\Server\rewrite.php(43): require_once('FCPATH\\index.php')
CRITICAL - 2022-09-11 11:44:11 --> Trying to access array offset on value of type null
in APPPATH\Views\dashboard\qr_code.php on line 34.
 1 APPPATH\Views\dashboard\qr_code.php(34): CodeIgniter\Debug\Exceptions->errorHandler(8, 'Trying to access array offset on value of type null', 'APPPATH\\Views\\dashboard\\qr_code.php', 34, [...])
 2 SYSTEMPATH\View\View.php(213): include('APPPATH\\Views\\dashboard\\qr_code.php')
 3 SYSTEMPATH\View\View.php(216): CodeIgniter\View\View->CodeIgniter\View\{closure}()
 4 SYSTEMPATH\Common.php(1135): CodeIgniter\View\View->render('dashboard/qr_code', [], true)
 5 APPPATH\Controllers\Dashboard.php(211): view('dashboard/qr_code', [...])
 6 SYSTEMPATH\CodeIgniter.php(896): App\Controllers\Dashboard->qr_code('FCPATH\\js', 'jsfunctions.js')
 7 SYSTEMPATH\CodeIgniter.php(466): CodeIgniter\CodeIgniter->runController(Object(App\Controllers\Dashboard))
 8 SYSTEMPATH\CodeIgniter.php(349): CodeIgniter\CodeIgniter->handleRequest(null, Object(Config\Cache), false)
 9 FCPATH\index.php(55): CodeIgniter\CodeIgniter->run()
10 SYSTEMPATH\Commands\Server\rewrite.php(43): require_once('FCPATH\\index.php')
CRITICAL - 2022-09-11 11:44:11 --> Trying to access array offset on value of type null
in APPPATH\Views\dashboard\qr_code.php on line 34.
 1 APPPATH\Views\dashboard\qr_code.php(34): CodeIgniter\Debug\Exceptions->errorHandler(8, 'Trying to access array offset on value of type null', 'APPPATH\\Views\\dashboard\\qr_code.php', 34, [...])
 2 SYSTEMPATH\View\View.php(213): include('APPPATH\\Views\\dashboard\\qr_code.php')
 3 SYSTEMPATH\View\View.php(216): CodeIgniter\View\View->CodeIgniter\View\{closure}()
 4 SYSTEMPATH\Common.php(1135): CodeIgniter\View\View->render('dashboard/qr_code', [], true)
 5 APPPATH\Controllers\Dashboard.php(211): view('dashboard/qr_code', [...])
 6 SYSTEMPATH\CodeIgniter.php(896): App\Controllers\Dashboard->qr_code('FCPATH\\js', 'qrcode.js')
 7 SYSTEMPATH\CodeIgniter.php(466): CodeIgniter\CodeIgniter->runController(Object(App\Controllers\Dashboard))
 8 SYSTEMPATH\CodeIgniter.php(349): CodeIgniter\CodeIgniter->handleRequest(null, Object(Config\Cache), false)
 9 FCPATH\index.php(55): CodeIgniter\CodeIgniter->run()
10 SYSTEMPATH\Commands\Server\rewrite.php(43): require_once('FCPATH\\index.php')
CRITICAL - 2022-09-11 11:44:29 --> Trying to access array offset on value of type null
in APPPATH\Views\dashboard\qr_code.php on line 34.
 1 APPPATH\Views\dashboard\qr_code.php(34): CodeIgniter\Debug\Exceptions->errorHandler(8, 'Trying to access array offset on value of type null', 'APPPATH\\Views\\dashboard\\qr_code.php', 34, [...])
 2 SYSTEMPATH\View\View.php(213): include('APPPATH\\Views\\dashboard\\qr_code.php')
 3 SYSTEMPATH\View\View.php(216): CodeIgniter\View\View->CodeIgniter\View\{closure}()
 4 SYSTEMPATH\Common.php(1135): CodeIgniter\View\View->render('dashboard/qr_code', [], true)
 5 APPPATH\Controllers\Dashboard.php(211): view('dashboard/qr_code', [...])
 6 SYSTEMPATH\CodeIgniter.php(896): App\Controllers\Dashboard->qr_code('FCPATH\\js', 'jsfunctions.js')
 7 SYSTEMPATH\CodeIgniter.php(466): CodeIgniter\CodeIgniter->runController(Object(App\Controllers\Dashboard))
 8 SYSTEMPATH\CodeIgniter.php(349): CodeIgniter\CodeIgniter->handleRequest(null, Object(Config\Cache), false)
 9 FCPATH\index.php(55): CodeIgniter\CodeIgniter->run()
10 SYSTEMPATH\Commands\Server\rewrite.php(43): require_once('FCPATH\\index.php')
CRITICAL - 2022-09-11 11:44:29 --> Trying to access array offset on value of type null
in APPPATH\Views\dashboard\qr_code.php on line 34.
 1 APPPATH\Views\dashboard\qr_code.php(34): CodeIgniter\Debug\Exceptions->errorHandler(8, 'Trying to access array offset on value of type null', 'APPPATH\\Views\\dashboard\\qr_code.php', 34, [...])
 2 SYSTEMPATH\View\View.php(213): include('APPPATH\\Views\\dashboard\\qr_code.php')
 3 SYSTEMPATH\View\View.php(216): CodeIgniter\View\View->CodeIgniter\View\{closure}()
 4 SYSTEMPATH\Common.php(1135): CodeIgniter\View\View->render('dashboard/qr_code', [], true)
 5 APPPATH\Controllers\Dashboard.php(211): view('dashboard/qr_code', [...])
 6 SYSTEMPATH\CodeIgniter.php(896): App\Controllers\Dashboard->qr_code('FCPATH\\js', 'qrcode.js')
 7 SYSTEMPATH\CodeIgniter.php(466): CodeIgniter\CodeIgniter->runController(Object(App\Controllers\Dashboard))
 8 SYSTEMPATH\CodeIgniter.php(349): CodeIgniter\CodeIgniter->handleRequest(null, Object(Config\Cache), false)
 9 FCPATH\index.php(55): CodeIgniter\CodeIgniter->run()
10 SYSTEMPATH\Commands\Server\rewrite.php(43): require_once('FCPATH\\index.php')
CRITICAL - 2022-09-11 11:44:49 --> Trying to access array offset on value of type null
in APPPATH\Views\dashboard\qr_code.php on line 35.
 1 APPPATH\Views\dashboard\qr_code.php(35): CodeIgniter\Debug\Exceptions->errorHandler(8, 'Trying to access array offset on value of type null', 'APPPATH\\Views\\dashboard\\qr_code.php', 35, [...])
 2 SYSTEMPATH\View\View.php(213): include('APPPATH\\Views\\dashboard\\qr_code.php')
 3 SYSTEMPATH\View\View.php(216): CodeIgniter\View\View->CodeIgniter\View\{closure}()
 4 SYSTEMPATH\Common.php(1135): CodeIgniter\View\View->render('dashboard/qr_code', [], true)
 5 APPPATH\Controllers\Dashboard.php(211): view('dashboard/qr_code', [...])
 6 SYSTEMPATH\CodeIgniter.php(896): App\Controllers\Dashboard->qr_code('FCPATH\\js', 'jsfunctions.js')
 7 SYSTEMPATH\CodeIgniter.php(466): CodeIgniter\CodeIgniter->runController(Object(App\Controllers\Dashboard))
 8 SYSTEMPATH\CodeIgniter.php(349): CodeIgniter\CodeIgniter->handleRequest(null, Object(Config\Cache), false)
 9 FCPATH\index.php(55): CodeIgniter\CodeIgniter->run()
10 SYSTEMPATH\Commands\Server\rewrite.php(43): require_once('FCPATH\\index.php')
CRITICAL - 2022-09-11 11:44:49 --> Trying to access array offset on value of type null
in APPPATH\Views\dashboard\qr_code.php on line 35.
 1 APPPATH\Views\dashboard\qr_code.php(35): CodeIgniter\Debug\Exceptions->errorHandler(8, 'Trying to access array offset on value of type null', 'APPPATH\\Views\\dashboard\\qr_code.php', 35, [...])
 2 SYSTEMPATH\View\View.php(213): include('APPPATH\\Views\\dashboard\\qr_code.php')
 3 SYSTEMPATH\View\View.php(216): CodeIgniter\View\View->CodeIgniter\View\{closure}()
 4 SYSTEMPATH\Common.php(1135): CodeIgniter\View\View->render('dashboard/qr_code', [], true)
 5 APPPATH\Controllers\Dashboard.php(211): view('dashboard/qr_code', [...])
 6 SYSTEMPATH\CodeIgniter.php(896): App\Controllers\Dashboard->qr_code('FCPATH\\js', 'qrcode.js')
 7 SYSTEMPATH\CodeIgniter.php(466): CodeIgniter\CodeIgniter->runController(Object(App\Controllers\Dashboard))
 8 SYSTEMPATH\CodeIgniter.php(349): CodeIgniter\CodeIgniter->handleRequest(null, Object(Config\Cache), false)
 9 FCPATH\index.php(55): CodeIgniter\CodeIgniter->run()
10 SYSTEMPATH\Commands\Server\rewrite.php(43): require_once('FCPATH\\index.php')
CRITICAL - 2022-09-11 11:45:00 --> Trying to access array offset on value of type null
in APPPATH\Views\dashboard\qr_code.php on line 35.
 1 APPPATH\Views\dashboard\qr_code.php(35): CodeIgniter\Debug\Exceptions->errorHandler(8, 'Trying to access array offset on value of type null', 'APPPATH\\Views\\dashboard\\qr_code.php', 35, [...])
 2 SYSTEMPATH\View\View.php(213): include('APPPATH\\Views\\dashboard\\qr_code.php')
 3 SYSTEMPATH\View\View.php(216): CodeIgniter\View\View->CodeIgniter\View\{closure}()
 4 SYSTEMPATH\Common.php(1135): CodeIgniter\View\View->render('dashboard/qr_code', [], true)
 5 APPPATH\Controllers\Dashboard.php(211): view('dashboard/qr_code', [...])
 6 SYSTEMPATH\CodeIgniter.php(896): App\Controllers\Dashboard->qr_code('FCPATH\\js', 'jsfunctions.js')
 7 SYSTEMPATH\CodeIgniter.php(466): CodeIgniter\CodeIgniter->runController(Object(App\Controllers\Dashboard))
 8 SYSTEMPATH\CodeIgniter.php(349): CodeIgniter\CodeIgniter->handleRequest(null, Object(Config\Cache), false)
 9 FCPATH\index.php(55): CodeIgniter\CodeIgniter->run()
10 SYSTEMPATH\Commands\Server\rewrite.php(43): require_once('FCPATH\\index.php')
CRITICAL - 2022-09-11 11:45:01 --> Trying to access array offset on value of type null
in APPPATH\Views\dashboard\qr_code.php on line 35.
 1 APPPATH\Views\dashboard\qr_code.php(35): CodeIgniter\Debug\Exceptions->errorHandler(8, 'Trying to access array offset on value of type null', 'APPPATH\\Views\\dashboard\\qr_code.php', 35, [...])
 2 SYSTEMPATH\View\View.php(213): include('APPPATH\\Views\\dashboard\\qr_code.php')
 3 SYSTEMPATH\View\View.php(216): CodeIgniter\View\View->CodeIgniter\View\{closure}()
 4 SYSTEMPATH\Common.php(1135): CodeIgniter\View\View->render('dashboard/qr_code', [], true)
 5 APPPATH\Controllers\Dashboard.php(211): view('dashboard/qr_code', [...])
 6 SYSTEMPATH\CodeIgniter.php(896): App\Controllers\Dashboard->qr_code('FCPATH\\js', 'qrcode.js')
 7 SYSTEMPATH\CodeIgniter.php(466): CodeIgniter\CodeIgniter->runController(Object(App\Controllers\Dashboard))
 8 SYSTEMPATH\CodeIgniter.php(349): CodeIgniter\CodeIgniter->handleRequest(null, Object(Config\Cache), false)
 9 FCPATH\index.php(55): CodeIgniter\CodeIgniter->run()
10 SYSTEMPATH\Commands\Server\rewrite.php(43): require_once('FCPATH\\index.php')
CRITICAL - 2022-09-11 11:45:09 --> Trying to access array offset on value of type null
in APPPATH\Views\dashboard\qr_code.php on line 35.
 1 APPPATH\Views\dashboard\qr_code.php(35): CodeIgniter\Debug\Exceptions->errorHandler(8, 'Trying to access array offset on value of type null', 'APPPATH\\Views\\dashboard\\qr_code.php', 35, [...])
 2 SYSTEMPATH\View\View.php(213): include('APPPATH\\Views\\dashboard\\qr_code.php')
 3 SYSTEMPATH\View\View.php(216): CodeIgniter\View\View->CodeIgniter\View\{closure}()
 4 SYSTEMPATH\Common.php(1135): CodeIgniter\View\View->render('dashboard/qr_code', [], true)
 5 APPPATH\Controllers\Dashboard.php(211): view('dashboard/qr_code', [...])
 6 SYSTEMPATH\CodeIgniter.php(896): App\Controllers\Dashboard->qr_code('FCPATH\\js', 'jsfunctions.js')
 7 SYSTEMPATH\CodeIgniter.php(466): CodeIgniter\CodeIgniter->runController(Object(App\Controllers\Dashboard))
 8 SYSTEMPATH\CodeIgniter.php(349): CodeIgniter\CodeIgniter->handleRequest(null, Object(Config\Cache), false)
 9 FCPATH\index.php(55): CodeIgniter\CodeIgniter->run()
10 SYSTEMPATH\Commands\Server\rewrite.php(43): require_once('FCPATH\\index.php')
CRITICAL - 2022-09-11 11:45:09 --> Trying to access array offset on value of type null
in APPPATH\Views\dashboard\qr_code.php on line 35.
 1 APPPATH\Views\dashboard\qr_code.php(35): CodeIgniter\Debug\Exceptions->errorHandler(8, 'Trying to access array offset on value of type null', 'APPPATH\\Views\\dashboard\\qr_code.php', 35, [...])
 2 SYSTEMPATH\View\View.php(213): include('APPPATH\\Views\\dashboard\\qr_code.php')
 3 SYSTEMPATH\View\View.php(216): CodeIgniter\View\View->CodeIgniter\View\{closure}()
 4 SYSTEMPATH\Common.php(1135): CodeIgniter\View\View->render('dashboard/qr_code', [], true)
 5 APPPATH\Controllers\Dashboard.php(211): view('dashboard/qr_code', [...])
 6 SYSTEMPATH\CodeIgniter.php(896): App\Controllers\Dashboard->qr_code('FCPATH\\js', 'qrcode.js')
 7 SYSTEMPATH\CodeIgniter.php(466): CodeIgniter\CodeIgniter->runController(Object(App\Controllers\Dashboard))
 8 SYSTEMPATH\CodeIgniter.php(349): CodeIgniter\CodeIgniter->handleRequest(null, Object(Config\Cache), false)
 9 FCPATH\index.php(55): CodeIgniter\CodeIgniter->run()
10 SYSTEMPATH\Commands\Server\rewrite.php(43): require_once('FCPATH\\index.php')
CRITICAL - 2022-09-11 11:45:22 --> Trying to access array offset on value of type null
in APPPATH\Views\dashboard\qr_code.php on line 35.
 1 APPPATH\Views\dashboard\qr_code.php(35): CodeIgniter\Debug\Exceptions->errorHandler(8, 'Trying to access array offset on value of type null', 'APPPATH\\Views\\dashboard\\qr_code.php', 35, [...])
 2 SYSTEMPATH\View\View.php(213): include('APPPATH\\Views\\dashboard\\qr_code.php')
 3 SYSTEMPATH\View\View.php(216): CodeIgniter\View\View->CodeIgniter\View\{closure}()
 4 SYSTEMPATH\Common.php(1135): CodeIgniter\View\View->render('dashboard/qr_code', [], true)
 5 APPPATH\Controllers\Dashboard.php(211): view('dashboard/qr_code', [...])
 6 SYSTEMPATH\CodeIgniter.php(896): App\Controllers\Dashboard->qr_code('FCPATH\\js', 'jsfunctions.js')
 7 SYSTEMPATH\CodeIgniter.php(466): CodeIgniter\CodeIgniter->runController(Object(App\Controllers\Dashboard))
 8 SYSTEMPATH\CodeIgniter.php(349): CodeIgniter\CodeIgniter->handleRequest(null, Object(Config\Cache), false)
 9 FCPATH\index.php(55): CodeIgniter\CodeIgniter->run()
10 SYSTEMPATH\Commands\Server\rewrite.php(43): require_once('FCPATH\\index.php')
CRITICAL - 2022-09-11 11:45:23 --> Trying to access array offset on value of type null
in APPPATH\Views\dashboard\qr_code.php on line 35.
 1 APPPATH\Views\dashboard\qr_code.php(35): CodeIgniter\Debug\Exceptions->errorHandler(8, 'Trying to access array offset on value of type null', 'APPPATH\\Views\\dashboard\\qr_code.php', 35, [...])
 2 SYSTEMPATH\View\View.php(213): include('APPPATH\\Views\\dashboard\\qr_code.php')
 3 SYSTEMPATH\View\View.php(216): CodeIgniter\View\View->CodeIgniter\View\{closure}()
 4 SYSTEMPATH\Common.php(1135): CodeIgniter\View\View->render('dashboard/qr_code', [], true)
 5 APPPATH\Controllers\Dashboard.php(211): view('dashboard/qr_code', [...])
 6 SYSTEMPATH\CodeIgniter.php(896): App\Controllers\Dashboard->qr_code('FCPATH\\js', 'qrcode.js')
 7 SYSTEMPATH\CodeIgniter.php(466): CodeIgniter\CodeIgniter->runController(Object(App\Controllers\Dashboard))
 8 SYSTEMPATH\CodeIgniter.php(349): CodeIgniter\CodeIgniter->handleRequest(null, Object(Config\Cache), false)
 9 FCPATH\index.php(55): CodeIgniter\CodeIgniter->run()
10 SYSTEMPATH\Commands\Server\rewrite.php(43): require_once('FCPATH\\index.php')
CRITICAL - 2022-09-11 11:45:39 --> Trying to access array offset on value of type null
in APPPATH\Views\dashboard\qr_code.php on line 35.
 1 APPPATH\Views\dashboard\qr_code.php(35): CodeIgniter\Debug\Exceptions->errorHandler(8, 'Trying to access array offset on value of type null', 'APPPATH\\Views\\dashboard\\qr_code.php', 35, [...])
 2 SYSTEMPATH\View\View.php(213): include('APPPATH\\Views\\dashboard\\qr_code.php')
 3 SYSTEMPATH\View\View.php(216): CodeIgniter\View\View->CodeIgniter\View\{closure}()
 4 SYSTEMPATH\Common.php(1135): CodeIgniter\View\View->render('dashboard/qr_code', [], true)
 5 APPPATH\Controllers\Dashboard.php(211): view('dashboard/qr_code', [...])
 6 SYSTEMPATH\CodeIgniter.php(896): App\Controllers\Dashboard->qr_code('FCPATH\\js', 'jsfunctions.js')
 7 SYSTEMPATH\CodeIgniter.php(466): CodeIgniter\CodeIgniter->runController(Object(App\Controllers\Dashboard))
 8 SYSTEMPATH\CodeIgniter.php(349): CodeIgniter\CodeIgniter->handleRequest(null, Object(Config\Cache), false)
 9 FCPATH\index.php(55): CodeIgniter\CodeIgniter->run()
10 SYSTEMPATH\Commands\Server\rewrite.php(43): require_once('FCPATH\\index.php')
CRITICAL - 2022-09-11 11:45:39 --> Trying to access array offset on value of type null
in APPPATH\Views\dashboard\qr_code.php on line 35.
 1 APPPATH\Views\dashboard\qr_code.php(35): CodeIgniter\Debug\Exceptions->errorHandler(8, 'Trying to access array offset on value of type null', 'APPPATH\\Views\\dashboard\\qr_code.php', 35, [...])
 2 SYSTEMPATH\View\View.php(213): include('APPPATH\\Views\\dashboard\\qr_code.php')
 3 SYSTEMPATH\View\View.php(216): CodeIgniter\View\View->CodeIgniter\View\{closure}()
 4 SYSTEMPATH\Common.php(1135): CodeIgniter\View\View->render('dashboard/qr_code', [], true)
 5 APPPATH\Controllers\Dashboard.php(211): view('dashboard/qr_code', [...])
 6 SYSTEMPATH\CodeIgniter.php(896): App\Controllers\Dashboard->qr_code('FCPATH\\js', 'qrcode.js')
 7 SYSTEMPATH\CodeIgniter.php(466): CodeIgniter\CodeIgniter->runController(Object(App\Controllers\Dashboard))
 8 SYSTEMPATH\CodeIgniter.php(349): CodeIgniter\CodeIgniter->handleRequest(null, Object(Config\Cache), false)
 9 FCPATH\index.php(55): CodeIgniter\CodeIgniter->run()
10 SYSTEMPATH\Commands\Server\rewrite.php(43): require_once('FCPATH\\index.php')
CRITICAL - 2022-09-11 11:45:58 --> Trying to access array offset on value of type null
in APPPATH\Views\dashboard\qr_code.php on line 35.
 1 APPPATH\Views\dashboard\qr_code.php(35): CodeIgniter\Debug\Exceptions->errorHandler(8, 'Trying to access array offset on value of type null', 'APPPATH\\Views\\dashboard\\qr_code.php', 35, [...])
 2 SYSTEMPATH\View\View.php(213): include('APPPATH\\Views\\dashboard\\qr_code.php')
 3 SYSTEMPATH\View\View.php(216): CodeIgniter\View\View->CodeIgniter\View\{closure}()
 4 SYSTEMPATH\Common.php(1135): CodeIgniter\View\View->render('dashboard/qr_code', [], true)
 5 APPPATH\Controllers\Dashboard.php(211): view('dashboard/qr_code', [...])
 6 SYSTEMPATH\CodeIgniter.php(896): App\Controllers\Dashboard->qr_code('FCPATH\\js', 'jsfunctions.js')
 7 SYSTEMPATH\CodeIgniter.php(466): CodeIgniter\CodeIgniter->runController(Object(App\Controllers\Dashboard))
 8 SYSTEMPATH\CodeIgniter.php(349): CodeIgniter\CodeIgniter->handleRequest(null, Object(Config\Cache), false)
 9 FCPATH\index.php(55): CodeIgniter\CodeIgniter->run()
10 SYSTEMPATH\Commands\Server\rewrite.php(43): require_once('FCPATH\\index.php')
CRITICAL - 2022-09-11 11:45:58 --> Trying to access array offset on value of type null
in APPPATH\Views\dashboard\qr_code.php on line 35.
 1 APPPATH\Views\dashboard\qr_code.php(35): CodeIgniter\Debug\Exceptions->errorHandler(8, 'Trying to access array offset on value of type null', 'APPPATH\\Views\\dashboard\\qr_code.php', 35, [...])
 2 SYSTEMPATH\View\View.php(213): include('APPPATH\\Views\\dashboard\\qr_code.php')
 3 SYSTEMPATH\View\View.php(216): CodeIgniter\View\View->CodeIgniter\View\{closure}()
 4 SYSTEMPATH\Common.php(1135): CodeIgniter\View\View->render('dashboard/qr_code', [], true)
 5 APPPATH\Controllers\Dashboard.php(211): view('dashboard/qr_code', [...])
 6 SYSTEMPATH\CodeIgniter.php(896): App\Controllers\Dashboard->qr_code('FCPATH\\js', 'qrcode.js')
 7 SYSTEMPATH\CodeIgniter.php(466): CodeIgniter\CodeIgniter->runController(Object(App\Controllers\Dashboard))
 8 SYSTEMPATH\CodeIgniter.php(349): CodeIgniter\CodeIgniter->handleRequest(null, Object(Config\Cache), false)
 9 FCPATH\index.php(55): CodeIgniter\CodeIgniter->run()
10 SYSTEMPATH\Commands\Server\rewrite.php(43): require_once('FCPATH\\index.php')
CRITICAL - 2022-09-11 11:46:07 --> Trying to access array offset on value of type null
in APPPATH\Views\dashboard\qr_code.php on line 35.
 1 APPPATH\Views\dashboard\qr_code.php(35): CodeIgniter\Debug\Exceptions->errorHandler(8, 'Trying to access array offset on value of type null', 'APPPATH\\Views\\dashboard\\qr_code.php', 35, [...])
 2 SYSTEMPATH\View\View.php(213): include('APPPATH\\Views\\dashboard\\qr_code.php')
 3 SYSTEMPATH\View\View.php(216): CodeIgniter\View\View->CodeIgniter\View\{closure}()
 4 SYSTEMPATH\Common.php(1135): CodeIgniter\View\View->render('dashboard/qr_code', [], true)
 5 APPPATH\Controllers\Dashboard.php(211): view('dashboard/qr_code', [...])
 6 SYSTEMPATH\CodeIgniter.php(896): App\Controllers\Dashboard->qr_code('FCPATH\\js', 'jsfunctions.js')
 7 SYSTEMPATH\CodeIgniter.php(466): CodeIgniter\CodeIgniter->runController(Object(App\Controllers\Dashboard))
 8 SYSTEMPATH\CodeIgniter.php(349): CodeIgniter\CodeIgniter->handleRequest(null, Object(Config\Cache), false)
 9 FCPATH\index.php(55): CodeIgniter\CodeIgniter->run()
10 SYSTEMPATH\Commands\Server\rewrite.php(43): require_once('FCPATH\\index.php')
CRITICAL - 2022-09-11 11:46:08 --> Trying to access array offset on value of type null
in APPPATH\Views\dashboard\qr_code.php on line 35.
 1 APPPATH\Views\dashboard\qr_code.php(35): CodeIgniter\Debug\Exceptions->errorHandler(8, 'Trying to access array offset on value of type null', 'APPPATH\\Views\\dashboard\\qr_code.php', 35, [...])
 2 SYSTEMPATH\View\View.php(213): include('APPPATH\\Views\\dashboard\\qr_code.php')
 3 SYSTEMPATH\View\View.php(216): CodeIgniter\View\View->CodeIgniter\View\{closure}()
 4 SYSTEMPATH\Common.php(1135): CodeIgniter\View\View->render('dashboard/qr_code', [], true)
 5 APPPATH\Controllers\Dashboard.php(211): view('dashboard/qr_code', [...])
 6 SYSTEMPATH\CodeIgniter.php(896): App\Controllers\Dashboard->qr_code('FCPATH\\js', 'qrcode.js')
 7 SYSTEMPATH\CodeIgniter.php(466): CodeIgniter\CodeIgniter->runController(Object(App\Controllers\Dashboard))
 8 SYSTEMPATH\CodeIgniter.php(349): CodeIgniter\CodeIgniter->handleRequest(null, Object(Config\Cache), false)
 9 FCPATH\index.php(55): CodeIgniter\CodeIgniter->run()
10 SYSTEMPATH\Commands\Server\rewrite.php(43): require_once('FCPATH\\index.php')
CRITICAL - 2022-09-11 11:46:21 --> Trying to access array offset on value of type null
in APPPATH\Views\dashboard\qr_code.php on line 35.
 1 APPPATH\Views\dashboard\qr_code.php(35): CodeIgniter\Debug\Exceptions->errorHandler(8, 'Trying to access array offset on value of type null', 'APPPATH\\Views\\dashboard\\qr_code.php', 35, [...])
 2 SYSTEMPATH\View\View.php(213): include('APPPATH\\Views\\dashboard\\qr_code.php')
 3 SYSTEMPATH\View\View.php(216): CodeIgniter\View\View->CodeIgniter\View\{closure}()
 4 SYSTEMPATH\Common.php(1135): CodeIgniter\View\View->render('dashboard/qr_code', [], true)
 5 APPPATH\Controllers\Dashboard.php(211): view('dashboard/qr_code', [...])
 6 SYSTEMPATH\CodeIgniter.php(896): App\Controllers\Dashboard->qr_code('FCPATH\\js', 'jsfunctions.js')
 7 SYSTEMPATH\CodeIgniter.php(466): CodeIgniter\CodeIgniter->runController(Object(App\Controllers\Dashboard))
 8 SYSTEMPATH\CodeIgniter.php(349): CodeIgniter\CodeIgniter->handleRequest(null, Object(Config\Cache), false)
 9 FCPATH\index.php(55): CodeIgniter\CodeIgniter->run()
10 SYSTEMPATH\Commands\Server\rewrite.php(43): require_once('FCPATH\\index.php')
CRITICAL - 2022-09-11 11:46:21 --> Trying to access array offset on value of type null
in APPPATH\Views\dashboard\qr_code.php on line 35.
 1 APPPATH\Views\dashboard\qr_code.php(35): CodeIgniter\Debug\Exceptions->errorHandler(8, 'Trying to access array offset on value of type null', 'APPPATH\\Views\\dashboard\\qr_code.php', 35, [...])
 2 SYSTEMPATH\View\View.php(213): include('APPPATH\\Views\\dashboard\\qr_code.php')
 3 SYSTEMPATH\View\View.php(216): CodeIgniter\View\View->CodeIgniter\View\{closure}()
 4 SYSTEMPATH\Common.php(1135): CodeIgniter\View\View->render('dashboard/qr_code', [], true)
 5 APPPATH\Controllers\Dashboard.php(211): view('dashboard/qr_code', [...])
 6 SYSTEMPATH\CodeIgniter.php(896): App\Controllers\Dashboard->qr_code('FCPATH\\js', 'qrcode.js')
 7 SYSTEMPATH\CodeIgniter.php(466): CodeIgniter\CodeIgniter->runController(Object(App\Controllers\Dashboard))
 8 SYSTEMPATH\CodeIgniter.php(349): CodeIgniter\CodeIgniter->handleRequest(null, Object(Config\Cache), false)
 9 FCPATH\index.php(55): CodeIgniter\CodeIgniter->run()
10 SYSTEMPATH\Commands\Server\rewrite.php(43): require_once('FCPATH\\index.php')
CRITICAL - 2022-09-11 11:46:29 --> Trying to access array offset on value of type null
in APPPATH\Views\dashboard\qr_code.php on line 35.
 1 APPPATH\Views\dashboard\qr_code.php(35): CodeIgniter\Debug\Exceptions->errorHandler(8, 'Trying to access array offset on value of type null', 'APPPATH\\Views\\dashboard\\qr_code.php', 35, [...])
 2 SYSTEMPATH\View\View.php(213): include('APPPATH\\Views\\dashboard\\qr_code.php')
 3 SYSTEMPATH\View\View.php(216): CodeIgniter\View\View->CodeIgniter\View\{closure}()
 4 SYSTEMPATH\Common.php(1135): CodeIgniter\View\View->render('dashboard/qr_code', [], true)
 5 APPPATH\Controllers\Dashboard.php(211): view('dashboard/qr_code', [...])
 6 SYSTEMPATH\CodeIgniter.php(896): App\Controllers\Dashboard->qr_code('FCPATH\\js', 'jsfunctions.js')
 7 SYSTEMPATH\CodeIgniter.php(466): CodeIgniter\CodeIgniter->runController(Object(App\Controllers\Dashboard))
 8 SYSTEMPATH\CodeIgniter.php(349): CodeIgniter\CodeIgniter->handleRequest(null, Object(Config\Cache), false)
 9 FCPATH\index.php(55): CodeIgniter\CodeIgniter->run()
10 SYSTEMPATH\Commands\Server\rewrite.php(43): require_once('FCPATH\\index.php')
CRITICAL - 2022-09-11 11:46:29 --> Trying to access array offset on value of type null
in APPPATH\Views\dashboard\qr_code.php on line 35.
 1 APPPATH\Views\dashboard\qr_code.php(35): CodeIgniter\Debug\Exceptions->errorHandler(8, 'Trying to access array offset on value of type null', 'APPPATH\\Views\\dashboard\\qr_code.php', 35, [...])
 2 SYSTEMPATH\View\View.php(213): include('APPPATH\\Views\\dashboard\\qr_code.php')
 3 SYSTEMPATH\View\View.php(216): CodeIgniter\View\View->CodeIgniter\View\{closure}()
 4 SYSTEMPATH\Common.php(1135): CodeIgniter\View\View->render('dashboard/qr_code', [], true)
 5 APPPATH\Controllers\Dashboard.php(211): view('dashboard/qr_code', [...])
 6 SYSTEMPATH\CodeIgniter.php(896): App\Controllers\Dashboard->qr_code('FCPATH\\js', 'qrcode.js')
 7 SYSTEMPATH\CodeIgniter.php(466): CodeIgniter\CodeIgniter->runController(Object(App\Controllers\Dashboard))
 8 SYSTEMPATH\CodeIgniter.php(349): CodeIgniter\CodeIgniter->handleRequest(null, Object(Config\Cache), false)
 9 FCPATH\index.php(55): CodeIgniter\CodeIgniter->run()
10 SYSTEMPATH\Commands\Server\rewrite.php(43): require_once('FCPATH\\index.php')
CRITICAL - 2022-09-11 11:46:35 --> Trying to access array offset on value of type null
in APPPATH\Views\dashboard\qr_code.php on line 35.
 1 APPPATH\Views\dashboard\qr_code.php(35): CodeIgniter\Debug\Exceptions->errorHandler(8, 'Trying to access array offset on value of type null', 'APPPATH\\Views\\dashboard\\qr_code.php', 35, [...])
 2 SYSTEMPATH\View\View.php(213): include('APPPATH\\Views\\dashboard\\qr_code.php')
 3 SYSTEMPATH\View\View.php(216): CodeIgniter\View\View->CodeIgniter\View\{closure}()
 4 SYSTEMPATH\Common.php(1135): CodeIgniter\View\View->render('dashboard/qr_code', [], true)
 5 APPPATH\Controllers\Dashboard.php(211): view('dashboard/qr_code', [...])
 6 SYSTEMPATH\CodeIgniter.php(896): App\Controllers\Dashboard->qr_code('FCPATH\\js', 'jsfunctions.js')
 7 SYSTEMPATH\CodeIgniter.php(466): CodeIgniter\CodeIgniter->runController(Object(App\Controllers\Dashboard))
 8 SYSTEMPATH\CodeIgniter.php(349): CodeIgniter\CodeIgniter->handleRequest(null, Object(Config\Cache), false)
 9 FCPATH\index.php(55): CodeIgniter\CodeIgniter->run()
10 SYSTEMPATH\Commands\Server\rewrite.php(43): require_once('FCPATH\\index.php')
CRITICAL - 2022-09-11 11:46:35 --> Trying to access array offset on value of type null
in APPPATH\Views\dashboard\qr_code.php on line 35.
 1 APPPATH\Views\dashboard\qr_code.php(35): CodeIgniter\Debug\Exceptions->errorHandler(8, 'Trying to access array offset on value of type null', 'APPPATH\\Views\\dashboard\\qr_code.php', 35, [...])
 2 SYSTEMPATH\View\View.php(213): include('APPPATH\\Views\\dashboard\\qr_code.php')
 3 SYSTEMPATH\View\View.php(216): CodeIgniter\View\View->CodeIgniter\View\{closure}()
 4 SYSTEMPATH\Common.php(1135): CodeIgniter\View\View->render('dashboard/qr_code', [], true)
 5 APPPATH\Controllers\Dashboard.php(211): view('dashboard/qr_code', [...])
 6 SYSTEMPATH\CodeIgniter.php(896): App\Controllers\Dashboard->qr_code('FCPATH\\js', 'qrcode.js')
 7 SYSTEMPATH\CodeIgniter.php(466): CodeIgniter\CodeIgniter->runController(Object(App\Controllers\Dashboard))
 8 SYSTEMPATH\CodeIgniter.php(349): CodeIgniter\CodeIgniter->handleRequest(null, Object(Config\Cache), false)
 9 FCPATH\index.php(55): CodeIgniter\CodeIgniter->run()
10 SYSTEMPATH\Commands\Server\rewrite.php(43): require_once('FCPATH\\index.php')
CRITICAL - 2022-09-11 11:48:12 --> Trying to access array offset on value of type null
in APPPATH\Views\dashboard\qr_code.php on line 36.
 1 APPPATH\Views\dashboard\qr_code.php(36): CodeIgniter\Debug\Exceptions->errorHandler(8, 'Trying to access array offset on value of type null', 'APPPATH\\Views\\dashboard\\qr_code.php', 36, [...])
 2 SYSTEMPATH\View\View.php(213): include('APPPATH\\Views\\dashboard\\qr_code.php')
 3 SYSTEMPATH\View\View.php(216): CodeIgniter\View\View->CodeIgniter\View\{closure}()
 4 SYSTEMPATH\Common.php(1135): CodeIgniter\View\View->render('dashboard/qr_code', [], true)
 5 APPPATH\Controllers\Dashboard.php(211): view('dashboard/qr_code', [...])
 6 SYSTEMPATH\CodeIgniter.php(896): App\Controllers\Dashboard->qr_code('FCPATH\\js', 'jsfunctions.js')
 7 SYSTEMPATH\CodeIgniter.php(466): CodeIgniter\CodeIgniter->runController(Object(App\Controllers\Dashboard))
 8 SYSTEMPATH\CodeIgniter.php(349): CodeIgniter\CodeIgniter->handleRequest(null, Object(Config\Cache), false)
 9 FCPATH\index.php(55): CodeIgniter\CodeIgniter->run()
10 SYSTEMPATH\Commands\Server\rewrite.php(43): require_once('FCPATH\\index.php')
CRITICAL - 2022-09-11 11:48:12 --> Trying to access array offset on value of type null
in APPPATH\Views\dashboard\qr_code.php on line 36.
 1 APPPATH\Views\dashboard\qr_code.php(36): CodeIgniter\Debug\Exceptions->errorHandler(8, 'Trying to access array offset on value of type null', 'APPPATH\\Views\\dashboard\\qr_code.php', 36, [...])
 2 SYSTEMPATH\View\View.php(213): include('APPPATH\\Views\\dashboard\\qr_code.php')
 3 SYSTEMPATH\View\View.php(216): CodeIgniter\View\View->CodeIgniter\View\{closure}()
 4 SYSTEMPATH\Common.php(1135): CodeIgniter\View\View->render('dashboard/qr_code', [], true)
 5 APPPATH\Controllers\Dashboard.php(211): view('dashboard/qr_code', [...])
 6 SYSTEMPATH\CodeIgniter.php(896): App\Controllers\Dashboard->qr_code('FCPATH\\js', 'qrcode.js')
 7 SYSTEMPATH\CodeIgniter.php(466): CodeIgniter\CodeIgniter->runController(Object(App\Controllers\Dashboard))
 8 SYSTEMPATH\CodeIgniter.php(349): CodeIgniter\CodeIgniter->handleRequest(null, Object(Config\Cache), false)
 9 FCPATH\index.php(55): CodeIgniter\CodeIgniter->run()
10 SYSTEMPATH\Commands\Server\rewrite.php(43): require_once('FCPATH\\index.php')
CRITICAL - 2022-09-11 11:48:19 --> Trying to access array offset on value of type null
in APPPATH\Views\dashboard\qr_code.php on line 36.
 1 APPPATH\Views\dashboard\qr_code.php(36): CodeIgniter\Debug\Exceptions->errorHandler(8, 'Trying to access array offset on value of type null', 'APPPATH\\Views\\dashboard\\qr_code.php', 36, [...])
 2 SYSTEMPATH\View\View.php(213): include('APPPATH\\Views\\dashboard\\qr_code.php')
 3 SYSTEMPATH\View\View.php(216): CodeIgniter\View\View->CodeIgniter\View\{closure}()
 4 SYSTEMPATH\Common.php(1135): CodeIgniter\View\View->render('dashboard/qr_code', [], true)
 5 APPPATH\Controllers\Dashboard.php(211): view('dashboard/qr_code', [...])
 6 SYSTEMPATH\CodeIgniter.php(896): App\Controllers\Dashboard->qr_code('FCPATH\\js', 'jsfunctions.js')
 7 SYSTEMPATH\CodeIgniter.php(466): CodeIgniter\CodeIgniter->runController(Object(App\Controllers\Dashboard))
 8 SYSTEMPATH\CodeIgniter.php(349): CodeIgniter\CodeIgniter->handleRequest(null, Object(Config\Cache), false)
 9 FCPATH\index.php(55): CodeIgniter\CodeIgniter->run()
10 SYSTEMPATH\Commands\Server\rewrite.php(43): require_once('FCPATH\\index.php')
CRITICAL - 2022-09-11 11:48:19 --> Trying to access array offset on value of type null
in APPPATH\Views\dashboard\qr_code.php on line 36.
 1 APPPATH\Views\dashboard\qr_code.php(36): CodeIgniter\Debug\Exceptions->errorHandler(8, 'Trying to access array offset on value of type null', 'APPPATH\\Views\\dashboard\\qr_code.php', 36, [...])
 2 SYSTEMPATH\View\View.php(213): include('APPPATH\\Views\\dashboard\\qr_code.php')
 3 SYSTEMPATH\View\View.php(216): CodeIgniter\View\View->CodeIgniter\View\{closure}()
 4 SYSTEMPATH\Common.php(1135): CodeIgniter\View\View->render('dashboard/qr_code', [], true)
 5 APPPATH\Controllers\Dashboard.php(211): view('dashboard/qr_code', [...])
 6 SYSTEMPATH\CodeIgniter.php(896): App\Controllers\Dashboard->qr_code('FCPATH\\js', 'qrcode.js')
 7 SYSTEMPATH\CodeIgniter.php(466): CodeIgniter\CodeIgniter->runController(Object(App\Controllers\Dashboard))
 8 SYSTEMPATH\CodeIgniter.php(349): CodeIgniter\CodeIgniter->handleRequest(null, Object(Config\Cache), false)
 9 FCPATH\index.php(55): CodeIgniter\CodeIgniter->run()
10 SYSTEMPATH\Commands\Server\rewrite.php(43): require_once('FCPATH\\index.php')
CRITICAL - 2022-09-11 11:48:42 --> Trying to access array offset on value of type null
in APPPATH\Views\dashboard\qr_code.php on line 39.
 1 APPPATH\Views\dashboard\qr_code.php(39): CodeIgniter\Debug\Exceptions->errorHandler(8, 'Trying to access array offset on value of type null', 'APPPATH\\Views\\dashboard\\qr_code.php', 39, [...])
 2 SYSTEMPATH\View\View.php(213): include('APPPATH\\Views\\dashboard\\qr_code.php')
 3 SYSTEMPATH\View\View.php(216): CodeIgniter\View\View->CodeIgniter\View\{closure}()
 4 SYSTEMPATH\Common.php(1135): CodeIgniter\View\View->render('dashboard/qr_code', [], true)
 5 APPPATH\Controllers\Dashboard.php(211): view('dashboard/qr_code', [...])
 6 SYSTEMPATH\CodeIgniter.php(896): App\Controllers\Dashboard->qr_code('FCPATH\\js', 'jsfunctions.js')
 7 SYSTEMPATH\CodeIgniter.php(466): CodeIgniter\CodeIgniter->runController(Object(App\Controllers\Dashboard))
 8 SYSTEMPATH\CodeIgniter.php(349): CodeIgniter\CodeIgniter->handleRequest(null, Object(Config\Cache), false)
 9 FCPATH\index.php(55): CodeIgniter\CodeIgniter->run()
10 SYSTEMPATH\Commands\Server\rewrite.php(43): require_once('FCPATH\\index.php')
CRITICAL - 2022-09-11 11:48:42 --> Trying to access array offset on value of type null
in APPPATH\Views\dashboard\qr_code.php on line 39.
 1 APPPATH\Views\dashboard\qr_code.php(39): CodeIgniter\Debug\Exceptions->errorHandler(8, 'Trying to access array offset on value of type null', 'APPPATH\\Views\\dashboard\\qr_code.php', 39, [...])
 2 SYSTEMPATH\View\View.php(213): include('APPPATH\\Views\\dashboard\\qr_code.php')
 3 SYSTEMPATH\View\View.php(216): CodeIgniter\View\View->CodeIgniter\View\{closure}()
 4 SYSTEMPATH\Common.php(1135): CodeIgniter\View\View->render('dashboard/qr_code', [], true)
 5 APPPATH\Controllers\Dashboard.php(211): view('dashboard/qr_code', [...])
 6 SYSTEMPATH\CodeIgniter.php(896): App\Controllers\Dashboard->qr_code('FCPATH\\js', 'qrcode.js')
 7 SYSTEMPATH\CodeIgniter.php(466): CodeIgniter\CodeIgniter->runController(Object(App\Controllers\Dashboard))
 8 SYSTEMPATH\CodeIgniter.php(349): CodeIgniter\CodeIgniter->handleRequest(null, Object(Config\Cache), false)
 9 FCPATH\index.php(55): CodeIgniter\CodeIgniter->run()
10 SYSTEMPATH\Commands\Server\rewrite.php(43): require_once('FCPATH\\index.php')
CRITICAL - 2022-09-11 11:48:51 --> Trying to access array offset on value of type null
in APPPATH\Views\dashboard\qr_code.php on line 39.
 1 APPPATH\Views\dashboard\qr_code.php(39): CodeIgniter\Debug\Exceptions->errorHandler(8, 'Trying to access array offset on value of type null', 'APPPATH\\Views\\dashboard\\qr_code.php', 39, [...])
 2 SYSTEMPATH\View\View.php(213): include('APPPATH\\Views\\dashboard\\qr_code.php')
 3 SYSTEMPATH\View\View.php(216): CodeIgniter\View\View->CodeIgniter\View\{closure}()
 4 SYSTEMPATH\Common.php(1135): CodeIgniter\View\View->render('dashboard/qr_code', [], true)
 5 APPPATH\Controllers\Dashboard.php(211): view('dashboard/qr_code', [...])
 6 SYSTEMPATH\CodeIgniter.php(896): App\Controllers\Dashboard->qr_code('FCPATH\\js', 'jsfunctions.js')
 7 SYSTEMPATH\CodeIgniter.php(466): CodeIgniter\CodeIgniter->runController(Object(App\Controllers\Dashboard))
 8 SYSTEMPATH\CodeIgniter.php(349): CodeIgniter\CodeIgniter->handleRequest(null, Object(Config\Cache), false)
 9 FCPATH\index.php(55): CodeIgniter\CodeIgniter->run()
10 SYSTEMPATH\Commands\Server\rewrite.php(43): require_once('FCPATH\\index.php')
CRITICAL - 2022-09-11 11:48:51 --> Trying to access array offset on value of type null
in APPPATH\Views\dashboard\qr_code.php on line 39.
 1 APPPATH\Views\dashboard\qr_code.php(39): CodeIgniter\Debug\Exceptions->errorHandler(8, 'Trying to access array offset on value of type null', 'APPPATH\\Views\\dashboard\\qr_code.php', 39, [...])
 2 SYSTEMPATH\View\View.php(213): include('APPPATH\\Views\\dashboard\\qr_code.php')
 3 SYSTEMPATH\View\View.php(216): CodeIgniter\View\View->CodeIgniter\View\{closure}()
 4 SYSTEMPATH\Common.php(1135): CodeIgniter\View\View->render('dashboard/qr_code', [], true)
 5 APPPATH\Controllers\Dashboard.php(211): view('dashboard/qr_code', [...])
 6 SYSTEMPATH\CodeIgniter.php(896): App\Controllers\Dashboard->qr_code('FCPATH\\js', 'qrcode.js')
 7 SYSTEMPATH\CodeIgniter.php(466): CodeIgniter\CodeIgniter->runController(Object(App\Controllers\Dashboard))
 8 SYSTEMPATH\CodeIgniter.php(349): CodeIgniter\CodeIgniter->handleRequest(null, Object(Config\Cache), false)
 9 FCPATH\index.php(55): CodeIgniter\CodeIgniter->run()
10 SYSTEMPATH\Commands\Server\rewrite.php(43): require_once('FCPATH\\index.php')
CRITICAL - 2022-09-11 11:49:05 --> Trying to access array offset on value of type null
in APPPATH\Views\dashboard\qr_code.php on line 39.
 1 APPPATH\Views\dashboard\qr_code.php(39): CodeIgniter\Debug\Exceptions->errorHandler(8, 'Trying to access array offset on value of type null', 'APPPATH\\Views\\dashboard\\qr_code.php', 39, [...])
 2 SYSTEMPATH\View\View.php(213): include('APPPATH\\Views\\dashboard\\qr_code.php')
 3 SYSTEMPATH\View\View.php(216): CodeIgniter\View\View->CodeIgniter\View\{closure}()
 4 SYSTEMPATH\Common.php(1135): CodeIgniter\View\View->render('dashboard/qr_code', [], true)
 5 APPPATH\Controllers\Dashboard.php(211): view('dashboard/qr_code', [...])
 6 SYSTEMPATH\CodeIgniter.php(896): App\Controllers\Dashboard->qr_code('FCPATH\\js', 'jsfunctions.js')
 7 SYSTEMPATH\CodeIgniter.php(466): CodeIgniter\CodeIgniter->runController(Object(App\Controllers\Dashboard))
 8 SYSTEMPATH\CodeIgniter.php(349): CodeIgniter\CodeIgniter->handleRequest(null, Object(Config\Cache), false)
 9 FCPATH\index.php(55): CodeIgniter\CodeIgniter->run()
10 SYSTEMPATH\Commands\Server\rewrite.php(43): require_once('FCPATH\\index.php')
CRITICAL - 2022-09-11 11:49:05 --> Trying to access array offset on value of type null
in APPPATH\Views\dashboard\qr_code.php on line 39.
 1 APPPATH\Views\dashboard\qr_code.php(39): CodeIgniter\Debug\Exceptions->errorHandler(8, 'Trying to access array offset on value of type null', 'APPPATH\\Views\\dashboard\\qr_code.php', 39, [...])
 2 SYSTEMPATH\View\View.php(213): include('APPPATH\\Views\\dashboard\\qr_code.php')
 3 SYSTEMPATH\View\View.php(216): CodeIgniter\View\View->CodeIgniter\View\{closure}()
 4 SYSTEMPATH\Common.php(1135): CodeIgniter\View\View->render('dashboard/qr_code', [], true)
 5 APPPATH\Controllers\Dashboard.php(211): view('dashboard/qr_code', [...])
 6 SYSTEMPATH\CodeIgniter.php(896): App\Controllers\Dashboard->qr_code('FCPATH\\js', 'qrcode.js')
 7 SYSTEMPATH\CodeIgniter.php(466): CodeIgniter\CodeIgniter->runController(Object(App\Controllers\Dashboard))
 8 SYSTEMPATH\CodeIgniter.php(349): CodeIgniter\CodeIgniter->handleRequest(null, Object(Config\Cache), false)
 9 FCPATH\index.php(55): CodeIgniter\CodeIgniter->run()
10 SYSTEMPATH\Commands\Server\rewrite.php(43): require_once('FCPATH\\index.php')
CRITICAL - 2022-09-11 11:49:15 --> Trying to access array offset on value of type null
in APPPATH\Views\dashboard\qr_code.php on line 39.
 1 APPPATH\Views\dashboard\qr_code.php(39): CodeIgniter\Debug\Exceptions->errorHandler(8, 'Trying to access array offset on value of type null', 'APPPATH\\Views\\dashboard\\qr_code.php', 39, [...])
 2 SYSTEMPATH\View\View.php(213): include('APPPATH\\Views\\dashboard\\qr_code.php')
 3 SYSTEMPATH\View\View.php(216): CodeIgniter\View\View->CodeIgniter\View\{closure}()
 4 SYSTEMPATH\Common.php(1135): CodeIgniter\View\View->render('dashboard/qr_code', [], true)
 5 APPPATH\Controllers\Dashboard.php(211): view('dashboard/qr_code', [...])
 6 SYSTEMPATH\CodeIgniter.php(896): App\Controllers\Dashboard->qr_code('FCPATH\\js', 'jsfunctions.js')
 7 SYSTEMPATH\CodeIgniter.php(466): CodeIgniter\CodeIgniter->runController(Object(App\Controllers\Dashboard))
 8 SYSTEMPATH\CodeIgniter.php(349): CodeIgniter\CodeIgniter->handleRequest(null, Object(Config\Cache), false)
 9 FCPATH\index.php(55): CodeIgniter\CodeIgniter->run()
10 SYSTEMPATH\Commands\Server\rewrite.php(43): require_once('FCPATH\\index.php')
CRITICAL - 2022-09-11 11:49:15 --> Trying to access array offset on value of type null
in APPPATH\Views\dashboard\qr_code.php on line 39.
 1 APPPATH\Views\dashboard\qr_code.php(39): CodeIgniter\Debug\Exceptions->errorHandler(8, 'Trying to access array offset on value of type null', 'APPPATH\\Views\\dashboard\\qr_code.php', 39, [...])
 2 SYSTEMPATH\View\View.php(213): include('APPPATH\\Views\\dashboard\\qr_code.php')
 3 SYSTEMPATH\View\View.php(216): CodeIgniter\View\View->CodeIgniter\View\{closure}()
 4 SYSTEMPATH\Common.php(1135): CodeIgniter\View\View->render('dashboard/qr_code', [], true)
 5 APPPATH\Controllers\Dashboard.php(211): view('dashboard/qr_code', [...])
 6 SYSTEMPATH\CodeIgniter.php(896): App\Controllers\Dashboard->qr_code('FCPATH\\js', 'qrcode.js')
 7 SYSTEMPATH\CodeIgniter.php(466): CodeIgniter\CodeIgniter->runController(Object(App\Controllers\Dashboard))
 8 SYSTEMPATH\CodeIgniter.php(349): CodeIgniter\CodeIgniter->handleRequest(null, Object(Config\Cache), false)
 9 FCPATH\index.php(55): CodeIgniter\CodeIgniter->run()
10 SYSTEMPATH\Commands\Server\rewrite.php(43): require_once('FCPATH\\index.php')
CRITICAL - 2022-09-11 11:49:19 --> Trying to access array offset on value of type null
in APPPATH\Views\dashboard\qr_code.php on line 39.
 1 APPPATH\Views\dashboard\qr_code.php(39): CodeIgniter\Debug\Exceptions->errorHandler(8, 'Trying to access array offset on value of type null', 'APPPATH\\Views\\dashboard\\qr_code.php', 39, [...])
 2 SYSTEMPATH\View\View.php(213): include('APPPATH\\Views\\dashboard\\qr_code.php')
 3 SYSTEMPATH\View\View.php(216): CodeIgniter\View\View->CodeIgniter\View\{closure}()
 4 SYSTEMPATH\Common.php(1135): CodeIgniter\View\View->render('dashboard/qr_code', [], true)
 5 APPPATH\Controllers\Dashboard.php(211): view('dashboard/qr_code', [...])
 6 SYSTEMPATH\CodeIgniter.php(896): App\Controllers\Dashboard->qr_code('FCPATH\\js', 'jsfunctions.js')
 7 SYSTEMPATH\CodeIgniter.php(466): CodeIgniter\CodeIgniter->runController(Object(App\Controllers\Dashboard))
 8 SYSTEMPATH\CodeIgniter.php(349): CodeIgniter\CodeIgniter->handleRequest(null, Object(Config\Cache), false)
 9 FCPATH\index.php(55): CodeIgniter\CodeIgniter->run()
10 SYSTEMPATH\Commands\Server\rewrite.php(43): require_once('FCPATH\\index.php')
CRITICAL - 2022-09-11 11:49:19 --> Trying to access array offset on value of type null
in APPPATH\Views\dashboard\qr_code.php on line 39.
 1 APPPATH\Views\dashboard\qr_code.php(39): CodeIgniter\Debug\Exceptions->errorHandler(8, 'Trying to access array offset on value of type null', 'APPPATH\\Views\\dashboard\\qr_code.php', 39, [...])
 2 SYSTEMPATH\View\View.php(213): include('APPPATH\\Views\\dashboard\\qr_code.php')
 3 SYSTEMPATH\View\View.php(216): CodeIgniter\View\View->CodeIgniter\View\{closure}()
 4 SYSTEMPATH\Common.php(1135): CodeIgniter\View\View->render('dashboard/qr_code', [], true)
 5 APPPATH\Controllers\Dashboard.php(211): view('dashboard/qr_code', [...])
 6 SYSTEMPATH\CodeIgniter.php(896): App\Controllers\Dashboard->qr_code('FCPATH\\js', 'qrcode.js')
 7 SYSTEMPATH\CodeIgniter.php(466): CodeIgniter\CodeIgniter->runController(Object(App\Controllers\Dashboard))
 8 SYSTEMPATH\CodeIgniter.php(349): CodeIgniter\CodeIgniter->handleRequest(null, Object(Config\Cache), false)
 9 FCPATH\index.php(55): CodeIgniter\CodeIgniter->run()
10 SYSTEMPATH\Commands\Server\rewrite.php(43): require_once('FCPATH\\index.php')
CRITICAL - 2022-09-11 11:49:52 --> Trying to access array offset on value of type null
in APPPATH\Views\dashboard\qr_code.php on line 39.
 1 APPPATH\Views\dashboard\qr_code.php(39): CodeIgniter\Debug\Exceptions->errorHandler(8, 'Trying to access array offset on value of type null', 'APPPATH\\Views\\dashboard\\qr_code.php', 39, [...])
 2 SYSTEMPATH\View\View.php(213): include('APPPATH\\Views\\dashboard\\qr_code.php')
 3 SYSTEMPATH\View\View.php(216): CodeIgniter\View\View->CodeIgniter\View\{closure}()
 4 SYSTEMPATH\Common.php(1135): CodeIgniter\View\View->render('dashboard/qr_code', [], true)
 5 APPPATH\Controllers\Dashboard.php(211): view('dashboard/qr_code', [...])
 6 SYSTEMPATH\CodeIgniter.php(896): App\Controllers\Dashboard->qr_code('FCPATH\\js', 'jsfunctions.js')
 7 SYSTEMPATH\CodeIgniter.php(466): CodeIgniter\CodeIgniter->runController(Object(App\Controllers\Dashboard))
 8 SYSTEMPATH\CodeIgniter.php(349): CodeIgniter\CodeIgniter->handleRequest(null, Object(Config\Cache), false)
 9 FCPATH\index.php(55): CodeIgniter\CodeIgniter->run()
10 SYSTEMPATH\Commands\Server\rewrite.php(43): require_once('FCPATH\\index.php')
CRITICAL - 2022-09-11 11:49:52 --> Trying to access array offset on value of type null
in APPPATH\Views\dashboard\qr_code.php on line 39.
 1 APPPATH\Views\dashboard\qr_code.php(39): CodeIgniter\Debug\Exceptions->errorHandler(8, 'Trying to access array offset on value of type null', 'APPPATH\\Views\\dashboard\\qr_code.php', 39, [...])
 2 SYSTEMPATH\View\View.php(213): include('APPPATH\\Views\\dashboard\\qr_code.php')
 3 SYSTEMPATH\View\View.php(216): CodeIgniter\View\View->CodeIgniter\View\{closure}()
 4 SYSTEMPATH\Common.php(1135): CodeIgniter\View\View->render('dashboard/qr_code', [], true)
 5 APPPATH\Controllers\Dashboard.php(211): view('dashboard/qr_code', [...])
 6 SYSTEMPATH\CodeIgniter.php(896): App\Controllers\Dashboard->qr_code('FCPATH\\js', 'qrcode.js')
 7 SYSTEMPATH\CodeIgniter.php(466): CodeIgniter\CodeIgniter->runController(Object(App\Controllers\Dashboard))
 8 SYSTEMPATH\CodeIgniter.php(349): CodeIgniter\CodeIgniter->handleRequest(null, Object(Config\Cache), false)
 9 FCPATH\index.php(55): CodeIgniter\CodeIgniter->run()
10 SYSTEMPATH\Commands\Server\rewrite.php(43): require_once('FCPATH\\index.php')
CRITICAL - 2022-09-11 11:50:00 --> Trying to access array offset on value of type null
in APPPATH\Views\dashboard\qr_code.php on line 39.
 1 APPPATH\Views\dashboard\qr_code.php(39): CodeIgniter\Debug\Exceptions->errorHandler(8, 'Trying to access array offset on value of type null', 'APPPATH\\Views\\dashboard\\qr_code.php', 39, [...])
 2 SYSTEMPATH\View\View.php(213): include('APPPATH\\Views\\dashboard\\qr_code.php')
 3 SYSTEMPATH\View\View.php(216): CodeIgniter\View\View->CodeIgniter\View\{closure}()
 4 SYSTEMPATH\Common.php(1135): CodeIgniter\View\View->render('dashboard/qr_code', [], true)
 5 APPPATH\Controllers\Dashboard.php(211): view('dashboard/qr_code', [...])
 6 SYSTEMPATH\CodeIgniter.php(896): App\Controllers\Dashboard->qr_code('FCPATH\\js', 'jsfunctions.js')
 7 SYSTEMPATH\CodeIgniter.php(466): CodeIgniter\CodeIgniter->runController(Object(App\Controllers\Dashboard))
 8 SYSTEMPATH\CodeIgniter.php(349): CodeIgniter\CodeIgniter->handleRequest(null, Object(Config\Cache), false)
 9 FCPATH\index.php(55): CodeIgniter\CodeIgniter->run()
10 SYSTEMPATH\Commands\Server\rewrite.php(43): require_once('FCPATH\\index.php')
CRITICAL - 2022-09-11 11:50:00 --> Trying to access array offset on value of type null
in APPPATH\Views\dashboard\qr_code.php on line 39.
 1 APPPATH\Views\dashboard\qr_code.php(39): CodeIgniter\Debug\Exceptions->errorHandler(8, 'Trying to access array offset on value of type null', 'APPPATH\\Views\\dashboard\\qr_code.php', 39, [...])
 2 SYSTEMPATH\View\View.php(213): include('APPPATH\\Views\\dashboard\\qr_code.php')
 3 SYSTEMPATH\View\View.php(216): CodeIgniter\View\View->CodeIgniter\View\{closure}()
 4 SYSTEMPATH\Common.php(1135): CodeIgniter\View\View->render('dashboard/qr_code', [], true)
 5 APPPATH\Controllers\Dashboard.php(211): view('dashboard/qr_code', [...])
 6 SYSTEMPATH\CodeIgniter.php(896): App\Controllers\Dashboard->qr_code('FCPATH\\js', 'qrcode.js')
 7 SYSTEMPATH\CodeIgniter.php(466): CodeIgniter\CodeIgniter->runController(Object(App\Controllers\Dashboard))
 8 SYSTEMPATH\CodeIgniter.php(349): CodeIgniter\CodeIgniter->handleRequest(null, Object(Config\Cache), false)
 9 FCPATH\index.php(55): CodeIgniter\CodeIgniter->run()
10 SYSTEMPATH\Commands\Server\rewrite.php(43): require_once('FCPATH\\index.php')
CRITICAL - 2022-09-11 11:50:12 --> Trying to access array offset on value of type null
in APPPATH\Views\dashboard\qr_code.php on line 39.
 1 APPPATH\Views\dashboard\qr_code.php(39): CodeIgniter\Debug\Exceptions->errorHandler(8, 'Trying to access array offset on value of type null', 'APPPATH\\Views\\dashboard\\qr_code.php', 39, [...])
 2 SYSTEMPATH\View\View.php(213): include('APPPATH\\Views\\dashboard\\qr_code.php')
 3 SYSTEMPATH\View\View.php(216): CodeIgniter\View\View->CodeIgniter\View\{closure}()
 4 SYSTEMPATH\Common.php(1135): CodeIgniter\View\View->render('dashboard/qr_code', [], true)
 5 APPPATH\Controllers\Dashboard.php(211): view('dashboard/qr_code', [...])
 6 SYSTEMPATH\CodeIgniter.php(896): App\Controllers\Dashboard->qr_code('FCPATH\\js', 'jsfunctions.js')
 7 SYSTEMPATH\CodeIgniter.php(466): CodeIgniter\CodeIgniter->runController(Object(App\Controllers\Dashboard))
 8 SYSTEMPATH\CodeIgniter.php(349): CodeIgniter\CodeIgniter->handleRequest(null, Object(Config\Cache), false)
 9 FCPATH\index.php(55): CodeIgniter\CodeIgniter->run()
10 SYSTEMPATH\Commands\Server\rewrite.php(43): require_once('FCPATH\\index.php')
CRITICAL - 2022-09-11 11:50:12 --> Trying to access array offset on value of type null
in APPPATH\Views\dashboard\qr_code.php on line 39.
 1 APPPATH\Views\dashboard\qr_code.php(39): CodeIgniter\Debug\Exceptions->errorHandler(8, 'Trying to access array offset on value of type null', 'APPPATH\\Views\\dashboard\\qr_code.php', 39, [...])
 2 SYSTEMPATH\View\View.php(213): include('APPPATH\\Views\\dashboard\\qr_code.php')
 3 SYSTEMPATH\View\View.php(216): CodeIgniter\View\View->CodeIgniter\View\{closure}()
 4 SYSTEMPATH\Common.php(1135): CodeIgniter\View\View->render('dashboard/qr_code', [], true)
 5 APPPATH\Controllers\Dashboard.php(211): view('dashboard/qr_code', [...])
 6 SYSTEMPATH\CodeIgniter.php(896): App\Controllers\Dashboard->qr_code('FCPATH\\js', 'qrcode.js')
 7 SYSTEMPATH\CodeIgniter.php(466): CodeIgniter\CodeIgniter->runController(Object(App\Controllers\Dashboard))
 8 SYSTEMPATH\CodeIgniter.php(349): CodeIgniter\CodeIgniter->handleRequest(null, Object(Config\Cache), false)
 9 FCPATH\index.php(55): CodeIgniter\CodeIgniter->run()
10 SYSTEMPATH\Commands\Server\rewrite.php(43): require_once('FCPATH\\index.php')
CRITICAL - 2022-09-11 11:50:20 --> Trying to access array offset on value of type null
in APPPATH\Views\dashboard\qr_code.php on line 39.
 1 APPPATH\Views\dashboard\qr_code.php(39): CodeIgniter\Debug\Exceptions->errorHandler(8, 'Trying to access array offset on value of type null', 'APPPATH\\Views\\dashboard\\qr_code.php', 39, [...])
 2 SYSTEMPATH\View\View.php(213): include('APPPATH\\Views\\dashboard\\qr_code.php')
 3 SYSTEMPATH\View\View.php(216): CodeIgniter\View\View->CodeIgniter\View\{closure}()
 4 SYSTEMPATH\Common.php(1135): CodeIgniter\View\View->render('dashboard/qr_code', [], true)
 5 APPPATH\Controllers\Dashboard.php(211): view('dashboard/qr_code', [...])
 6 SYSTEMPATH\CodeIgniter.php(896): App\Controllers\Dashboard->qr_code('FCPATH\\js', 'jsfunctions.js')
 7 SYSTEMPATH\CodeIgniter.php(466): CodeIgniter\CodeIgniter->runController(Object(App\Controllers\Dashboard))
 8 SYSTEMPATH\CodeIgniter.php(349): CodeIgniter\CodeIgniter->handleRequest(null, Object(Config\Cache), false)
 9 FCPATH\index.php(55): CodeIgniter\CodeIgniter->run()
10 SYSTEMPATH\Commands\Server\rewrite.php(43): require_once('FCPATH\\index.php')
CRITICAL - 2022-09-11 11:50:20 --> Trying to access array offset on value of type null
in APPPATH\Views\dashboard\qr_code.php on line 39.
 1 APPPATH\Views\dashboard\qr_code.php(39): CodeIgniter\Debug\Exceptions->errorHandler(8, 'Trying to access array offset on value of type null', 'APPPATH\\Views\\dashboard\\qr_code.php', 39, [...])
 2 SYSTEMPATH\View\View.php(213): include('APPPATH\\Views\\dashboard\\qr_code.php')
 3 SYSTEMPATH\View\View.php(216): CodeIgniter\View\View->CodeIgniter\View\{closure}()
 4 SYSTEMPATH\Common.php(1135): CodeIgniter\View\View->render('dashboard/qr_code', [], true)
 5 APPPATH\Controllers\Dashboard.php(211): view('dashboard/qr_code', [...])
 6 SYSTEMPATH\CodeIgniter.php(896): App\Controllers\Dashboard->qr_code('FCPATH\\js', 'qrcode.js')
 7 SYSTEMPATH\CodeIgniter.php(466): CodeIgniter\CodeIgniter->runController(Object(App\Controllers\Dashboard))
 8 SYSTEMPATH\CodeIgniter.php(349): CodeIgniter\CodeIgniter->handleRequest(null, Object(Config\Cache), false)
 9 FCPATH\index.php(55): CodeIgniter\CodeIgniter->run()
10 SYSTEMPATH\Commands\Server\rewrite.php(43): require_once('FCPATH\\index.php')
CRITICAL - 2022-09-11 11:50:50 --> Trying to access array offset on value of type null
in APPPATH\Views\dashboard\qr_code.php on line 39.
 1 APPPATH\Views\dashboard\qr_code.php(39): CodeIgniter\Debug\Exceptions->errorHandler(8, 'Trying to access array offset on value of type null', 'APPPATH\\Views\\dashboard\\qr_code.php', 39, [...])
 2 SYSTEMPATH\View\View.php(213): include('APPPATH\\Views\\dashboard\\qr_code.php')
 3 SYSTEMPATH\View\View.php(216): CodeIgniter\View\View->CodeIgniter\View\{closure}()
 4 SYSTEMPATH\Common.php(1135): CodeIgniter\View\View->render('dashboard/qr_code', [], true)
 5 APPPATH\Controllers\Dashboard.php(211): view('dashboard/qr_code', [...])
 6 SYSTEMPATH\CodeIgniter.php(896): App\Controllers\Dashboard->qr_code('FCPATH\\js', 'jsfunctions.js')
 7 SYSTEMPATH\CodeIgniter.php(466): CodeIgniter\CodeIgniter->runController(Object(App\Controllers\Dashboard))
 8 SYSTEMPATH\CodeIgniter.php(349): CodeIgniter\CodeIgniter->handleRequest(null, Object(Config\Cache), false)
 9 FCPATH\index.php(55): CodeIgniter\CodeIgniter->run()
10 SYSTEMPATH\Commands\Server\rewrite.php(43): require_once('FCPATH\\index.php')
CRITICAL - 2022-09-11 11:50:50 --> Trying to access array offset on value of type null
in APPPATH\Views\dashboard\qr_code.php on line 39.
 1 APPPATH\Views\dashboard\qr_code.php(39): CodeIgniter\Debug\Exceptions->errorHandler(8, 'Trying to access array offset on value of type null', 'APPPATH\\Views\\dashboard\\qr_code.php', 39, [...])
 2 SYSTEMPATH\View\View.php(213): include('APPPATH\\Views\\dashboard\\qr_code.php')
 3 SYSTEMPATH\View\View.php(216): CodeIgniter\View\View->CodeIgniter\View\{closure}()
 4 SYSTEMPATH\Common.php(1135): CodeIgniter\View\View->render('dashboard/qr_code', [], true)
 5 APPPATH\Controllers\Dashboard.php(211): view('dashboard/qr_code', [...])
 6 SYSTEMPATH\CodeIgniter.php(896): App\Controllers\Dashboard->qr_code('FCPATH\\js', 'qrcode.js')
 7 SYSTEMPATH\CodeIgniter.php(466): CodeIgniter\CodeIgniter->runController(Object(App\Controllers\Dashboard))
 8 SYSTEMPATH\CodeIgniter.php(349): CodeIgniter\CodeIgniter->handleRequest(null, Object(Config\Cache), false)
 9 FCPATH\index.php(55): CodeIgniter\CodeIgniter->run()
10 SYSTEMPATH\Commands\Server\rewrite.php(43): require_once('FCPATH\\index.php')
CRITICAL - 2022-09-11 11:51:16 --> Trying to access array offset on value of type null
in APPPATH\Views\dashboard\qr_code.php on line 39.
 1 APPPATH\Views\dashboard\qr_code.php(39): CodeIgniter\Debug\Exceptions->errorHandler(8, 'Trying to access array offset on value of type null', 'APPPATH\\Views\\dashboard\\qr_code.php', 39, [...])
 2 SYSTEMPATH\View\View.php(213): include('APPPATH\\Views\\dashboard\\qr_code.php')
 3 SYSTEMPATH\View\View.php(216): CodeIgniter\View\View->CodeIgniter\View\{closure}()
 4 SYSTEMPATH\Common.php(1135): CodeIgniter\View\View->render('dashboard/qr_code', [], true)
 5 APPPATH\Controllers\Dashboard.php(211): view('dashboard/qr_code', [...])
 6 SYSTEMPATH\CodeIgniter.php(896): App\Controllers\Dashboard->qr_code('FCPATH\\js', 'jsfunctions.js')
 7 SYSTEMPATH\CodeIgniter.php(466): CodeIgniter\CodeIgniter->runController(Object(App\Controllers\Dashboard))
 8 SYSTEMPATH\CodeIgniter.php(349): CodeIgniter\CodeIgniter->handleRequest(null, Object(Config\Cache), false)
 9 FCPATH\index.php(55): CodeIgniter\CodeIgniter->run()
10 SYSTEMPATH\Commands\Server\rewrite.php(43): require_once('FCPATH\\index.php')
CRITICAL - 2022-09-11 11:51:16 --> Trying to access array offset on value of type null
in APPPATH\Views\dashboard\qr_code.php on line 39.
 1 APPPATH\Views\dashboard\qr_code.php(39): CodeIgniter\Debug\Exceptions->errorHandler(8, 'Trying to access array offset on value of type null', 'APPPATH\\Views\\dashboard\\qr_code.php', 39, [...])
 2 SYSTEMPATH\View\View.php(213): include('APPPATH\\Views\\dashboard\\qr_code.php')
 3 SYSTEMPATH\View\View.php(216): CodeIgniter\View\View->CodeIgniter\View\{closure}()
 4 SYSTEMPATH\Common.php(1135): CodeIgniter\View\View->render('dashboard/qr_code', [], true)
 5 APPPATH\Controllers\Dashboard.php(211): view('dashboard/qr_code', [...])
 6 SYSTEMPATH\CodeIgniter.php(896): App\Controllers\Dashboard->qr_code('FCPATH\\js', 'qrcode.js')
 7 SYSTEMPATH\CodeIgniter.php(466): CodeIgniter\CodeIgniter->runController(Object(App\Controllers\Dashboard))
 8 SYSTEMPATH\CodeIgniter.php(349): CodeIgniter\CodeIgniter->handleRequest(null, Object(Config\Cache), false)
 9 FCPATH\index.php(55): CodeIgniter\CodeIgniter->run()
10 SYSTEMPATH\Commands\Server\rewrite.php(43): require_once('FCPATH\\index.php')
CRITICAL - 2022-09-11 11:51:21 --> Trying to access array offset on value of type null
in APPPATH\Views\dashboard\qr_code.php on line 39.
 1 APPPATH\Views\dashboard\qr_code.php(39): CodeIgniter\Debug\Exceptions->errorHandler(8, 'Trying to access array offset on value of type null', 'APPPATH\\Views\\dashboard\\qr_code.php', 39, [...])
 2 SYSTEMPATH\View\View.php(213): include('APPPATH\\Views\\dashboard\\qr_code.php')
 3 SYSTEMPATH\View\View.php(216): CodeIgniter\View\View->CodeIgniter\View\{closure}()
 4 SYSTEMPATH\Common.php(1135): CodeIgniter\View\View->render('dashboard/qr_code', [], true)
 5 APPPATH\Controllers\Dashboard.php(211): view('dashboard/qr_code', [...])
 6 SYSTEMPATH\CodeIgniter.php(896): App\Controllers\Dashboard->qr_code('FCPATH\\js', 'jsfunctions.js')
 7 SYSTEMPATH\CodeIgniter.php(466): CodeIgniter\CodeIgniter->runController(Object(App\Controllers\Dashboard))
 8 SYSTEMPATH\CodeIgniter.php(349): CodeIgniter\CodeIgniter->handleRequest(null, Object(Config\Cache), false)
 9 FCPATH\index.php(55): CodeIgniter\CodeIgniter->run()
10 SYSTEMPATH\Commands\Server\rewrite.php(43): require_once('FCPATH\\index.php')
CRITICAL - 2022-09-11 11:51:21 --> Trying to access array offset on value of type null
in APPPATH\Views\dashboard\qr_code.php on line 39.
 1 APPPATH\Views\dashboard\qr_code.php(39): CodeIgniter\Debug\Exceptions->errorHandler(8, 'Trying to access array offset on value of type null', 'APPPATH\\Views\\dashboard\\qr_code.php', 39, [...])
 2 SYSTEMPATH\View\View.php(213): include('APPPATH\\Views\\dashboard\\qr_code.php')
 3 SYSTEMPATH\View\View.php(216): CodeIgniter\View\View->CodeIgniter\View\{closure}()
 4 SYSTEMPATH\Common.php(1135): CodeIgniter\View\View->render('dashboard/qr_code', [], true)
 5 APPPATH\Controllers\Dashboard.php(211): view('dashboard/qr_code', [...])
 6 SYSTEMPATH\CodeIgniter.php(896): App\Controllers\Dashboard->qr_code('FCPATH\\js', 'qrcode.js')
 7 SYSTEMPATH\CodeIgniter.php(466): CodeIgniter\CodeIgniter->runController(Object(App\Controllers\Dashboard))
 8 SYSTEMPATH\CodeIgniter.php(349): CodeIgniter\CodeIgniter->handleRequest(null, Object(Config\Cache), false)
 9 FCPATH\index.php(55): CodeIgniter\CodeIgniter->run()
10 SYSTEMPATH\Commands\Server\rewrite.php(43): require_once('FCPATH\\index.php')
ERROR - 2022-09-11 23:13:16 --> Error connecting to the database: No connection could be made because the target machine actively refused it.

CRITICAL - 2022-09-11 23:13:16 --> Unable to connect to the database.
Main connection [MySQLi]: No connection could be made because the target machine actively refused it.

in SYSTEMPATH\Database\BaseConnection.php on line 416.
 1 SYSTEMPATH\Database\BaseConnection.php(586): CodeIgniter\Database\BaseConnection->initialize()
 2 SYSTEMPATH\Database\BaseBuilder.php(1585): CodeIgniter\Database\BaseConnection->query('SELECT *
FROM `data_anggota`', [], false)
 3 SYSTEMPATH\Model.php(222): CodeIgniter\Database\BaseBuilder->get()
 4 SYSTEMPATH\BaseModel.php(584): CodeIgniter\Model->doFindAll(0, 0)
 5 APPPATH\Controllers\Dashboard.php(50): CodeIgniter\BaseModel->findAll()
 6 SYSTEMPATH\CodeIgniter.php(896): App\Controllers\Dashboard->index()
 7 SYSTEMPATH\CodeIgniter.php(466): CodeIgniter\CodeIgniter->runController(Object(App\Controllers\Dashboard))
 8 SYSTEMPATH\CodeIgniter.php(349): CodeIgniter\CodeIgniter->handleRequest(null, Object(Config\Cache), false)
 9 FCPATH\index.php(55): CodeIgniter\CodeIgniter->run()
10 SYSTEMPATH\Commands\Server\rewrite.php(43): require_once('FCPATH\\index.php')
CRITICAL - 2022-09-11 23:13:43 --> Trying to access array offset on value of type null
in APPPATH\Views\dashboard\qr_code.php on line 39.
 1 APPPATH\Views\dashboard\qr_code.php(39): CodeIgniter\Debug\Exceptions->errorHandler(8, 'Trying to access array offset on value of type null', 'APPPATH\\Views\\dashboard\\qr_code.php', 39, [...])
 2 SYSTEMPATH\View\View.php(213): include('APPPATH\\Views\\dashboard\\qr_code.php')
 3 SYSTEMPATH\View\View.php(216): CodeIgniter\View\View->CodeIgniter\View\{closure}()
 4 SYSTEMPATH\Common.php(1135): CodeIgniter\View\View->render('dashboard/qr_code', [], true)
 5 APPPATH\Controllers\Dashboard.php(211): view('dashboard/qr_code', [...])
 6 SYSTEMPATH\CodeIgniter.php(896): App\Controllers\Dashboard->qr_code('FCPATH\\js', 'jsfunctions.js')
 7 SYSTEMPATH\CodeIgniter.php(466): CodeIgniter\CodeIgniter->runController(Object(App\Controllers\Dashboard))
 8 SYSTEMPATH\CodeIgniter.php(349): CodeIgniter\CodeIgniter->handleRequest(null, Object(Config\Cache), false)
 9 FCPATH\index.php(55): CodeIgniter\CodeIgniter->run()
10 SYSTEMPATH\Commands\Server\rewrite.php(43): require_once('FCPATH\\index.php')
CRITICAL - 2022-09-11 23:13:43 --> Trying to access array offset on value of type null
in APPPATH\Views\dashboard\qr_code.php on line 39.
 1 APPPATH\Views\dashboard\qr_code.php(39): CodeIgniter\Debug\Exceptions->errorHandler(8, 'Trying to access array offset on value of type null', 'APPPATH\\Views\\dashboard\\qr_code.php', 39, [...])
 2 SYSTEMPATH\View\View.php(213): include('APPPATH\\Views\\dashboard\\qr_code.php')
 3 SYSTEMPATH\View\View.php(216): CodeIgniter\View\View->CodeIgniter\View\{closure}()
 4 SYSTEMPATH\Common.php(1135): CodeIgniter\View\View->render('dashboard/qr_code', [], true)
 5 APPPATH\Controllers\Dashboard.php(211): view('dashboard/qr_code', [...])
 6 SYSTEMPATH\CodeIgniter.php(896): App\Controllers\Dashboard->qr_code('FCPATH\\js', 'qrcode.js')
 7 SYSTEMPATH\CodeIgniter.php(466): CodeIgniter\CodeIgniter->runController(Object(App\Controllers\Dashboard))
 8 SYSTEMPATH\CodeIgniter.php(349): CodeIgniter\CodeIgniter->handleRequest(null, Object(Config\Cache), false)
 9 FCPATH\index.php(55): CodeIgniter\CodeIgniter->run()
10 SYSTEMPATH\Commands\Server\rewrite.php(43): require_once('FCPATH\\index.php')
CRITICAL - 2022-09-11 23:13:50 --> Trying to access array offset on value of type null
in APPPATH\Views\dashboard\qr_code.php on line 39.
 1 APPPATH\Views\dashboard\qr_code.php(39): CodeIgniter\Debug\Exceptions->errorHandler(8, 'Trying to access array offset on value of type null', 'APPPATH\\Views\\dashboard\\qr_code.php', 39, [...])
 2 SYSTEMPATH\View\View.php(213): include('APPPATH\\Views\\dashboard\\qr_code.php')
 3 SYSTEMPATH\View\View.php(216): CodeIgniter\View\View->CodeIgniter\View\{closure}()
 4 SYSTEMPATH\Common.php(1135): CodeIgniter\View\View->render('dashboard/qr_code', [], true)
 5 APPPATH\Controllers\Dashboard.php(211): view('dashboard/qr_code', [...])
 6 SYSTEMPATH\CodeIgniter.php(896): App\Controllers\Dashboard->qr_code('FCPATH\\js', 'jsfunctions.js')
 7 SYSTEMPATH\CodeIgniter.php(466): CodeIgniter\CodeIgniter->runController(Object(App\Controllers\Dashboard))
 8 SYSTEMPATH\CodeIgniter.php(349): CodeIgniter\CodeIgniter->handleRequest(null, Object(Config\Cache), false)
 9 FCPATH\index.php(55): CodeIgniter\CodeIgniter->run()
10 SYSTEMPATH\Commands\Server\rewrite.php(43): require_once('FCPATH\\index.php')
CRITICAL - 2022-09-11 23:13:50 --> Trying to access array offset on value of type null
in APPPATH\Views\dashboard\qr_code.php on line 39.
 1 APPPATH\Views\dashboard\qr_code.php(39): CodeIgniter\Debug\Exceptions->errorHandler(8, 'Trying to access array offset on value of type null', 'APPPATH\\Views\\dashboard\\qr_code.php', 39, [...])
 2 SYSTEMPATH\View\View.php(213): include('APPPATH\\Views\\dashboard\\qr_code.php')
 3 SYSTEMPATH\View\View.php(216): CodeIgniter\View\View->CodeIgniter\View\{closure}()
 4 SYSTEMPATH\Common.php(1135): CodeIgniter\View\View->render('dashboard/qr_code', [], true)
 5 APPPATH\Controllers\Dashboard.php(211): view('dashboard/qr_code', [...])
 6 SYSTEMPATH\CodeIgniter.php(896): App\Controllers\Dashboard->qr_code('FCPATH\\js', 'qrcode.js')
 7 SYSTEMPATH\CodeIgniter.php(466): CodeIgniter\CodeIgniter->runController(Object(App\Controllers\Dashboard))
 8 SYSTEMPATH\CodeIgniter.php(349): CodeIgniter\CodeIgniter->handleRequest(null, Object(Config\Cache), false)
 9 FCPATH\index.php(55): CodeIgniter\CodeIgniter->run()
10 SYSTEMPATH\Commands\Server\rewrite.php(43): require_once('FCPATH\\index.php')
CRITICAL - 2022-09-11 23:16:04 --> Trying to access array offset on value of type null
in APPPATH\Views\dashboard\qr_code.php on line 39.
 1 APPPATH\Views\dashboard\qr_code.php(39): CodeIgniter\Debug\Exceptions->errorHandler(8, 'Trying to access array offset on value of type null', 'APPPATH\\Views\\dashboard\\qr_code.php', 39, [...])
 2 SYSTEMPATH\View\View.php(213): include('APPPATH\\Views\\dashboard\\qr_code.php')
 3 SYSTEMPATH\View\View.php(216): CodeIgniter\View\View->CodeIgniter\View\{closure}()
 4 SYSTEMPATH\Common.php(1135): CodeIgniter\View\View->render('dashboard/qr_code', [], true)
 5 APPPATH\Controllers\Dashboard.php(211): view('dashboard/qr_code', [...])
 6 SYSTEMPATH\CodeIgniter.php(896): App\Controllers\Dashboard->qr_code('FCPATH\\js', 'jsfunctions.js')
 7 SYSTEMPATH\CodeIgniter.php(466): CodeIgniter\CodeIgniter->runController(Object(App\Controllers\Dashboard))
 8 SYSTEMPATH\CodeIgniter.php(349): CodeIgniter\CodeIgniter->handleRequest(null, Object(Config\Cache), false)
 9 FCPATH\index.php(55): CodeIgniter\CodeIgniter->run()
10 SYSTEMPATH\Commands\Server\rewrite.php(43): require_once('FCPATH\\index.php')
CRITICAL - 2022-09-11 23:16:04 --> Trying to access array offset on value of type null
in APPPATH\Views\dashboard\qr_code.php on line 39.
 1 APPPATH\Views\dashboard\qr_code.php(39): CodeIgniter\Debug\Exceptions->errorHandler(8, 'Trying to access array offset on value of type null', 'APPPATH\\Views\\dashboard\\qr_code.php', 39, [...])
 2 SYSTEMPATH\View\View.php(213): include('APPPATH\\Views\\dashboard\\qr_code.php')
 3 SYSTEMPATH\View\View.php(216): CodeIgniter\View\View->CodeIgniter\View\{closure}()
 4 SYSTEMPATH\Common.php(1135): CodeIgniter\View\View->render('dashboard/qr_code', [], true)
 5 APPPATH\Controllers\Dashboard.php(211): view('dashboard/qr_code', [...])
 6 SYSTEMPATH\CodeIgniter.php(896): App\Controllers\Dashboard->qr_code('FCPATH\\js', 'qrcode.js')
 7 SYSTEMPATH\CodeIgniter.php(466): CodeIgniter\CodeIgniter->runController(Object(App\Controllers\Dashboard))
 8 SYSTEMPATH\CodeIgniter.php(349): CodeIgniter\CodeIgniter->handleRequest(null, Object(Config\Cache), false)
 9 FCPATH\index.php(55): CodeIgniter\CodeIgniter->run()
10 SYSTEMPATH\Commands\Server\rewrite.php(43): require_once('FCPATH\\index.php')
CRITICAL - 2022-09-11 23:16:17 --> Trying to access array offset on value of type null
in APPPATH\Views\dashboard\qr_code.php on line 39.
 1 APPPATH\Views\dashboard\qr_code.php(39): CodeIgniter\Debug\Exceptions->errorHandler(8, 'Trying to access array offset on value of type null', 'APPPATH\\Views\\dashboard\\qr_code.php', 39, [...])
 2 SYSTEMPATH\View\View.php(213): include('APPPATH\\Views\\dashboard\\qr_code.php')
 3 SYSTEMPATH\View\View.php(216): CodeIgniter\View\View->CodeIgniter\View\{closure}()
 4 SYSTEMPATH\Common.php(1135): CodeIgniter\View\View->render('dashboard/qr_code', [], true)
 5 APPPATH\Controllers\Dashboard.php(211): view('dashboard/qr_code', [...])
 6 SYSTEMPATH\CodeIgniter.php(896): App\Controllers\Dashboard->qr_code('FCPATH\\js', 'jsfunctions.js')
 7 SYSTEMPATH\CodeIgniter.php(466): CodeIgniter\CodeIgniter->runController(Object(App\Controllers\Dashboard))
 8 SYSTEMPATH\CodeIgniter.php(349): CodeIgniter\CodeIgniter->handleRequest(null, Object(Config\Cache), false)
 9 FCPATH\index.php(55): CodeIgniter\CodeIgniter->run()
10 SYSTEMPATH\Commands\Server\rewrite.php(43): require_once('FCPATH\\index.php')
CRITICAL - 2022-09-11 23:16:17 --> Trying to access array offset on value of type null
in APPPATH\Views\dashboard\qr_code.php on line 39.
 1 APPPATH\Views\dashboard\qr_code.php(39): CodeIgniter\Debug\Exceptions->errorHandler(8, 'Trying to access array offset on value of type null', 'APPPATH\\Views\\dashboard\\qr_code.php', 39, [...])
 2 SYSTEMPATH\View\View.php(213): include('APPPATH\\Views\\dashboard\\qr_code.php')
 3 SYSTEMPATH\View\View.php(216): CodeIgniter\View\View->CodeIgniter\View\{closure}()
 4 SYSTEMPATH\Common.php(1135): CodeIgniter\View\View->render('dashboard/qr_code', [], true)
 5 APPPATH\Controllers\Dashboard.php(211): view('dashboard/qr_code', [...])
 6 SYSTEMPATH\CodeIgniter.php(896): App\Controllers\Dashboard->qr_code('FCPATH\\js', 'qrcode.js')
 7 SYSTEMPATH\CodeIgniter.php(466): CodeIgniter\CodeIgniter->runController(Object(App\Controllers\Dashboard))
 8 SYSTEMPATH\CodeIgniter.php(349): CodeIgniter\CodeIgniter->handleRequest(null, Object(Config\Cache), false)
 9 FCPATH\index.php(55): CodeIgniter\CodeIgniter->run()
10 SYSTEMPATH\Commands\Server\rewrite.php(43): require_once('FCPATH\\index.php')
CRITICAL - 2022-09-11 23:16:22 --> Trying to access array offset on value of type null
in APPPATH\Views\dashboard\qr_code.php on line 39.
 1 APPPATH\Views\dashboard\qr_code.php(39): CodeIgniter\Debug\Exceptions->errorHandler(8, 'Trying to access array offset on value of type null', 'APPPATH\\Views\\dashboard\\qr_code.php', 39, [...])
 2 SYSTEMPATH\View\View.php(213): include('APPPATH\\Views\\dashboard\\qr_code.php')
 3 SYSTEMPATH\View\View.php(216): CodeIgniter\View\View->CodeIgniter\View\{closure}()
 4 SYSTEMPATH\Common.php(1135): CodeIgniter\View\View->render('dashboard/qr_code', [], true)
 5 APPPATH\Controllers\Dashboard.php(211): view('dashboard/qr_code', [...])
 6 SYSTEMPATH\CodeIgniter.php(896): App\Controllers\Dashboard->qr_code('FCPATH\\js', 'jsfunctions.js')
 7 SYSTEMPATH\CodeIgniter.php(466): CodeIgniter\CodeIgniter->runController(Object(App\Controllers\Dashboard))
 8 SYSTEMPATH\CodeIgniter.php(349): CodeIgniter\CodeIgniter->handleRequest(null, Object(Config\Cache), false)
 9 FCPATH\index.php(55): CodeIgniter\CodeIgniter->run()
10 SYSTEMPATH\Commands\Server\rewrite.php(43): require_once('FCPATH\\index.php')
CRITICAL - 2022-09-11 23:16:22 --> Trying to access array offset on value of type null
in APPPATH\Views\dashboard\qr_code.php on line 39.
 1 APPPATH\Views\dashboard\qr_code.php(39): CodeIgniter\Debug\Exceptions->errorHandler(8, 'Trying to access array offset on value of type null', 'APPPATH\\Views\\dashboard\\qr_code.php', 39, [...])
 2 SYSTEMPATH\View\View.php(213): include('APPPATH\\Views\\dashboard\\qr_code.php')
 3 SYSTEMPATH\View\View.php(216): CodeIgniter\View\View->CodeIgniter\View\{closure}()
 4 SYSTEMPATH\Common.php(1135): CodeIgniter\View\View->render('dashboard/qr_code', [], true)
 5 APPPATH\Controllers\Dashboard.php(211): view('dashboard/qr_code', [...])
 6 SYSTEMPATH\CodeIgniter.php(896): App\Controllers\Dashboard->qr_code('FCPATH\\js', 'qrcode.js')
 7 SYSTEMPATH\CodeIgniter.php(466): CodeIgniter\CodeIgniter->runController(Object(App\Controllers\Dashboard))
 8 SYSTEMPATH\CodeIgniter.php(349): CodeIgniter\CodeIgniter->handleRequest(null, Object(Config\Cache), false)
 9 FCPATH\index.php(55): CodeIgniter\CodeIgniter->run()
10 SYSTEMPATH\Commands\Server\rewrite.php(43): require_once('FCPATH\\index.php')
CRITICAL - 2022-09-11 23:16:35 --> Trying to access array offset on value of type null
in APPPATH\Views\dashboard\qr_code.php on line 39.
 1 APPPATH\Views\dashboard\qr_code.php(39): CodeIgniter\Debug\Exceptions->errorHandler(8, 'Trying to access array offset on value of type null', 'APPPATH\\Views\\dashboard\\qr_code.php', 39, [...])
 2 SYSTEMPATH\View\View.php(213): include('APPPATH\\Views\\dashboard\\qr_code.php')
 3 SYSTEMPATH\View\View.php(216): CodeIgniter\View\View->CodeIgniter\View\{closure}()
 4 SYSTEMPATH\Common.php(1135): CodeIgniter\View\View->render('dashboard/qr_code', [], true)
 5 APPPATH\Controllers\Dashboard.php(211): view('dashboard/qr_code', [...])
 6 SYSTEMPATH\CodeIgniter.php(896): App\Controllers\Dashboard->qr_code('FCPATH\\js', 'jsfunctions.js')
 7 SYSTEMPATH\CodeIgniter.php(466): CodeIgniter\CodeIgniter->runController(Object(App\Controllers\Dashboard))
 8 SYSTEMPATH\CodeIgniter.php(349): CodeIgniter\CodeIgniter->handleRequest(null, Object(Config\Cache), false)
 9 FCPATH\index.php(55): CodeIgniter\CodeIgniter->run()
10 SYSTEMPATH\Commands\Server\rewrite.php(43): require_once('FCPATH\\index.php')
CRITICAL - 2022-09-11 23:16:35 --> Trying to access array offset on value of type null
in APPPATH\Views\dashboard\qr_code.php on line 39.
 1 APPPATH\Views\dashboard\qr_code.php(39): CodeIgniter\Debug\Exceptions->errorHandler(8, 'Trying to access array offset on value of type null', 'APPPATH\\Views\\dashboard\\qr_code.php', 39, [...])
 2 SYSTEMPATH\View\View.php(213): include('APPPATH\\Views\\dashboard\\qr_code.php')
 3 SYSTEMPATH\View\View.php(216): CodeIgniter\View\View->CodeIgniter\View\{closure}()
 4 SYSTEMPATH\Common.php(1135): CodeIgniter\View\View->render('dashboard/qr_code', [], true)
 5 APPPATH\Controllers\Dashboard.php(211): view('dashboard/qr_code', [...])
 6 SYSTEMPATH\CodeIgniter.php(896): App\Controllers\Dashboard->qr_code('FCPATH\\js', 'qrcode.js')
 7 SYSTEMPATH\CodeIgniter.php(466): CodeIgniter\CodeIgniter->runController(Object(App\Controllers\Dashboard))
 8 SYSTEMPATH\CodeIgniter.php(349): CodeIgniter\CodeIgniter->handleRequest(null, Object(Config\Cache), false)
 9 FCPATH\index.php(55): CodeIgniter\CodeIgniter->run()
10 SYSTEMPATH\Commands\Server\rewrite.php(43): require_once('FCPATH\\index.php')
CRITICAL - 2022-09-11 23:16:41 --> Trying to access array offset on value of type null
in APPPATH\Views\dashboard\qr_code.php on line 39.
 1 APPPATH\Views\dashboard\qr_code.php(39): CodeIgniter\Debug\Exceptions->errorHandler(8, 'Trying to access array offset on value of type null', 'APPPATH\\Views\\dashboard\\qr_code.php', 39, [...])
 2 SYSTEMPATH\View\View.php(213): include('APPPATH\\Views\\dashboard\\qr_code.php')
 3 SYSTEMPATH\View\View.php(216): CodeIgniter\View\View->CodeIgniter\View\{closure}()
 4 SYSTEMPATH\Common.php(1135): CodeIgniter\View\View->render('dashboard/qr_code', [], true)
 5 APPPATH\Controllers\Dashboard.php(211): view('dashboard/qr_code', [...])
 6 SYSTEMPATH\CodeIgniter.php(896): App\Controllers\Dashboard->qr_code('FCPATH\\js', 'jsfunctions.js')
 7 SYSTEMPATH\CodeIgniter.php(466): CodeIgniter\CodeIgniter->runController(Object(App\Controllers\Dashboard))
 8 SYSTEMPATH\CodeIgniter.php(349): CodeIgniter\CodeIgniter->handleRequest(null, Object(Config\Cache), false)
 9 FCPATH\index.php(55): CodeIgniter\CodeIgniter->run()
10 SYSTEMPATH\Commands\Server\rewrite.php(43): require_once('FCPATH\\index.php')
CRITICAL - 2022-09-11 23:16:41 --> Trying to access array offset on value of type null
in APPPATH\Views\dashboard\qr_code.php on line 39.
 1 APPPATH\Views\dashboard\qr_code.php(39): CodeIgniter\Debug\Exceptions->errorHandler(8, 'Trying to access array offset on value of type null', 'APPPATH\\Views\\dashboard\\qr_code.php', 39, [...])
 2 SYSTEMPATH\View\View.php(213): include('APPPATH\\Views\\dashboard\\qr_code.php')
 3 SYSTEMPATH\View\View.php(216): CodeIgniter\View\View->CodeIgniter\View\{closure}()
 4 SYSTEMPATH\Common.php(1135): CodeIgniter\View\View->render('dashboard/qr_code', [], true)
 5 APPPATH\Controllers\Dashboard.php(211): view('dashboard/qr_code', [...])
 6 SYSTEMPATH\CodeIgniter.php(896): App\Controllers\Dashboard->qr_code('FCPATH\\js', 'qrcode.js')
 7 SYSTEMPATH\CodeIgniter.php(466): CodeIgniter\CodeIgniter->runController(Object(App\Controllers\Dashboard))
 8 SYSTEMPATH\CodeIgniter.php(349): CodeIgniter\CodeIgniter->handleRequest(null, Object(Config\Cache), false)
 9 FCPATH\index.php(55): CodeIgniter\CodeIgniter->run()
10 SYSTEMPATH\Commands\Server\rewrite.php(43): require_once('FCPATH\\index.php')
CRITICAL - 2022-09-11 23:16:52 --> Trying to access array offset on value of type null
in APPPATH\Views\dashboard\qr_code.php on line 39.
 1 APPPATH\Views\dashboard\qr_code.php(39): CodeIgniter\Debug\Exceptions->errorHandler(8, 'Trying to access array offset on value of type null', 'APPPATH\\Views\\dashboard\\qr_code.php', 39, [...])
 2 SYSTEMPATH\View\View.php(213): include('APPPATH\\Views\\dashboard\\qr_code.php')
 3 SYSTEMPATH\View\View.php(216): CodeIgniter\View\View->CodeIgniter\View\{closure}()
 4 SYSTEMPATH\Common.php(1135): CodeIgniter\View\View->render('dashboard/qr_code', [], true)
 5 APPPATH\Controllers\Dashboard.php(211): view('dashboard/qr_code', [...])
 6 SYSTEMPATH\CodeIgniter.php(896): App\Controllers\Dashboard->qr_code('FCPATH\\js', 'jsfunctions.js')
 7 SYSTEMPATH\CodeIgniter.php(466): CodeIgniter\CodeIgniter->runController(Object(App\Controllers\Dashboard))
 8 SYSTEMPATH\CodeIgniter.php(349): CodeIgniter\CodeIgniter->handleRequest(null, Object(Config\Cache), false)
 9 FCPATH\index.php(55): CodeIgniter\CodeIgniter->run()
10 SYSTEMPATH\Commands\Server\rewrite.php(43): require_once('FCPATH\\index.php')
CRITICAL - 2022-09-11 23:16:52 --> Trying to access array offset on value of type null
in APPPATH\Views\dashboard\qr_code.php on line 39.
 1 APPPATH\Views\dashboard\qr_code.php(39): CodeIgniter\Debug\Exceptions->errorHandler(8, 'Trying to access array offset on value of type null', 'APPPATH\\Views\\dashboard\\qr_code.php', 39, [...])
 2 SYSTEMPATH\View\View.php(213): include('APPPATH\\Views\\dashboard\\qr_code.php')
 3 SYSTEMPATH\View\View.php(216): CodeIgniter\View\View->CodeIgniter\View\{closure}()
 4 SYSTEMPATH\Common.php(1135): CodeIgniter\View\View->render('dashboard/qr_code', [], true)
 5 APPPATH\Controllers\Dashboard.php(211): view('dashboard/qr_code', [...])
 6 SYSTEMPATH\CodeIgniter.php(896): App\Controllers\Dashboard->qr_code('FCPATH\\js', 'qrcode.js')
 7 SYSTEMPATH\CodeIgniter.php(466): CodeIgniter\CodeIgniter->runController(Object(App\Controllers\Dashboard))
 8 SYSTEMPATH\CodeIgniter.php(349): CodeIgniter\CodeIgniter->handleRequest(null, Object(Config\Cache), false)
 9 FCPATH\index.php(55): CodeIgniter\CodeIgniter->run()
10 SYSTEMPATH\Commands\Server\rewrite.php(43): require_once('FCPATH\\index.php')
CRITICAL - 2022-09-11 23:17:12 --> Trying to access array offset on value of type null
in APPPATH\Views\dashboard\qr_code.php on line 39.
 1 APPPATH\Views\dashboard\qr_code.php(39): CodeIgniter\Debug\Exceptions->errorHandler(8, 'Trying to access array offset on value of type null', 'APPPATH\\Views\\dashboard\\qr_code.php', 39, [...])
 2 SYSTEMPATH\View\View.php(213): include('APPPATH\\Views\\dashboard\\qr_code.php')
 3 SYSTEMPATH\View\View.php(216): CodeIgniter\View\View->CodeIgniter\View\{closure}()
 4 SYSTEMPATH\Common.php(1135): CodeIgniter\View\View->render('dashboard/qr_code', [], true)
 5 APPPATH\Controllers\Dashboard.php(211): view('dashboard/qr_code', [...])
 6 SYSTEMPATH\CodeIgniter.php(896): App\Controllers\Dashboard->qr_code('FCPATH\\js', 'jsfunctions.js')
 7 SYSTEMPATH\CodeIgniter.php(466): CodeIgniter\CodeIgniter->runController(Object(App\Controllers\Dashboard))
 8 SYSTEMPATH\CodeIgniter.php(349): CodeIgniter\CodeIgniter->handleRequest(null, Object(Config\Cache), false)
 9 FCPATH\index.php(55): CodeIgniter\CodeIgniter->run()
10 SYSTEMPATH\Commands\Server\rewrite.php(43): require_once('FCPATH\\index.php')
CRITICAL - 2022-09-11 23:17:12 --> Trying to access array offset on value of type null
in APPPATH\Views\dashboard\qr_code.php on line 39.
 1 APPPATH\Views\dashboard\qr_code.php(39): CodeIgniter\Debug\Exceptions->errorHandler(8, 'Trying to access array offset on value of type null', 'APPPATH\\Views\\dashboard\\qr_code.php', 39, [...])
 2 SYSTEMPATH\View\View.php(213): include('APPPATH\\Views\\dashboard\\qr_code.php')
 3 SYSTEMPATH\View\View.php(216): CodeIgniter\View\View->CodeIgniter\View\{closure}()
 4 SYSTEMPATH\Common.php(1135): CodeIgniter\View\View->render('dashboard/qr_code', [], true)
 5 APPPATH\Controllers\Dashboard.php(211): view('dashboard/qr_code', [...])
 6 SYSTEMPATH\CodeIgniter.php(896): App\Controllers\Dashboard->qr_code('FCPATH\\js', 'qrcode.js')
 7 SYSTEMPATH\CodeIgniter.php(466): CodeIgniter\CodeIgniter->runController(Object(App\Controllers\Dashboard))
 8 SYSTEMPATH\CodeIgniter.php(349): CodeIgniter\CodeIgniter->handleRequest(null, Object(Config\Cache), false)
 9 FCPATH\index.php(55): CodeIgniter\CodeIgniter->run()
10 SYSTEMPATH\Commands\Server\rewrite.php(43): require_once('FCPATH\\index.php')
CRITICAL - 2022-09-11 23:17:24 --> Trying to access array offset on value of type null
in APPPATH\Views\dashboard\qr_code.php on line 39.
 1 APPPATH\Views\dashboard\qr_code.php(39): CodeIgniter\Debug\Exceptions->errorHandler(8, 'Trying to access array offset on value of type null', 'APPPATH\\Views\\dashboard\\qr_code.php', 39, [...])
 2 SYSTEMPATH\View\View.php(213): include('APPPATH\\Views\\dashboard\\qr_code.php')
 3 SYSTEMPATH\View\View.php(216): CodeIgniter\View\View->CodeIgniter\View\{closure}()
 4 SYSTEMPATH\Common.php(1135): CodeIgniter\View\View->render('dashboard/qr_code', [], true)
 5 APPPATH\Controllers\Dashboard.php(211): view('dashboard/qr_code', [...])
 6 SYSTEMPATH\CodeIgniter.php(896): App\Controllers\Dashboard->qr_code('FCPATH\\js', 'jsfunctions.js')
 7 SYSTEMPATH\CodeIgniter.php(466): CodeIgniter\CodeIgniter->runController(Object(App\Controllers\Dashboard))
 8 SYSTEMPATH\CodeIgniter.php(349): CodeIgniter\CodeIgniter->handleRequest(null, Object(Config\Cache), false)
 9 FCPATH\index.php(55): CodeIgniter\CodeIgniter->run()
10 SYSTEMPATH\Commands\Server\rewrite.php(43): require_once('FCPATH\\index.php')
CRITICAL - 2022-09-11 23:17:25 --> Trying to access array offset on value of type null
in APPPATH\Views\dashboard\qr_code.php on line 39.
 1 APPPATH\Views\dashboard\qr_code.php(39): CodeIgniter\Debug\Exceptions->errorHandler(8, 'Trying to access array offset on value of type null', 'APPPATH\\Views\\dashboard\\qr_code.php', 39, [...])
 2 SYSTEMPATH\View\View.php(213): include('APPPATH\\Views\\dashboard\\qr_code.php')
 3 SYSTEMPATH\View\View.php(216): CodeIgniter\View\View->CodeIgniter\View\{closure}()
 4 SYSTEMPATH\Common.php(1135): CodeIgniter\View\View->render('dashboard/qr_code', [], true)
 5 APPPATH\Controllers\Dashboard.php(211): view('dashboard/qr_code', [...])
 6 SYSTEMPATH\CodeIgniter.php(896): App\Controllers\Dashboard->qr_code('FCPATH\\js', 'qrcode.js')
 7 SYSTEMPATH\CodeIgniter.php(466): CodeIgniter\CodeIgniter->runController(Object(App\Controllers\Dashboard))
 8 SYSTEMPATH\CodeIgniter.php(349): CodeIgniter\CodeIgniter->handleRequest(null, Object(Config\Cache), false)
 9 FCPATH\index.php(55): CodeIgniter\CodeIgniter->run()
10 SYSTEMPATH\Commands\Server\rewrite.php(43): require_once('FCPATH\\index.php')
CRITICAL - 2022-09-11 23:17:43 --> Trying to access array offset on value of type null
in APPPATH\Views\dashboard\qr_code.php on line 39.
 1 APPPATH\Views\dashboard\qr_code.php(39): CodeIgniter\Debug\Exceptions->errorHandler(8, 'Trying to access array offset on value of type null', 'APPPATH\\Views\\dashboard\\qr_code.php', 39, [...])
 2 SYSTEMPATH\View\View.php(213): include('APPPATH\\Views\\dashboard\\qr_code.php')
 3 SYSTEMPATH\View\View.php(216): CodeIgniter\View\View->CodeIgniter\View\{closure}()
 4 SYSTEMPATH\Common.php(1135): CodeIgniter\View\View->render('dashboard/qr_code', [], true)
 5 APPPATH\Controllers\Dashboard.php(211): view('dashboard/qr_code', [...])
 6 SYSTEMPATH\CodeIgniter.php(896): App\Controllers\Dashboard->qr_code('FCPATH\\js', 'jsfunctions.js')
 7 SYSTEMPATH\CodeIgniter.php(466): CodeIgniter\CodeIgniter->runController(Object(App\Controllers\Dashboard))
 8 SYSTEMPATH\CodeIgniter.php(349): CodeIgniter\CodeIgniter->handleRequest(null, Object(Config\Cache), false)
 9 FCPATH\index.php(55): CodeIgniter\CodeIgniter->run()
10 SYSTEMPATH\Commands\Server\rewrite.php(43): require_once('FCPATH\\index.php')
CRITICAL - 2022-09-11 23:17:43 --> Trying to access array offset on value of type null
in APPPATH\Views\dashboard\qr_code.php on line 39.
 1 APPPATH\Views\dashboard\qr_code.php(39): CodeIgniter\Debug\Exceptions->errorHandler(8, 'Trying to access array offset on value of type null', 'APPPATH\\Views\\dashboard\\qr_code.php', 39, [...])
 2 SYSTEMPATH\View\View.php(213): include('APPPATH\\Views\\dashboard\\qr_code.php')
 3 SYSTEMPATH\View\View.php(216): CodeIgniter\View\View->CodeIgniter\View\{closure}()
 4 SYSTEMPATH\Common.php(1135): CodeIgniter\View\View->render('dashboard/qr_code', [], true)
 5 APPPATH\Controllers\Dashboard.php(211): view('dashboard/qr_code', [...])
 6 SYSTEMPATH\CodeIgniter.php(896): App\Controllers\Dashboard->qr_code('FCPATH\\js', 'qrcode.js')
 7 SYSTEMPATH\CodeIgniter.php(466): CodeIgniter\CodeIgniter->runController(Object(App\Controllers\Dashboard))
 8 SYSTEMPATH\CodeIgniter.php(349): CodeIgniter\CodeIgniter->handleRequest(null, Object(Config\Cache), false)
 9 FCPATH\index.php(55): CodeIgniter\CodeIgniter->run()
10 SYSTEMPATH\Commands\Server\rewrite.php(43): require_once('FCPATH\\index.php')
CRITICAL - 2022-09-11 23:17:59 --> Trying to access array offset on value of type null
in APPPATH\Views\dashboard\qr_code.php on line 39.
 1 APPPATH\Views\dashboard\qr_code.php(39): CodeIgniter\Debug\Exceptions->errorHandler(8, 'Trying to access array offset on value of type null', 'APPPATH\\Views\\dashboard\\qr_code.php', 39, [...])
 2 SYSTEMPATH\View\View.php(213): include('APPPATH\\Views\\dashboard\\qr_code.php')
 3 SYSTEMPATH\View\View.php(216): CodeIgniter\View\View->CodeIgniter\View\{closure}()
 4 SYSTEMPATH\Common.php(1135): CodeIgniter\View\View->render('dashboard/qr_code', [], true)
 5 APPPATH\Controllers\Dashboard.php(211): view('dashboard/qr_code', [...])
 6 SYSTEMPATH\CodeIgniter.php(896): App\Controllers\Dashboard->qr_code('FCPATH\\js', 'jsfunctions.js')
 7 SYSTEMPATH\CodeIgniter.php(466): CodeIgniter\CodeIgniter->runController(Object(App\Controllers\Dashboard))
 8 SYSTEMPATH\CodeIgniter.php(349): CodeIgniter\CodeIgniter->handleRequest(null, Object(Config\Cache), false)
 9 FCPATH\index.php(55): CodeIgniter\CodeIgniter->run()
10 SYSTEMPATH\Commands\Server\rewrite.php(43): require_once('FCPATH\\index.php')
CRITICAL - 2022-09-11 23:17:59 --> Trying to access array offset on value of type null
in APPPATH\Views\dashboard\qr_code.php on line 39.
 1 APPPATH\Views\dashboard\qr_code.php(39): CodeIgniter\Debug\Exceptions->errorHandler(8, 'Trying to access array offset on value of type null', 'APPPATH\\Views\\dashboard\\qr_code.php', 39, [...])
 2 SYSTEMPATH\View\View.php(213): include('APPPATH\\Views\\dashboard\\qr_code.php')
 3 SYSTEMPATH\View\View.php(216): CodeIgniter\View\View->CodeIgniter\View\{closure}()
 4 SYSTEMPATH\Common.php(1135): CodeIgniter\View\View->render('dashboard/qr_code', [], true)
 5 APPPATH\Controllers\Dashboard.php(211): view('dashboard/qr_code', [...])
 6 SYSTEMPATH\CodeIgniter.php(896): App\Controllers\Dashboard->qr_code('FCPATH\\js', 'qrcode.js')
 7 SYSTEMPATH\CodeIgniter.php(466): CodeIgniter\CodeIgniter->runController(Object(App\Controllers\Dashboard))
 8 SYSTEMPATH\CodeIgniter.php(349): CodeIgniter\CodeIgniter->handleRequest(null, Object(Config\Cache), false)
 9 FCPATH\index.php(55): CodeIgniter\CodeIgniter->run()
10 SYSTEMPATH\Commands\Server\rewrite.php(43): require_once('FCPATH\\index.php')
CRITICAL - 2022-09-11 23:18:05 --> Trying to access array offset on value of type null
in APPPATH\Views\dashboard\qr_code.php on line 39.
 1 APPPATH\Views\dashboard\qr_code.php(39): CodeIgniter\Debug\Exceptions->errorHandler(8, 'Trying to access array offset on value of type null', 'APPPATH\\Views\\dashboard\\qr_code.php', 39, [...])
 2 SYSTEMPATH\View\View.php(213): include('APPPATH\\Views\\dashboard\\qr_code.php')
 3 SYSTEMPATH\View\View.php(216): CodeIgniter\View\View->CodeIgniter\View\{closure}()
 4 SYSTEMPATH\Common.php(1135): CodeIgniter\View\View->render('dashboard/qr_code', [], true)
 5 APPPATH\Controllers\Dashboard.php(211): view('dashboard/qr_code', [...])
 6 SYSTEMPATH\CodeIgniter.php(896): App\Controllers\Dashboard->qr_code('FCPATH\\js', 'jsfunctions.js')
 7 SYSTEMPATH\CodeIgniter.php(466): CodeIgniter\CodeIgniter->runController(Object(App\Controllers\Dashboard))
 8 SYSTEMPATH\CodeIgniter.php(349): CodeIgniter\CodeIgniter->handleRequest(null, Object(Config\Cache), false)
 9 FCPATH\index.php(55): CodeIgniter\CodeIgniter->run()
10 SYSTEMPATH\Commands\Server\rewrite.php(43): require_once('FCPATH\\index.php')
CRITICAL - 2022-09-11 23:18:05 --> Trying to access array offset on value of type null
in APPPATH\Views\dashboard\qr_code.php on line 39.
 1 APPPATH\Views\dashboard\qr_code.php(39): CodeIgniter\Debug\Exceptions->errorHandler(8, 'Trying to access array offset on value of type null', 'APPPATH\\Views\\dashboard\\qr_code.php', 39, [...])
 2 SYSTEMPATH\View\View.php(213): include('APPPATH\\Views\\dashboard\\qr_code.php')
 3 SYSTEMPATH\View\View.php(216): CodeIgniter\View\View->CodeIgniter\View\{closure}()
 4 SYSTEMPATH\Common.php(1135): CodeIgniter\View\View->render('dashboard/qr_code', [], true)
 5 APPPATH\Controllers\Dashboard.php(211): view('dashboard/qr_code', [...])
 6 SYSTEMPATH\CodeIgniter.php(896): App\Controllers\Dashboard->qr_code('FCPATH\\js', 'qrcode.js')
 7 SYSTEMPATH\CodeIgniter.php(466): CodeIgniter\CodeIgniter->runController(Object(App\Controllers\Dashboard))
 8 SYSTEMPATH\CodeIgniter.php(349): CodeIgniter\CodeIgniter->handleRequest(null, Object(Config\Cache), false)
 9 FCPATH\index.php(55): CodeIgniter\CodeIgniter->run()
10 SYSTEMPATH\Commands\Server\rewrite.php(43): require_once('FCPATH\\index.php')
CRITICAL - 2022-09-11 23:18:16 --> Trying to access array offset on value of type null
in APPPATH\Views\dashboard\qr_code.php on line 39.
 1 APPPATH\Views\dashboard\qr_code.php(39): CodeIgniter\Debug\Exceptions->errorHandler(8, 'Trying to access array offset on value of type null', 'APPPATH\\Views\\dashboard\\qr_code.php', 39, [...])
 2 SYSTEMPATH\View\View.php(213): include('APPPATH\\Views\\dashboard\\qr_code.php')
 3 SYSTEMPATH\View\View.php(216): CodeIgniter\View\View->CodeIgniter\View\{closure}()
 4 SYSTEMPATH\Common.php(1135): CodeIgniter\View\View->render('dashboard/qr_code', [], true)
 5 APPPATH\Controllers\Dashboard.php(211): view('dashboard/qr_code', [...])
 6 SYSTEMPATH\CodeIgniter.php(896): App\Controllers\Dashboard->qr_code('FCPATH\\js', 'jsfunctions.js')
 7 SYSTEMPATH\CodeIgniter.php(466): CodeIgniter\CodeIgniter->runController(Object(App\Controllers\Dashboard))
 8 SYSTEMPATH\CodeIgniter.php(349): CodeIgniter\CodeIgniter->handleRequest(null, Object(Config\Cache), false)
 9 FCPATH\index.php(55): CodeIgniter\CodeIgniter->run()
10 SYSTEMPATH\Commands\Server\rewrite.php(43): require_once('FCPATH\\index.php')
CRITICAL - 2022-09-11 23:18:16 --> Trying to access array offset on value of type null
in APPPATH\Views\dashboard\qr_code.php on line 39.
 1 APPPATH\Views\dashboard\qr_code.php(39): CodeIgniter\Debug\Exceptions->errorHandler(8, 'Trying to access array offset on value of type null', 'APPPATH\\Views\\dashboard\\qr_code.php', 39, [...])
 2 SYSTEMPATH\View\View.php(213): include('APPPATH\\Views\\dashboard\\qr_code.php')
 3 SYSTEMPATH\View\View.php(216): CodeIgniter\View\View->CodeIgniter\View\{closure}()
 4 SYSTEMPATH\Common.php(1135): CodeIgniter\View\View->render('dashboard/qr_code', [], true)
 5 APPPATH\Controllers\Dashboard.php(211): view('dashboard/qr_code', [...])
 6 SYSTEMPATH\CodeIgniter.php(896): App\Controllers\Dashboard->qr_code('FCPATH\\js', 'qrcode.js')
 7 SYSTEMPATH\CodeIgniter.php(466): CodeIgniter\CodeIgniter->runController(Object(App\Controllers\Dashboard))
 8 SYSTEMPATH\CodeIgniter.php(349): CodeIgniter\CodeIgniter->handleRequest(null, Object(Config\Cache), false)
 9 FCPATH\index.php(55): CodeIgniter\CodeIgniter->run()
10 SYSTEMPATH\Commands\Server\rewrite.php(43): require_once('FCPATH\\index.php')
CRITICAL - 2022-09-11 23:18:23 --> Trying to access array offset on value of type null
in APPPATH\Views\dashboard\qr_code.php on line 39.
 1 APPPATH\Views\dashboard\qr_code.php(39): CodeIgniter\Debug\Exceptions->errorHandler(8, 'Trying to access array offset on value of type null', 'APPPATH\\Views\\dashboard\\qr_code.php', 39, [...])
 2 SYSTEMPATH\View\View.php(213): include('APPPATH\\Views\\dashboard\\qr_code.php')
 3 SYSTEMPATH\View\View.php(216): CodeIgniter\View\View->CodeIgniter\View\{closure}()
 4 SYSTEMPATH\Common.php(1135): CodeIgniter\View\View->render('dashboard/qr_code', [], true)
 5 APPPATH\Controllers\Dashboard.php(211): view('dashboard/qr_code', [...])
 6 SYSTEMPATH\CodeIgniter.php(896): App\Controllers\Dashboard->qr_code('FCPATH\\js', 'jsfunctions.js')
 7 SYSTEMPATH\CodeIgniter.php(466): CodeIgniter\CodeIgniter->runController(Object(App\Controllers\Dashboard))
 8 SYSTEMPATH\CodeIgniter.php(349): CodeIgniter\CodeIgniter->handleRequest(null, Object(Config\Cache), false)
 9 FCPATH\index.php(55): CodeIgniter\CodeIgniter->run()
10 SYSTEMPATH\Commands\Server\rewrite.php(43): require_once('FCPATH\\index.php')
CRITICAL - 2022-09-11 23:18:23 --> Trying to access array offset on value of type null
in APPPATH\Views\dashboard\qr_code.php on line 39.
 1 APPPATH\Views\dashboard\qr_code.php(39): CodeIgniter\Debug\Exceptions->errorHandler(8, 'Trying to access array offset on value of type null', 'APPPATH\\Views\\dashboard\\qr_code.php', 39, [...])
 2 SYSTEMPATH\View\View.php(213): include('APPPATH\\Views\\dashboard\\qr_code.php')
 3 SYSTEMPATH\View\View.php(216): CodeIgniter\View\View->CodeIgniter\View\{closure}()
 4 SYSTEMPATH\Common.php(1135): CodeIgniter\View\View->render('dashboard/qr_code', [], true)
 5 APPPATH\Controllers\Dashboard.php(211): view('dashboard/qr_code', [...])
 6 SYSTEMPATH\CodeIgniter.php(896): App\Controllers\Dashboard->qr_code('FCPATH\\js', 'qrcode.js')
 7 SYSTEMPATH\CodeIgniter.php(466): CodeIgniter\CodeIgniter->runController(Object(App\Controllers\Dashboard))
 8 SYSTEMPATH\CodeIgniter.php(349): CodeIgniter\CodeIgniter->handleRequest(null, Object(Config\Cache), false)
 9 FCPATH\index.php(55): CodeIgniter\CodeIgniter->run()
10 SYSTEMPATH\Commands\Server\rewrite.php(43): require_once('FCPATH\\index.php')
CRITICAL - 2022-09-11 23:19:07 --> Trying to access array offset on value of type null
in APPPATH\Views\dashboard\qr_code.php on line 39.
 1 APPPATH\Views\dashboard\qr_code.php(39): CodeIgniter\Debug\Exceptions->errorHandler(8, 'Trying to access array offset on value of type null', 'APPPATH\\Views\\dashboard\\qr_code.php', 39, [...])
 2 SYSTEMPATH\View\View.php(213): include('APPPATH\\Views\\dashboard\\qr_code.php')
 3 SYSTEMPATH\View\View.php(216): CodeIgniter\View\View->CodeIgniter\View\{closure}()
 4 SYSTEMPATH\Common.php(1135): CodeIgniter\View\View->render('dashboard/qr_code', [], true)
 5 APPPATH\Controllers\Dashboard.php(211): view('dashboard/qr_code', [...])
 6 SYSTEMPATH\CodeIgniter.php(896): App\Controllers\Dashboard->qr_code('FCPATH\\js', 'jsfunctions.js')
 7 SYSTEMPATH\CodeIgniter.php(466): CodeIgniter\CodeIgniter->runController(Object(App\Controllers\Dashboard))
 8 SYSTEMPATH\CodeIgniter.php(349): CodeIgniter\CodeIgniter->handleRequest(null, Object(Config\Cache), false)
 9 FCPATH\index.php(55): CodeIgniter\CodeIgniter->run()
10 SYSTEMPATH\Commands\Server\rewrite.php(43): require_once('FCPATH\\index.php')
CRITICAL - 2022-09-11 23:19:07 --> Trying to access array offset on value of type null
in APPPATH\Views\dashboard\qr_code.php on line 39.
 1 APPPATH\Views\dashboard\qr_code.php(39): CodeIgniter\Debug\Exceptions->errorHandler(8, 'Trying to access array offset on value of type null', 'APPPATH\\Views\\dashboard\\qr_code.php', 39, [...])
 2 SYSTEMPATH\View\View.php(213): include('APPPATH\\Views\\dashboard\\qr_code.php')
 3 SYSTEMPATH\View\View.php(216): CodeIgniter\View\View->CodeIgniter\View\{closure}()
 4 SYSTEMPATH\Common.php(1135): CodeIgniter\View\View->render('dashboard/qr_code', [], true)
 5 APPPATH\Controllers\Dashboard.php(211): view('dashboard/qr_code', [...])
 6 SYSTEMPATH\CodeIgniter.php(896): App\Controllers\Dashboard->qr_code('FCPATH\\js', 'qrcode.js')
 7 SYSTEMPATH\CodeIgniter.php(466): CodeIgniter\CodeIgniter->runController(Object(App\Controllers\Dashboard))
 8 SYSTEMPATH\CodeIgniter.php(349): CodeIgniter\CodeIgniter->handleRequest(null, Object(Config\Cache), false)
 9 FCPATH\index.php(55): CodeIgniter\CodeIgniter->run()
10 SYSTEMPATH\Commands\Server\rewrite.php(43): require_once('FCPATH\\index.php')
CRITICAL - 2022-09-11 23:19:21 --> Trying to access array offset on value of type null
in APPPATH\Views\dashboard\qr_code.php on line 39.
 1 APPPATH\Views\dashboard\qr_code.php(39): CodeIgniter\Debug\Exceptions->errorHandler(8, 'Trying to access array offset on value of type null', 'APPPATH\\Views\\dashboard\\qr_code.php', 39, [...])
 2 SYSTEMPATH\View\View.php(213): include('APPPATH\\Views\\dashboard\\qr_code.php')
 3 SYSTEMPATH\View\View.php(216): CodeIgniter\View\View->CodeIgniter\View\{closure}()
 4 SYSTEMPATH\Common.php(1135): CodeIgniter\View\View->render('dashboard/qr_code', [], true)
 5 APPPATH\Controllers\Dashboard.php(211): view('dashboard/qr_code', [...])
 6 SYSTEMPATH\CodeIgniter.php(896): App\Controllers\Dashboard->qr_code('FCPATH\\js', 'jsfunctions.js')
 7 SYSTEMPATH\CodeIgniter.php(466): CodeIgniter\CodeIgniter->runController(Object(App\Controllers\Dashboard))
 8 SYSTEMPATH\CodeIgniter.php(349): CodeIgniter\CodeIgniter->handleRequest(null, Object(Config\Cache), false)
 9 FCPATH\index.php(55): CodeIgniter\CodeIgniter->run()
10 SYSTEMPATH\Commands\Server\rewrite.php(43): require_once('FCPATH\\index.php')
CRITICAL - 2022-09-11 23:19:21 --> Trying to access array offset on value of type null
in APPPATH\Views\dashboard\qr_code.php on line 39.
 1 APPPATH\Views\dashboard\qr_code.php(39): CodeIgniter\Debug\Exceptions->errorHandler(8, 'Trying to access array offset on value of type null', 'APPPATH\\Views\\dashboard\\qr_code.php', 39, [...])
 2 SYSTEMPATH\View\View.php(213): include('APPPATH\\Views\\dashboard\\qr_code.php')
 3 SYSTEMPATH\View\View.php(216): CodeIgniter\View\View->CodeIgniter\View\{closure}()
 4 SYSTEMPATH\Common.php(1135): CodeIgniter\View\View->render('dashboard/qr_code', [], true)
 5 APPPATH\Controllers\Dashboard.php(211): view('dashboard/qr_code', [...])
 6 SYSTEMPATH\CodeIgniter.php(896): App\Controllers\Dashboard->qr_code('FCPATH\\js', 'qrcode.js')
 7 SYSTEMPATH\CodeIgniter.php(466): CodeIgniter\CodeIgniter->runController(Object(App\Controllers\Dashboard))
 8 SYSTEMPATH\CodeIgniter.php(349): CodeIgniter\CodeIgniter->handleRequest(null, Object(Config\Cache), false)
 9 FCPATH\index.php(55): CodeIgniter\CodeIgniter->run()
10 SYSTEMPATH\Commands\Server\rewrite.php(43): require_once('FCPATH\\index.php')
CRITICAL - 2022-09-11 23:19:39 --> Trying to access array offset on value of type null
in APPPATH\Views\dashboard\qr_code.php on line 39.
 1 APPPATH\Views\dashboard\qr_code.php(39): CodeIgniter\Debug\Exceptions->errorHandler(8, 'Trying to access array offset on value of type null', 'APPPATH\\Views\\dashboard\\qr_code.php', 39, [...])
 2 SYSTEMPATH\View\View.php(213): include('APPPATH\\Views\\dashboard\\qr_code.php')
 3 SYSTEMPATH\View\View.php(216): CodeIgniter\View\View->CodeIgniter\View\{closure}()
 4 SYSTEMPATH\Common.php(1135): CodeIgniter\View\View->render('dashboard/qr_code', [], true)
 5 APPPATH\Controllers\Dashboard.php(211): view('dashboard/qr_code', [...])
 6 SYSTEMPATH\CodeIgniter.php(896): App\Controllers\Dashboard->qr_code('FCPATH\\js', 'jsfunctions.js')
 7 SYSTEMPATH\CodeIgniter.php(466): CodeIgniter\CodeIgniter->runController(Object(App\Controllers\Dashboard))
 8 SYSTEMPATH\CodeIgniter.php(349): CodeIgniter\CodeIgniter->handleRequest(null, Object(Config\Cache), false)
 9 FCPATH\index.php(55): CodeIgniter\CodeIgniter->run()
10 SYSTEMPATH\Commands\Server\rewrite.php(43): require_once('FCPATH\\index.php')
CRITICAL - 2022-09-11 23:19:39 --> Trying to access array offset on value of type null
in APPPATH\Views\dashboard\qr_code.php on line 39.
 1 APPPATH\Views\dashboard\qr_code.php(39): CodeIgniter\Debug\Exceptions->errorHandler(8, 'Trying to access array offset on value of type null', 'APPPATH\\Views\\dashboard\\qr_code.php', 39, [...])
 2 SYSTEMPATH\View\View.php(213): include('APPPATH\\Views\\dashboard\\qr_code.php')
 3 SYSTEMPATH\View\View.php(216): CodeIgniter\View\View->CodeIgniter\View\{closure}()
 4 SYSTEMPATH\Common.php(1135): CodeIgniter\View\View->render('dashboard/qr_code', [], true)
 5 APPPATH\Controllers\Dashboard.php(211): view('dashboard/qr_code', [...])
 6 SYSTEMPATH\CodeIgniter.php(896): App\Controllers\Dashboard->qr_code('FCPATH\\js', 'qrcode.js')
 7 SYSTEMPATH\CodeIgniter.php(466): CodeIgniter\CodeIgniter->runController(Object(App\Controllers\Dashboard))
 8 SYSTEMPATH\CodeIgniter.php(349): CodeIgniter\CodeIgniter->handleRequest(null, Object(Config\Cache), false)
 9 FCPATH\index.php(55): CodeIgniter\CodeIgniter->run()
10 SYSTEMPATH\Commands\Server\rewrite.php(43): require_once('FCPATH\\index.php')
CRITICAL - 2022-09-11 23:19:48 --> Trying to access array offset on value of type null
in APPPATH\Views\dashboard\qr_code.php on line 39.
 1 APPPATH\Views\dashboard\qr_code.php(39): CodeIgniter\Debug\Exceptions->errorHandler(8, 'Trying to access array offset on value of type null', 'APPPATH\\Views\\dashboard\\qr_code.php', 39, [...])
 2 SYSTEMPATH\View\View.php(213): include('APPPATH\\Views\\dashboard\\qr_code.php')
 3 SYSTEMPATH\View\View.php(216): CodeIgniter\View\View->CodeIgniter\View\{closure}()
 4 SYSTEMPATH\Common.php(1135): CodeIgniter\View\View->render('dashboard/qr_code', [], true)
 5 APPPATH\Controllers\Dashboard.php(211): view('dashboard/qr_code', [...])
 6 SYSTEMPATH\CodeIgniter.php(896): App\Controllers\Dashboard->qr_code('FCPATH\\js', 'jsfunctions.js')
 7 SYSTEMPATH\CodeIgniter.php(466): CodeIgniter\CodeIgniter->runController(Object(App\Controllers\Dashboard))
 8 SYSTEMPATH\CodeIgniter.php(349): CodeIgniter\CodeIgniter->handleRequest(null, Object(Config\Cache), false)
 9 FCPATH\index.php(55): CodeIgniter\CodeIgniter->run()
10 SYSTEMPATH\Commands\Server\rewrite.php(43): require_once('FCPATH\\index.php')
CRITICAL - 2022-09-11 23:19:48 --> Trying to access array offset on value of type null
in APPPATH\Views\dashboard\qr_code.php on line 39.
 1 APPPATH\Views\dashboard\qr_code.php(39): CodeIgniter\Debug\Exceptions->errorHandler(8, 'Trying to access array offset on value of type null', 'APPPATH\\Views\\dashboard\\qr_code.php', 39, [...])
 2 SYSTEMPATH\View\View.php(213): include('APPPATH\\Views\\dashboard\\qr_code.php')
 3 SYSTEMPATH\View\View.php(216): CodeIgniter\View\View->CodeIgniter\View\{closure}()
 4 SYSTEMPATH\Common.php(1135): CodeIgniter\View\View->render('dashboard/qr_code', [], true)
 5 APPPATH\Controllers\Dashboard.php(211): view('dashboard/qr_code', [...])
 6 SYSTEMPATH\CodeIgniter.php(896): App\Controllers\Dashboard->qr_code('FCPATH\\js', 'qrcode.js')
 7 SYSTEMPATH\CodeIgniter.php(466): CodeIgniter\CodeIgniter->runController(Object(App\Controllers\Dashboard))
 8 SYSTEMPATH\CodeIgniter.php(349): CodeIgniter\CodeIgniter->handleRequest(null, Object(Config\Cache), false)
 9 FCPATH\index.php(55): CodeIgniter\CodeIgniter->run()
10 SYSTEMPATH\Commands\Server\rewrite.php(43): require_once('FCPATH\\index.php')
CRITICAL - 2022-09-11 23:20:05 --> Trying to access array offset on value of type null
in APPPATH\Views\dashboard\qr_code.php on line 39.
 1 APPPATH\Views\dashboard\qr_code.php(39): CodeIgniter\Debug\Exceptions->errorHandler(8, 'Trying to access array offset on value of type null', 'APPPATH\\Views\\dashboard\\qr_code.php', 39, [...])
 2 SYSTEMPATH\View\View.php(213): include('APPPATH\\Views\\dashboard\\qr_code.php')
 3 SYSTEMPATH\View\View.php(216): CodeIgniter\View\View->CodeIgniter\View\{closure}()
 4 SYSTEMPATH\Common.php(1135): CodeIgniter\View\View->render('dashboard/qr_code', [], true)
 5 APPPATH\Controllers\Dashboard.php(211): view('dashboard/qr_code', [...])
 6 SYSTEMPATH\CodeIgniter.php(896): App\Controllers\Dashboard->qr_code('FCPATH\\js', 'jsfunctions.js')
 7 SYSTEMPATH\CodeIgniter.php(466): CodeIgniter\CodeIgniter->runController(Object(App\Controllers\Dashboard))
 8 SYSTEMPATH\CodeIgniter.php(349): CodeIgniter\CodeIgniter->handleRequest(null, Object(Config\Cache), false)
 9 FCPATH\index.php(55): CodeIgniter\CodeIgniter->run()
10 SYSTEMPATH\Commands\Server\rewrite.php(43): require_once('FCPATH\\index.php')
CRITICAL - 2022-09-11 23:20:05 --> Trying to access array offset on value of type null
in APPPATH\Views\dashboard\qr_code.php on line 39.
 1 APPPATH\Views\dashboard\qr_code.php(39): CodeIgniter\Debug\Exceptions->errorHandler(8, 'Trying to access array offset on value of type null', 'APPPATH\\Views\\dashboard\\qr_code.php', 39, [...])
 2 SYSTEMPATH\View\View.php(213): include('APPPATH\\Views\\dashboard\\qr_code.php')
 3 SYSTEMPATH\View\View.php(216): CodeIgniter\View\View->CodeIgniter\View\{closure}()
 4 SYSTEMPATH\Common.php(1135): CodeIgniter\View\View->render('dashboard/qr_code', [], true)
 5 APPPATH\Controllers\Dashboard.php(211): view('dashboard/qr_code', [...])
 6 SYSTEMPATH\CodeIgniter.php(896): App\Controllers\Dashboard->qr_code('FCPATH\\js', 'qrcode.js')
 7 SYSTEMPATH\CodeIgniter.php(466): CodeIgniter\CodeIgniter->runController(Object(App\Controllers\Dashboard))
 8 SYSTEMPATH\CodeIgniter.php(349): CodeIgniter\CodeIgniter->handleRequest(null, Object(Config\Cache), false)
 9 FCPATH\index.php(55): CodeIgniter\CodeIgniter->run()
10 SYSTEMPATH\Commands\Server\rewrite.php(43): require_once('FCPATH\\index.php')
CRITICAL - 2022-09-11 23:20:22 --> Trying to access array offset on value of type null
in APPPATH\Views\dashboard\qr_code.php on line 39.
 1 APPPATH\Views\dashboard\qr_code.php(39): CodeIgniter\Debug\Exceptions->errorHandler(8, 'Trying to access array offset on value of type null', 'APPPATH\\Views\\dashboard\\qr_code.php', 39, [...])
 2 SYSTEMPATH\View\View.php(213): include('APPPATH\\Views\\dashboard\\qr_code.php')
 3 SYSTEMPATH\View\View.php(216): CodeIgniter\View\View->CodeIgniter\View\{closure}()
 4 SYSTEMPATH\Common.php(1135): CodeIgniter\View\View->render('dashboard/qr_code', [], true)
 5 APPPATH\Controllers\Dashboard.php(211): view('dashboard/qr_code', [...])
 6 SYSTEMPATH\CodeIgniter.php(896): App\Controllers\Dashboard->qr_code('FCPATH\\js', 'jsfunctions.js')
 7 SYSTEMPATH\CodeIgniter.php(466): CodeIgniter\CodeIgniter->runController(Object(App\Controllers\Dashboard))
 8 SYSTEMPATH\CodeIgniter.php(349): CodeIgniter\CodeIgniter->handleRequest(null, Object(Config\Cache), false)
 9 FCPATH\index.php(55): CodeIgniter\CodeIgniter->run()
10 SYSTEMPATH\Commands\Server\rewrite.php(43): require_once('FCPATH\\index.php')
CRITICAL - 2022-09-11 23:20:22 --> Trying to access array offset on value of type null
in APPPATH\Views\dashboard\qr_code.php on line 39.
 1 APPPATH\Views\dashboard\qr_code.php(39): CodeIgniter\Debug\Exceptions->errorHandler(8, 'Trying to access array offset on value of type null', 'APPPATH\\Views\\dashboard\\qr_code.php', 39, [...])
 2 SYSTEMPATH\View\View.php(213): include('APPPATH\\Views\\dashboard\\qr_code.php')
 3 SYSTEMPATH\View\View.php(216): CodeIgniter\View\View->CodeIgniter\View\{closure}()
 4 SYSTEMPATH\Common.php(1135): CodeIgniter\View\View->render('dashboard/qr_code', [], true)
 5 APPPATH\Controllers\Dashboard.php(211): view('dashboard/qr_code', [...])
 6 SYSTEMPATH\CodeIgniter.php(896): App\Controllers\Dashboard->qr_code('FCPATH\\js', 'qrcode.js')
 7 SYSTEMPATH\CodeIgniter.php(466): CodeIgniter\CodeIgniter->runController(Object(App\Controllers\Dashboard))
 8 SYSTEMPATH\CodeIgniter.php(349): CodeIgniter\CodeIgniter->handleRequest(null, Object(Config\Cache), false)
 9 FCPATH\index.php(55): CodeIgniter\CodeIgniter->run()
10 SYSTEMPATH\Commands\Server\rewrite.php(43): require_once('FCPATH\\index.php')
CRITICAL - 2022-09-11 23:20:33 --> Trying to access array offset on value of type null
in APPPATH\Views\dashboard\qr_code.php on line 39.
 1 APPPATH\Views\dashboard\qr_code.php(39): CodeIgniter\Debug\Exceptions->errorHandler(8, 'Trying to access array offset on value of type null', 'APPPATH\\Views\\dashboard\\qr_code.php', 39, [...])
 2 SYSTEMPATH\View\View.php(213): include('APPPATH\\Views\\dashboard\\qr_code.php')
 3 SYSTEMPATH\View\View.php(216): CodeIgniter\View\View->CodeIgniter\View\{closure}()
 4 SYSTEMPATH\Common.php(1135): CodeIgniter\View\View->render('dashboard/qr_code', [], true)
 5 APPPATH\Controllers\Dashboard.php(211): view('dashboard/qr_code', [...])
 6 SYSTEMPATH\CodeIgniter.php(896): App\Controllers\Dashboard->qr_code('FCPATH\\js', 'jsfunctions.js')
 7 SYSTEMPATH\CodeIgniter.php(466): CodeIgniter\CodeIgniter->runController(Object(App\Controllers\Dashboard))
 8 SYSTEMPATH\CodeIgniter.php(349): CodeIgniter\CodeIgniter->handleRequest(null, Object(Config\Cache), false)
 9 FCPATH\index.php(55): CodeIgniter\CodeIgniter->run()
10 SYSTEMPATH\Commands\Server\rewrite.php(43): require_once('FCPATH\\index.php')
CRITICAL - 2022-09-11 23:20:34 --> Trying to access array offset on value of type null
in APPPATH\Views\dashboard\qr_code.php on line 39.
 1 APPPATH\Views\dashboard\qr_code.php(39): CodeIgniter\Debug\Exceptions->errorHandler(8, 'Trying to access array offset on value of type null', 'APPPATH\\Views\\dashboard\\qr_code.php', 39, [...])
 2 SYSTEMPATH\View\View.php(213): include('APPPATH\\Views\\dashboard\\qr_code.php')
 3 SYSTEMPATH\View\View.php(216): CodeIgniter\View\View->CodeIgniter\View\{closure}()
 4 SYSTEMPATH\Common.php(1135): CodeIgniter\View\View->render('dashboard/qr_code', [], true)
 5 APPPATH\Controllers\Dashboard.php(211): view('dashboard/qr_code', [...])
 6 SYSTEMPATH\CodeIgniter.php(896): App\Controllers\Dashboard->qr_code('FCPATH\\js', 'qrcode.js')
 7 SYSTEMPATH\CodeIgniter.php(466): CodeIgniter\CodeIgniter->runController(Object(App\Controllers\Dashboard))
 8 SYSTEMPATH\CodeIgniter.php(349): CodeIgniter\CodeIgniter->handleRequest(null, Object(Config\Cache), false)
 9 FCPATH\index.php(55): CodeIgniter\CodeIgniter->run()
10 SYSTEMPATH\Commands\Server\rewrite.php(43): require_once('FCPATH\\index.php')
CRITICAL - 2022-09-11 23:21:10 --> Trying to access array offset on value of type null
in APPPATH\Views\dashboard\qr_code.php on line 39.
 1 APPPATH\Views\dashboard\qr_code.php(39): CodeIgniter\Debug\Exceptions->errorHandler(8, 'Trying to access array offset on value of type null', 'APPPATH\\Views\\dashboard\\qr_code.php', 39, [...])
 2 SYSTEMPATH\View\View.php(213): include('APPPATH\\Views\\dashboard\\qr_code.php')
 3 SYSTEMPATH\View\View.php(216): CodeIgniter\View\View->CodeIgniter\View\{closure}()
 4 SYSTEMPATH\Common.php(1135): CodeIgniter\View\View->render('dashboard/qr_code', [], true)
 5 APPPATH\Controllers\Dashboard.php(211): view('dashboard/qr_code', [...])
 6 SYSTEMPATH\CodeIgniter.php(896): App\Controllers\Dashboard->qr_code('FCPATH\\js', 'jsfunctions.js')
 7 SYSTEMPATH\CodeIgniter.php(466): CodeIgniter\CodeIgniter->runController(Object(App\Controllers\Dashboard))
 8 SYSTEMPATH\CodeIgniter.php(349): CodeIgniter\CodeIgniter->handleRequest(null, Object(Config\Cache), false)
 9 FCPATH\index.php(55): CodeIgniter\CodeIgniter->run()
10 SYSTEMPATH\Commands\Server\rewrite.php(43): require_once('FCPATH\\index.php')
CRITICAL - 2022-09-11 23:21:10 --> Trying to access array offset on value of type null
in APPPATH\Views\dashboard\qr_code.php on line 39.
 1 APPPATH\Views\dashboard\qr_code.php(39): CodeIgniter\Debug\Exceptions->errorHandler(8, 'Trying to access array offset on value of type null', 'APPPATH\\Views\\dashboard\\qr_code.php', 39, [...])
 2 SYSTEMPATH\View\View.php(213): include('APPPATH\\Views\\dashboard\\qr_code.php')
 3 SYSTEMPATH\View\View.php(216): CodeIgniter\View\View->CodeIgniter\View\{closure}()
 4 SYSTEMPATH\Common.php(1135): CodeIgniter\View\View->render('dashboard/qr_code', [], true)
 5 APPPATH\Controllers\Dashboard.php(211): view('dashboard/qr_code', [...])
 6 SYSTEMPATH\CodeIgniter.php(896): App\Controllers\Dashboard->qr_code('FCPATH\\js', 'qrcode.js')
 7 SYSTEMPATH\CodeIgniter.php(466): CodeIgniter\CodeIgniter->runController(Object(App\Controllers\Dashboard))
 8 SYSTEMPATH\CodeIgniter.php(349): CodeIgniter\CodeIgniter->handleRequest(null, Object(Config\Cache), false)
 9 FCPATH\index.php(55): CodeIgniter\CodeIgniter->run()
10 SYSTEMPATH\Commands\Server\rewrite.php(43): require_once('FCPATH\\index.php')
CRITICAL - 2022-09-11 23:21:20 --> Trying to access array offset on value of type null
in APPPATH\Views\dashboard\qr_code.php on line 39.
 1 APPPATH\Views\dashboard\qr_code.php(39): CodeIgniter\Debug\Exceptions->errorHandler(8, 'Trying to access array offset on value of type null', 'APPPATH\\Views\\dashboard\\qr_code.php', 39, [...])
 2 SYSTEMPATH\View\View.php(213): include('APPPATH\\Views\\dashboard\\qr_code.php')
 3 SYSTEMPATH\View\View.php(216): CodeIgniter\View\View->CodeIgniter\View\{closure}()
 4 SYSTEMPATH\Common.php(1135): CodeIgniter\View\View->render('dashboard/qr_code', [], true)
 5 APPPATH\Controllers\Dashboard.php(211): view('dashboard/qr_code', [...])
 6 SYSTEMPATH\CodeIgniter.php(896): App\Controllers\Dashboard->qr_code('FCPATH\\js', 'jsfunctions.js')
 7 SYSTEMPATH\CodeIgniter.php(466): CodeIgniter\CodeIgniter->runController(Object(App\Controllers\Dashboard))
 8 SYSTEMPATH\CodeIgniter.php(349): CodeIgniter\CodeIgniter->handleRequest(null, Object(Config\Cache), false)
 9 FCPATH\index.php(55): CodeIgniter\CodeIgniter->run()
10 SYSTEMPATH\Commands\Server\rewrite.php(43): require_once('FCPATH\\index.php')
CRITICAL - 2022-09-11 23:21:20 --> Trying to access array offset on value of type null
in APPPATH\Views\dashboard\qr_code.php on line 39.
 1 APPPATH\Views\dashboard\qr_code.php(39): CodeIgniter\Debug\Exceptions->errorHandler(8, 'Trying to access array offset on value of type null', 'APPPATH\\Views\\dashboard\\qr_code.php', 39, [...])
 2 SYSTEMPATH\View\View.php(213): include('APPPATH\\Views\\dashboard\\qr_code.php')
 3 SYSTEMPATH\View\View.php(216): CodeIgniter\View\View->CodeIgniter\View\{closure}()
 4 SYSTEMPATH\Common.php(1135): CodeIgniter\View\View->render('dashboard/qr_code', [], true)
 5 APPPATH\Controllers\Dashboard.php(211): view('dashboard/qr_code', [...])
 6 SYSTEMPATH\CodeIgniter.php(896): App\Controllers\Dashboard->qr_code('FCPATH\\js', 'qrcode.js')
 7 SYSTEMPATH\CodeIgniter.php(466): CodeIgniter\CodeIgniter->runController(Object(App\Controllers\Dashboard))
 8 SYSTEMPATH\CodeIgniter.php(349): CodeIgniter\CodeIgniter->handleRequest(null, Object(Config\Cache), false)
 9 FCPATH\index.php(55): CodeIgniter\CodeIgniter->run()
10 SYSTEMPATH\Commands\Server\rewrite.php(43): require_once('FCPATH\\index.php')
CRITICAL - 2022-09-11 23:21:42 --> Trying to access array offset on value of type null
in APPPATH\Views\dashboard\qr_code.php on line 39.
 1 APPPATH\Views\dashboard\qr_code.php(39): CodeIgniter\Debug\Exceptions->errorHandler(8, 'Trying to access array offset on value of type null', 'APPPATH\\Views\\dashboard\\qr_code.php', 39, [...])
 2 SYSTEMPATH\View\View.php(213): include('APPPATH\\Views\\dashboard\\qr_code.php')
 3 SYSTEMPATH\View\View.php(216): CodeIgniter\View\View->CodeIgniter\View\{closure}()
 4 SYSTEMPATH\Common.php(1135): CodeIgniter\View\View->render('dashboard/qr_code', [], true)
 5 APPPATH\Controllers\Dashboard.php(211): view('dashboard/qr_code', [...])
 6 SYSTEMPATH\CodeIgniter.php(896): App\Controllers\Dashboard->qr_code('FCPATH\\js', 'jsfunctions.js')
 7 SYSTEMPATH\CodeIgniter.php(466): CodeIgniter\CodeIgniter->runController(Object(App\Controllers\Dashboard))
 8 SYSTEMPATH\CodeIgniter.php(349): CodeIgniter\CodeIgniter->handleRequest(null, Object(Config\Cache), false)
 9 FCPATH\index.php(55): CodeIgniter\CodeIgniter->run()
10 SYSTEMPATH\Commands\Server\rewrite.php(43): require_once('FCPATH\\index.php')
CRITICAL - 2022-09-11 23:21:43 --> Trying to access array offset on value of type null
in APPPATH\Views\dashboard\qr_code.php on line 39.
 1 APPPATH\Views\dashboard\qr_code.php(39): CodeIgniter\Debug\Exceptions->errorHandler(8, 'Trying to access array offset on value of type null', 'APPPATH\\Views\\dashboard\\qr_code.php', 39, [...])
 2 SYSTEMPATH\View\View.php(213): include('APPPATH\\Views\\dashboard\\qr_code.php')
 3 SYSTEMPATH\View\View.php(216): CodeIgniter\View\View->CodeIgniter\View\{closure}()
 4 SYSTEMPATH\Common.php(1135): CodeIgniter\View\View->render('dashboard/qr_code', [], true)
 5 APPPATH\Controllers\Dashboard.php(211): view('dashboard/qr_code', [...])
 6 SYSTEMPATH\CodeIgniter.php(896): App\Controllers\Dashboard->qr_code('FCPATH\\js', 'qrcode.js')
 7 SYSTEMPATH\CodeIgniter.php(466): CodeIgniter\CodeIgniter->runController(Object(App\Controllers\Dashboard))
 8 SYSTEMPATH\CodeIgniter.php(349): CodeIgniter\CodeIgniter->handleRequest(null, Object(Config\Cache), false)
 9 FCPATH\index.php(55): CodeIgniter\CodeIgniter->run()
10 SYSTEMPATH\Commands\Server\rewrite.php(43): require_once('FCPATH\\index.php')
CRITICAL - 2022-09-11 23:21:54 --> Trying to access array offset on value of type null
in APPPATH\Views\dashboard\qr_code.php on line 39.
 1 APPPATH\Views\dashboard\qr_code.php(39): CodeIgniter\Debug\Exceptions->errorHandler(8, 'Trying to access array offset on value of type null', 'APPPATH\\Views\\dashboard\\qr_code.php', 39, [...])
 2 SYSTEMPATH\View\View.php(213): include('APPPATH\\Views\\dashboard\\qr_code.php')
 3 SYSTEMPATH\View\View.php(216): CodeIgniter\View\View->CodeIgniter\View\{closure}()
 4 SYSTEMPATH\Common.php(1135): CodeIgniter\View\View->render('dashboard/qr_code', [], true)
 5 APPPATH\Controllers\Dashboard.php(211): view('dashboard/qr_code', [...])
 6 SYSTEMPATH\CodeIgniter.php(896): App\Controllers\Dashboard->qr_code('FCPATH\\js', 'jsfunctions.js')
 7 SYSTEMPATH\CodeIgniter.php(466): CodeIgniter\CodeIgniter->runController(Object(App\Controllers\Dashboard))
 8 SYSTEMPATH\CodeIgniter.php(349): CodeIgniter\CodeIgniter->handleRequest(null, Object(Config\Cache), false)
 9 FCPATH\index.php(55): CodeIgniter\CodeIgniter->run()
10 SYSTEMPATH\Commands\Server\rewrite.php(43): require_once('FCPATH\\index.php')
CRITICAL - 2022-09-11 23:21:54 --> Trying to access array offset on value of type null
in APPPATH\Views\dashboard\qr_code.php on line 39.
 1 APPPATH\Views\dashboard\qr_code.php(39): CodeIgniter\Debug\Exceptions->errorHandler(8, 'Trying to access array offset on value of type null', 'APPPATH\\Views\\dashboard\\qr_code.php', 39, [...])
 2 SYSTEMPATH\View\View.php(213): include('APPPATH\\Views\\dashboard\\qr_code.php')
 3 SYSTEMPATH\View\View.php(216): CodeIgniter\View\View->CodeIgniter\View\{closure}()
 4 SYSTEMPATH\Common.php(1135): CodeIgniter\View\View->render('dashboard/qr_code', [], true)
 5 APPPATH\Controllers\Dashboard.php(211): view('dashboard/qr_code', [...])
 6 SYSTEMPATH\CodeIgniter.php(896): App\Controllers\Dashboard->qr_code('FCPATH\\js', 'qrcode.js')
 7 SYSTEMPATH\CodeIgniter.php(466): CodeIgniter\CodeIgniter->runController(Object(App\Controllers\Dashboard))
 8 SYSTEMPATH\CodeIgniter.php(349): CodeIgniter\CodeIgniter->handleRequest(null, Object(Config\Cache), false)
 9 FCPATH\index.php(55): CodeIgniter\CodeIgniter->run()
10 SYSTEMPATH\Commands\Server\rewrite.php(43): require_once('FCPATH\\index.php')
CRITICAL - 2022-09-11 23:22:19 --> Trying to access array offset on value of type null
in APPPATH\Views\dashboard\qr_code.php on line 39.
 1 APPPATH\Views\dashboard\qr_code.php(39): CodeIgniter\Debug\Exceptions->errorHandler(8, 'Trying to access array offset on value of type null', 'APPPATH\\Views\\dashboard\\qr_code.php', 39, [...])
 2 SYSTEMPATH\View\View.php(213): include('APPPATH\\Views\\dashboard\\qr_code.php')
 3 SYSTEMPATH\View\View.php(216): CodeIgniter\View\View->CodeIgniter\View\{closure}()
 4 SYSTEMPATH\Common.php(1135): CodeIgniter\View\View->render('dashboard/qr_code', [], true)
 5 APPPATH\Controllers\Dashboard.php(211): view('dashboard/qr_code', [...])
 6 SYSTEMPATH\CodeIgniter.php(896): App\Controllers\Dashboard->qr_code('FCPATH\\js', 'jsfunctions.js')
 7 SYSTEMPATH\CodeIgniter.php(466): CodeIgniter\CodeIgniter->runController(Object(App\Controllers\Dashboard))
 8 SYSTEMPATH\CodeIgniter.php(349): CodeIgniter\CodeIgniter->handleRequest(null, Object(Config\Cache), false)
 9 FCPATH\index.php(55): CodeIgniter\CodeIgniter->run()
10 SYSTEMPATH\Commands\Server\rewrite.php(43): require_once('FCPATH\\index.php')
CRITICAL - 2022-09-11 23:22:19 --> Trying to access array offset on value of type null
in APPPATH\Views\dashboard\qr_code.php on line 39.
 1 APPPATH\Views\dashboard\qr_code.php(39): CodeIgniter\Debug\Exceptions->errorHandler(8, 'Trying to access array offset on value of type null', 'APPPATH\\Views\\dashboard\\qr_code.php', 39, [...])
 2 SYSTEMPATH\View\View.php(213): include('APPPATH\\Views\\dashboard\\qr_code.php')
 3 SYSTEMPATH\View\View.php(216): CodeIgniter\View\View->CodeIgniter\View\{closure}()
 4 SYSTEMPATH\Common.php(1135): CodeIgniter\View\View->render('dashboard/qr_code', [], true)
 5 APPPATH\Controllers\Dashboard.php(211): view('dashboard/qr_code', [...])
 6 SYSTEMPATH\CodeIgniter.php(896): App\Controllers\Dashboard->qr_code('FCPATH\\js', 'qrcode.js')
 7 SYSTEMPATH\CodeIgniter.php(466): CodeIgniter\CodeIgniter->runController(Object(App\Controllers\Dashboard))
 8 SYSTEMPATH\CodeIgniter.php(349): CodeIgniter\CodeIgniter->handleRequest(null, Object(Config\Cache), false)
 9 FCPATH\index.php(55): CodeIgniter\CodeIgniter->run()
10 SYSTEMPATH\Commands\Server\rewrite.php(43): require_once('FCPATH\\index.php')
CRITICAL - 2022-09-11 23:24:52 --> Trying to access array offset on value of type null
in APPPATH\Views\dashboard\qr_code.php on line 39.
 1 APPPATH\Views\dashboard\qr_code.php(39): CodeIgniter\Debug\Exceptions->errorHandler(8, 'Trying to access array offset on value of type null', 'APPPATH\\Views\\dashboard\\qr_code.php', 39, [...])
 2 SYSTEMPATH\View\View.php(213): include('APPPATH\\Views\\dashboard\\qr_code.php')
 3 SYSTEMPATH\View\View.php(216): CodeIgniter\View\View->CodeIgniter\View\{closure}()
 4 SYSTEMPATH\Common.php(1135): CodeIgniter\View\View->render('dashboard/qr_code', [], true)
 5 APPPATH\Controllers\Dashboard.php(211): view('dashboard/qr_code', [...])
 6 SYSTEMPATH\CodeIgniter.php(896): App\Controllers\Dashboard->qr_code('FCPATH\\js', 'jsfunctions.js')
 7 SYSTEMPATH\CodeIgniter.php(466): CodeIgniter\CodeIgniter->runController(Object(App\Controllers\Dashboard))
 8 SYSTEMPATH\CodeIgniter.php(349): CodeIgniter\CodeIgniter->handleRequest(null, Object(Config\Cache), false)
 9 FCPATH\index.php(55): CodeIgniter\CodeIgniter->run()
10 SYSTEMPATH\Commands\Server\rewrite.php(43): require_once('FCPATH\\index.php')
CRITICAL - 2022-09-11 23:24:52 --> Trying to access array offset on value of type null
in APPPATH\Views\dashboard\qr_code.php on line 39.
 1 APPPATH\Views\dashboard\qr_code.php(39): CodeIgniter\Debug\Exceptions->errorHandler(8, 'Trying to access array offset on value of type null', 'APPPATH\\Views\\dashboard\\qr_code.php', 39, [...])
 2 SYSTEMPATH\View\View.php(213): include('APPPATH\\Views\\dashboard\\qr_code.php')
 3 SYSTEMPATH\View\View.php(216): CodeIgniter\View\View->CodeIgniter\View\{closure}()
 4 SYSTEMPATH\Common.php(1135): CodeIgniter\View\View->render('dashboard/qr_code', [], true)
 5 APPPATH\Controllers\Dashboard.php(211): view('dashboard/qr_code', [...])
 6 SYSTEMPATH\CodeIgniter.php(896): App\Controllers\Dashboard->qr_code('FCPATH\\js', 'qrcode.js')
 7 SYSTEMPATH\CodeIgniter.php(466): CodeIgniter\CodeIgniter->runController(Object(App\Controllers\Dashboard))
 8 SYSTEMPATH\CodeIgniter.php(349): CodeIgniter\CodeIgniter->handleRequest(null, Object(Config\Cache), false)
 9 FCPATH\index.php(55): CodeIgniter\CodeIgniter->run()
10 SYSTEMPATH\Commands\Server\rewrite.php(43): require_once('FCPATH\\index.php')
CRITICAL - 2022-09-11 23:25:19 --> Trying to access array offset on value of type null
in APPPATH\Views\dashboard\qr_code.php on line 39.
 1 APPPATH\Views\dashboard\qr_code.php(39): CodeIgniter\Debug\Exceptions->errorHandler(8, 'Trying to access array offset on value of type null', 'APPPATH\\Views\\dashboard\\qr_code.php', 39, [...])
 2 SYSTEMPATH\View\View.php(213): include('APPPATH\\Views\\dashboard\\qr_code.php')
 3 SYSTEMPATH\View\View.php(216): CodeIgniter\View\View->CodeIgniter\View\{closure}()
 4 SYSTEMPATH\Common.php(1135): CodeIgniter\View\View->render('dashboard/qr_code', [], true)
 5 APPPATH\Controllers\Dashboard.php(211): view('dashboard/qr_code', [...])
 6 SYSTEMPATH\CodeIgniter.php(896): App\Controllers\Dashboard->qr_code('FCPATH\\js', 'jsfunctions.js')
 7 SYSTEMPATH\CodeIgniter.php(466): CodeIgniter\CodeIgniter->runController(Object(App\Controllers\Dashboard))
 8 SYSTEMPATH\CodeIgniter.php(349): CodeIgniter\CodeIgniter->handleRequest(null, Object(Config\Cache), false)
 9 FCPATH\index.php(55): CodeIgniter\CodeIgniter->run()
10 SYSTEMPATH\Commands\Server\rewrite.php(43): require_once('FCPATH\\index.php')
CRITICAL - 2022-09-11 23:25:19 --> Trying to access array offset on value of type null
in APPPATH\Views\dashboard\qr_code.php on line 39.
 1 APPPATH\Views\dashboard\qr_code.php(39): CodeIgniter\Debug\Exceptions->errorHandler(8, 'Trying to access array offset on value of type null', 'APPPATH\\Views\\dashboard\\qr_code.php', 39, [...])
 2 SYSTEMPATH\View\View.php(213): include('APPPATH\\Views\\dashboard\\qr_code.php')
 3 SYSTEMPATH\View\View.php(216): CodeIgniter\View\View->CodeIgniter\View\{closure}()
 4 SYSTEMPATH\Common.php(1135): CodeIgniter\View\View->render('dashboard/qr_code', [], true)
 5 APPPATH\Controllers\Dashboard.php(211): view('dashboard/qr_code', [...])
 6 SYSTEMPATH\CodeIgniter.php(896): App\Controllers\Dashboard->qr_code('FCPATH\\js', 'qrcode.js')
 7 SYSTEMPATH\CodeIgniter.php(466): CodeIgniter\CodeIgniter->runController(Object(App\Controllers\Dashboard))
 8 SYSTEMPATH\CodeIgniter.php(349): CodeIgniter\CodeIgniter->handleRequest(null, Object(Config\Cache), false)
 9 FCPATH\index.php(55): CodeIgniter\CodeIgniter->run()
10 SYSTEMPATH\Commands\Server\rewrite.php(43): require_once('FCPATH\\index.php')
CRITICAL - 2022-09-11 23:25:26 --> Trying to access array offset on value of type null
in APPPATH\Views\dashboard\qr_code.php on line 39.
 1 APPPATH\Views\dashboard\qr_code.php(39): CodeIgniter\Debug\Exceptions->errorHandler(8, 'Trying to access array offset on value of type null', 'APPPATH\\Views\\dashboard\\qr_code.php', 39, [...])
 2 SYSTEMPATH\View\View.php(213): include('APPPATH\\Views\\dashboard\\qr_code.php')
 3 SYSTEMPATH\View\View.php(216): CodeIgniter\View\View->CodeIgniter\View\{closure}()
 4 SYSTEMPATH\Common.php(1135): CodeIgniter\View\View->render('dashboard/qr_code', [], true)
 5 APPPATH\Controllers\Dashboard.php(211): view('dashboard/qr_code', [...])
 6 SYSTEMPATH\CodeIgniter.php(896): App\Controllers\Dashboard->qr_code('FCPATH\\js', 'jsfunctions.js')
 7 SYSTEMPATH\CodeIgniter.php(466): CodeIgniter\CodeIgniter->runController(Object(App\Controllers\Dashboard))
 8 SYSTEMPATH\CodeIgniter.php(349): CodeIgniter\CodeIgniter->handleRequest(null, Object(Config\Cache), false)
 9 FCPATH\index.php(55): CodeIgniter\CodeIgniter->run()
10 SYSTEMPATH\Commands\Server\rewrite.php(43): require_once('FCPATH\\index.php')
CRITICAL - 2022-09-11 23:25:26 --> Trying to access array offset on value of type null
in APPPATH\Views\dashboard\qr_code.php on line 39.
 1 APPPATH\Views\dashboard\qr_code.php(39): CodeIgniter\Debug\Exceptions->errorHandler(8, 'Trying to access array offset on value of type null', 'APPPATH\\Views\\dashboard\\qr_code.php', 39, [...])
 2 SYSTEMPATH\View\View.php(213): include('APPPATH\\Views\\dashboard\\qr_code.php')
 3 SYSTEMPATH\View\View.php(216): CodeIgniter\View\View->CodeIgniter\View\{closure}()
 4 SYSTEMPATH\Common.php(1135): CodeIgniter\View\View->render('dashboard/qr_code', [], true)
 5 APPPATH\Controllers\Dashboard.php(211): view('dashboard/qr_code', [...])
 6 SYSTEMPATH\CodeIgniter.php(896): App\Controllers\Dashboard->qr_code('FCPATH\\js', 'qrcode.js')
 7 SYSTEMPATH\CodeIgniter.php(466): CodeIgniter\CodeIgniter->runController(Object(App\Controllers\Dashboard))
 8 SYSTEMPATH\CodeIgniter.php(349): CodeIgniter\CodeIgniter->handleRequest(null, Object(Config\Cache), false)
 9 FCPATH\index.php(55): CodeIgniter\CodeIgniter->run()
10 SYSTEMPATH\Commands\Server\rewrite.php(43): require_once('FCPATH\\index.php')
CRITICAL - 2022-09-11 23:25:34 --> Trying to access array offset on value of type null
in APPPATH\Views\dashboard\qr_code.php on line 38.
 1 APPPATH\Views\dashboard\qr_code.php(38): CodeIgniter\Debug\Exceptions->errorHandler(8, 'Trying to access array offset on value of type null', 'APPPATH\\Views\\dashboard\\qr_code.php', 38, [...])
 2 SYSTEMPATH\View\View.php(213): include('APPPATH\\Views\\dashboard\\qr_code.php')
 3 SYSTEMPATH\View\View.php(216): CodeIgniter\View\View->CodeIgniter\View\{closure}()
 4 SYSTEMPATH\Common.php(1135): CodeIgniter\View\View->render('dashboard/qr_code', [], true)
 5 APPPATH\Controllers\Dashboard.php(211): view('dashboard/qr_code', [...])
 6 SYSTEMPATH\CodeIgniter.php(896): App\Controllers\Dashboard->qr_code('FCPATH\\js', 'jsfunctions.js')
 7 SYSTEMPATH\CodeIgniter.php(466): CodeIgniter\CodeIgniter->runController(Object(App\Controllers\Dashboard))
 8 SYSTEMPATH\CodeIgniter.php(349): CodeIgniter\CodeIgniter->handleRequest(null, Object(Config\Cache), false)
 9 FCPATH\index.php(55): CodeIgniter\CodeIgniter->run()
10 SYSTEMPATH\Commands\Server\rewrite.php(43): require_once('FCPATH\\index.php')
CRITICAL - 2022-09-11 23:25:34 --> Trying to access array offset on value of type null
in APPPATH\Views\dashboard\qr_code.php on line 38.
 1 APPPATH\Views\dashboard\qr_code.php(38): CodeIgniter\Debug\Exceptions->errorHandler(8, 'Trying to access array offset on value of type null', 'APPPATH\\Views\\dashboard\\qr_code.php', 38, [...])
 2 SYSTEMPATH\View\View.php(213): include('APPPATH\\Views\\dashboard\\qr_code.php')
 3 SYSTEMPATH\View\View.php(216): CodeIgniter\View\View->CodeIgniter\View\{closure}()
 4 SYSTEMPATH\Common.php(1135): CodeIgniter\View\View->render('dashboard/qr_code', [], true)
 5 APPPATH\Controllers\Dashboard.php(211): view('dashboard/qr_code', [...])
 6 SYSTEMPATH\CodeIgniter.php(896): App\Controllers\Dashboard->qr_code('FCPATH\\js', 'qrcode.js')
 7 SYSTEMPATH\CodeIgniter.php(466): CodeIgniter\CodeIgniter->runController(Object(App\Controllers\Dashboard))
 8 SYSTEMPATH\CodeIgniter.php(349): CodeIgniter\CodeIgniter->handleRequest(null, Object(Config\Cache), false)
 9 FCPATH\index.php(55): CodeIgniter\CodeIgniter->run()
10 SYSTEMPATH\Commands\Server\rewrite.php(43): require_once('FCPATH\\index.php')
CRITICAL - 2022-09-11 23:25:44 --> Trying to access array offset on value of type null
in APPPATH\Views\dashboard\qr_code.php on line 38.
 1 APPPATH\Views\dashboard\qr_code.php(38): CodeIgniter\Debug\Exceptions->errorHandler(8, 'Trying to access array offset on value of type null', 'APPPATH\\Views\\dashboard\\qr_code.php', 38, [...])
 2 SYSTEMPATH\View\View.php(213): include('APPPATH\\Views\\dashboard\\qr_code.php')
 3 SYSTEMPATH\View\View.php(216): CodeIgniter\View\View->CodeIgniter\View\{closure}()
 4 SYSTEMPATH\Common.php(1135): CodeIgniter\View\View->render('dashboard/qr_code', [], true)
 5 APPPATH\Controllers\Dashboard.php(211): view('dashboard/qr_code', [...])
 6 SYSTEMPATH\CodeIgniter.php(896): App\Controllers\Dashboard->qr_code('FCPATH\\js', 'jsfunctions.js')
 7 SYSTEMPATH\CodeIgniter.php(466): CodeIgniter\CodeIgniter->runController(Object(App\Controllers\Dashboard))
 8 SYSTEMPATH\CodeIgniter.php(349): CodeIgniter\CodeIgniter->handleRequest(null, Object(Config\Cache), false)
 9 FCPATH\index.php(55): CodeIgniter\CodeIgniter->run()
10 SYSTEMPATH\Commands\Server\rewrite.php(43): require_once('FCPATH\\index.php')
CRITICAL - 2022-09-11 23:25:44 --> Trying to access array offset on value of type null
in APPPATH\Views\dashboard\qr_code.php on line 38.
 1 APPPATH\Views\dashboard\qr_code.php(38): CodeIgniter\Debug\Exceptions->errorHandler(8, 'Trying to access array offset on value of type null', 'APPPATH\\Views\\dashboard\\qr_code.php', 38, [...])
 2 SYSTEMPATH\View\View.php(213): include('APPPATH\\Views\\dashboard\\qr_code.php')
 3 SYSTEMPATH\View\View.php(216): CodeIgniter\View\View->CodeIgniter\View\{closure}()
 4 SYSTEMPATH\Common.php(1135): CodeIgniter\View\View->render('dashboard/qr_code', [], true)
 5 APPPATH\Controllers\Dashboard.php(211): view('dashboard/qr_code', [...])
 6 SYSTEMPATH\CodeIgniter.php(896): App\Controllers\Dashboard->qr_code('FCPATH\\js', 'qrcode.js')
 7 SYSTEMPATH\CodeIgniter.php(466): CodeIgniter\CodeIgniter->runController(Object(App\Controllers\Dashboard))
 8 SYSTEMPATH\CodeIgniter.php(349): CodeIgniter\CodeIgniter->handleRequest(null, Object(Config\Cache), false)
 9 FCPATH\index.php(55): CodeIgniter\CodeIgniter->run()
10 SYSTEMPATH\Commands\Server\rewrite.php(43): require_once('FCPATH\\index.php')
CRITICAL - 2022-09-11 23:25:50 --> Trying to access array offset on value of type null
in APPPATH\Views\dashboard\qr_code.php on line 38.
 1 APPPATH\Views\dashboard\qr_code.php(38): CodeIgniter\Debug\Exceptions->errorHandler(8, 'Trying to access array offset on value of type null', 'APPPATH\\Views\\dashboard\\qr_code.php', 38, [...])
 2 SYSTEMPATH\View\View.php(213): include('APPPATH\\Views\\dashboard\\qr_code.php')
 3 SYSTEMPATH\View\View.php(216): CodeIgniter\View\View->CodeIgniter\View\{closure}()
 4 SYSTEMPATH\Common.php(1135): CodeIgniter\View\View->render('dashboard/qr_code', [], true)
 5 APPPATH\Controllers\Dashboard.php(211): view('dashboard/qr_code', [...])
 6 SYSTEMPATH\CodeIgniter.php(896): App\Controllers\Dashboard->qr_code('FCPATH\\js', 'jsfunctions.js')
 7 SYSTEMPATH\CodeIgniter.php(466): CodeIgniter\CodeIgniter->runController(Object(App\Controllers\Dashboard))
 8 SYSTEMPATH\CodeIgniter.php(349): CodeIgniter\CodeIgniter->handleRequest(null, Object(Config\Cache), false)
 9 FCPATH\index.php(55): CodeIgniter\CodeIgniter->run()
10 SYSTEMPATH\Commands\Server\rewrite.php(43): require_once('FCPATH\\index.php')
CRITICAL - 2022-09-11 23:25:50 --> Trying to access array offset on value of type null
in APPPATH\Views\dashboard\qr_code.php on line 38.
 1 APPPATH\Views\dashboard\qr_code.php(38): CodeIgniter\Debug\Exceptions->errorHandler(8, 'Trying to access array offset on value of type null', 'APPPATH\\Views\\dashboard\\qr_code.php', 38, [...])
 2 SYSTEMPATH\View\View.php(213): include('APPPATH\\Views\\dashboard\\qr_code.php')
 3 SYSTEMPATH\View\View.php(216): CodeIgniter\View\View->CodeIgniter\View\{closure}()
 4 SYSTEMPATH\Common.php(1135): CodeIgniter\View\View->render('dashboard/qr_code', [], true)
 5 APPPATH\Controllers\Dashboard.php(211): view('dashboard/qr_code', [...])
 6 SYSTEMPATH\CodeIgniter.php(896): App\Controllers\Dashboard->qr_code('FCPATH\\js', 'qrcode.js')
 7 SYSTEMPATH\CodeIgniter.php(466): CodeIgniter\CodeIgniter->runController(Object(App\Controllers\Dashboard))
 8 SYSTEMPATH\CodeIgniter.php(349): CodeIgniter\CodeIgniter->handleRequest(null, Object(Config\Cache), false)
 9 FCPATH\index.php(55): CodeIgniter\CodeIgniter->run()
10 SYSTEMPATH\Commands\Server\rewrite.php(43): require_once('FCPATH\\index.php')
CRITICAL - 2022-09-11 23:26:03 --> Trying to access array offset on value of type null
in APPPATH\Views\dashboard\qr_code.php on line 38.
 1 APPPATH\Views\dashboard\qr_code.php(38): CodeIgniter\Debug\Exceptions->errorHandler(8, 'Trying to access array offset on value of type null', 'APPPATH\\Views\\dashboard\\qr_code.php', 38, [...])
 2 SYSTEMPATH\View\View.php(213): include('APPPATH\\Views\\dashboard\\qr_code.php')
 3 SYSTEMPATH\View\View.php(216): CodeIgniter\View\View->CodeIgniter\View\{closure}()
 4 SYSTEMPATH\Common.php(1135): CodeIgniter\View\View->render('dashboard/qr_code', [], true)
 5 APPPATH\Controllers\Dashboard.php(211): view('dashboard/qr_code', [...])
 6 SYSTEMPATH\CodeIgniter.php(896): App\Controllers\Dashboard->qr_code('FCPATH\\js', 'jsfunctions.js')
 7 SYSTEMPATH\CodeIgniter.php(466): CodeIgniter\CodeIgniter->runController(Object(App\Controllers\Dashboard))
 8 SYSTEMPATH\CodeIgniter.php(349): CodeIgniter\CodeIgniter->handleRequest(null, Object(Config\Cache), false)
 9 FCPATH\index.php(55): CodeIgniter\CodeIgniter->run()
10 SYSTEMPATH\Commands\Server\rewrite.php(43): require_once('FCPATH\\index.php')
CRITICAL - 2022-09-11 23:26:03 --> Trying to access array offset on value of type null
in APPPATH\Views\dashboard\qr_code.php on line 38.
 1 APPPATH\Views\dashboard\qr_code.php(38): CodeIgniter\Debug\Exceptions->errorHandler(8, 'Trying to access array offset on value of type null', 'APPPATH\\Views\\dashboard\\qr_code.php', 38, [...])
 2 SYSTEMPATH\View\View.php(213): include('APPPATH\\Views\\dashboard\\qr_code.php')
 3 SYSTEMPATH\View\View.php(216): CodeIgniter\View\View->CodeIgniter\View\{closure}()
 4 SYSTEMPATH\Common.php(1135): CodeIgniter\View\View->render('dashboard/qr_code', [], true)
 5 APPPATH\Controllers\Dashboard.php(211): view('dashboard/qr_code', [...])
 6 SYSTEMPATH\CodeIgniter.php(896): App\Controllers\Dashboard->qr_code('FCPATH\\js', 'qrcode.js')
 7 SYSTEMPATH\CodeIgniter.php(466): CodeIgniter\CodeIgniter->runController(Object(App\Controllers\Dashboard))
 8 SYSTEMPATH\CodeIgniter.php(349): CodeIgniter\CodeIgniter->handleRequest(null, Object(Config\Cache), false)
 9 FCPATH\index.php(55): CodeIgniter\CodeIgniter->run()
10 SYSTEMPATH\Commands\Server\rewrite.php(43): require_once('FCPATH\\index.php')
CRITICAL - 2022-09-11 23:26:33 --> Trying to access array offset on value of type null
in APPPATH\Views\dashboard\qr_code.php on line 38.
 1 APPPATH\Views\dashboard\qr_code.php(38): CodeIgniter\Debug\Exceptions->errorHandler(8, 'Trying to access array offset on value of type null', 'APPPATH\\Views\\dashboard\\qr_code.php', 38, [...])
 2 SYSTEMPATH\View\View.php(213): include('APPPATH\\Views\\dashboard\\qr_code.php')
 3 SYSTEMPATH\View\View.php(216): CodeIgniter\View\View->CodeIgniter\View\{closure}()
 4 SYSTEMPATH\Common.php(1135): CodeIgniter\View\View->render('dashboard/qr_code', [], true)
 5 APPPATH\Controllers\Dashboard.php(211): view('dashboard/qr_code', [...])
 6 SYSTEMPATH\CodeIgniter.php(896): App\Controllers\Dashboard->qr_code('FCPATH\\js', 'jsfunctions.js')
 7 SYSTEMPATH\CodeIgniter.php(466): CodeIgniter\CodeIgniter->runController(Object(App\Controllers\Dashboard))
 8 SYSTEMPATH\CodeIgniter.php(349): CodeIgniter\CodeIgniter->handleRequest(null, Object(Config\Cache), false)
 9 FCPATH\index.php(55): CodeIgniter\CodeIgniter->run()
10 SYSTEMPATH\Commands\Server\rewrite.php(43): require_once('FCPATH\\index.php')
CRITICAL - 2022-09-11 23:26:33 --> Trying to access array offset on value of type null
in APPPATH\Views\dashboard\qr_code.php on line 38.
 1 APPPATH\Views\dashboard\qr_code.php(38): CodeIgniter\Debug\Exceptions->errorHandler(8, 'Trying to access array offset on value of type null', 'APPPATH\\Views\\dashboard\\qr_code.php', 38, [...])
 2 SYSTEMPATH\View\View.php(213): include('APPPATH\\Views\\dashboard\\qr_code.php')
 3 SYSTEMPATH\View\View.php(216): CodeIgniter\View\View->CodeIgniter\View\{closure}()
 4 SYSTEMPATH\Common.php(1135): CodeIgniter\View\View->render('dashboard/qr_code', [], true)
 5 APPPATH\Controllers\Dashboard.php(211): view('dashboard/qr_code', [...])
 6 SYSTEMPATH\CodeIgniter.php(896): App\Controllers\Dashboard->qr_code('FCPATH\\js', 'qrcode.js')
 7 SYSTEMPATH\CodeIgniter.php(466): CodeIgniter\CodeIgniter->runController(Object(App\Controllers\Dashboard))
 8 SYSTEMPATH\CodeIgniter.php(349): CodeIgniter\CodeIgniter->handleRequest(null, Object(Config\Cache), false)
 9 FCPATH\index.php(55): CodeIgniter\CodeIgniter->run()
10 SYSTEMPATH\Commands\Server\rewrite.php(43): require_once('FCPATH\\index.php')
CRITICAL - 2022-09-11 23:27:11 --> Trying to access array offset on value of type null
in APPPATH\Views\dashboard\qr_code.php on line 37.
 1 APPPATH\Views\dashboard\qr_code.php(37): CodeIgniter\Debug\Exceptions->errorHandler(8, 'Trying to access array offset on value of type null', 'APPPATH\\Views\\dashboard\\qr_code.php', 37, [...])
 2 SYSTEMPATH\View\View.php(213): include('APPPATH\\Views\\dashboard\\qr_code.php')
 3 SYSTEMPATH\View\View.php(216): CodeIgniter\View\View->CodeIgniter\View\{closure}()
 4 SYSTEMPATH\Common.php(1135): CodeIgniter\View\View->render('dashboard/qr_code', [], true)
 5 APPPATH\Controllers\Dashboard.php(211): view('dashboard/qr_code', [...])
 6 SYSTEMPATH\CodeIgniter.php(896): App\Controllers\Dashboard->qr_code('FCPATH\\js', 'jsfunctions.js')
 7 SYSTEMPATH\CodeIgniter.php(466): CodeIgniter\CodeIgniter->runController(Object(App\Controllers\Dashboard))
 8 SYSTEMPATH\CodeIgniter.php(349): CodeIgniter\CodeIgniter->handleRequest(null, Object(Config\Cache), false)
 9 FCPATH\index.php(55): CodeIgniter\CodeIgniter->run()
10 SYSTEMPATH\Commands\Server\rewrite.php(43): require_once('FCPATH\\index.php')
CRITICAL - 2022-09-11 23:27:11 --> Trying to access array offset on value of type null
in APPPATH\Views\dashboard\qr_code.php on line 37.
 1 APPPATH\Views\dashboard\qr_code.php(37): CodeIgniter\Debug\Exceptions->errorHandler(8, 'Trying to access array offset on value of type null', 'APPPATH\\Views\\dashboard\\qr_code.php', 37, [...])
 2 SYSTEMPATH\View\View.php(213): include('APPPATH\\Views\\dashboard\\qr_code.php')
 3 SYSTEMPATH\View\View.php(216): CodeIgniter\View\View->CodeIgniter\View\{closure}()
 4 SYSTEMPATH\Common.php(1135): CodeIgniter\View\View->render('dashboard/qr_code', [], true)
 5 APPPATH\Controllers\Dashboard.php(211): view('dashboard/qr_code', [...])
 6 SYSTEMPATH\CodeIgniter.php(896): App\Controllers\Dashboard->qr_code('FCPATH\\js', 'qrcode.js')
 7 SYSTEMPATH\CodeIgniter.php(466): CodeIgniter\CodeIgniter->runController(Object(App\Controllers\Dashboard))
 8 SYSTEMPATH\CodeIgniter.php(349): CodeIgniter\CodeIgniter->handleRequest(null, Object(Config\Cache), false)
 9 FCPATH\index.php(55): CodeIgniter\CodeIgniter->run()
10 SYSTEMPATH\Commands\Server\rewrite.php(43): require_once('FCPATH\\index.php')
CRITICAL - 2022-09-11 23:27:24 --> Trying to access array offset on value of type null
in APPPATH\Views\dashboard\qr_code.php on line 37.
 1 APPPATH\Views\dashboard\qr_code.php(37): CodeIgniter\Debug\Exceptions->errorHandler(8, 'Trying to access array offset on value of type null', 'APPPATH\\Views\\dashboard\\qr_code.php', 37, [...])
 2 SYSTEMPATH\View\View.php(213): include('APPPATH\\Views\\dashboard\\qr_code.php')
 3 SYSTEMPATH\View\View.php(216): CodeIgniter\View\View->CodeIgniter\View\{closure}()
 4 SYSTEMPATH\Common.php(1135): CodeIgniter\View\View->render('dashboard/qr_code', [], true)
 5 APPPATH\Controllers\Dashboard.php(211): view('dashboard/qr_code', [...])
 6 SYSTEMPATH\CodeIgniter.php(896): App\Controllers\Dashboard->qr_code('FCPATH\\js', 'jsfunctions.js')
 7 SYSTEMPATH\CodeIgniter.php(466): CodeIgniter\CodeIgniter->runController(Object(App\Controllers\Dashboard))
 8 SYSTEMPATH\CodeIgniter.php(349): CodeIgniter\CodeIgniter->handleRequest(null, Object(Config\Cache), false)
 9 FCPATH\index.php(55): CodeIgniter\CodeIgniter->run()
10 SYSTEMPATH\Commands\Server\rewrite.php(43): require_once('FCPATH\\index.php')
CRITICAL - 2022-09-11 23:27:24 --> Trying to access array offset on value of type null
in APPPATH\Views\dashboard\qr_code.php on line 37.
 1 APPPATH\Views\dashboard\qr_code.php(37): CodeIgniter\Debug\Exceptions->errorHandler(8, 'Trying to access array offset on value of type null', 'APPPATH\\Views\\dashboard\\qr_code.php', 37, [...])
 2 SYSTEMPATH\View\View.php(213): include('APPPATH\\Views\\dashboard\\qr_code.php')
 3 SYSTEMPATH\View\View.php(216): CodeIgniter\View\View->CodeIgniter\View\{closure}()
 4 SYSTEMPATH\Common.php(1135): CodeIgniter\View\View->render('dashboard/qr_code', [], true)
 5 APPPATH\Controllers\Dashboard.php(211): view('dashboard/qr_code', [...])
 6 SYSTEMPATH\CodeIgniter.php(896): App\Controllers\Dashboard->qr_code('FCPATH\\js', 'qrcode.js')
 7 SYSTEMPATH\CodeIgniter.php(466): CodeIgniter\CodeIgniter->runController(Object(App\Controllers\Dashboard))
 8 SYSTEMPATH\CodeIgniter.php(349): CodeIgniter\CodeIgniter->handleRequest(null, Object(Config\Cache), false)
 9 FCPATH\index.php(55): CodeIgniter\CodeIgniter->run()
10 SYSTEMPATH\Commands\Server\rewrite.php(43): require_once('FCPATH\\index.php')
CRITICAL - 2022-09-11 23:27:36 --> Trying to access array offset on value of type null
in APPPATH\Views\dashboard\qr_code.php on line 37.
 1 APPPATH\Views\dashboard\qr_code.php(37): CodeIgniter\Debug\Exceptions->errorHandler(8, 'Trying to access array offset on value of type null', 'APPPATH\\Views\\dashboard\\qr_code.php', 37, [...])
 2 SYSTEMPATH\View\View.php(213): include('APPPATH\\Views\\dashboard\\qr_code.php')
 3 SYSTEMPATH\View\View.php(216): CodeIgniter\View\View->CodeIgniter\View\{closure}()
 4 SYSTEMPATH\Common.php(1135): CodeIgniter\View\View->render('dashboard/qr_code', [], true)
 5 APPPATH\Controllers\Dashboard.php(211): view('dashboard/qr_code', [...])
 6 SYSTEMPATH\CodeIgniter.php(896): App\Controllers\Dashboard->qr_code('FCPATH\\js', 'jsfunctions.js')
 7 SYSTEMPATH\CodeIgniter.php(466): CodeIgniter\CodeIgniter->runController(Object(App\Controllers\Dashboard))
 8 SYSTEMPATH\CodeIgniter.php(349): CodeIgniter\CodeIgniter->handleRequest(null, Object(Config\Cache), false)
 9 FCPATH\index.php(55): CodeIgniter\CodeIgniter->run()
10 SYSTEMPATH\Commands\Server\rewrite.php(43): require_once('FCPATH\\index.php')
CRITICAL - 2022-09-11 23:27:36 --> Trying to access array offset on value of type null
in APPPATH\Views\dashboard\qr_code.php on line 37.
 1 APPPATH\Views\dashboard\qr_code.php(37): CodeIgniter\Debug\Exceptions->errorHandler(8, 'Trying to access array offset on value of type null', 'APPPATH\\Views\\dashboard\\qr_code.php', 37, [...])
 2 SYSTEMPATH\View\View.php(213): include('APPPATH\\Views\\dashboard\\qr_code.php')
 3 SYSTEMPATH\View\View.php(216): CodeIgniter\View\View->CodeIgniter\View\{closure}()
 4 SYSTEMPATH\Common.php(1135): CodeIgniter\View\View->render('dashboard/qr_code', [], true)
 5 APPPATH\Controllers\Dashboard.php(211): view('dashboard/qr_code', [...])
 6 SYSTEMPATH\CodeIgniter.php(896): App\Controllers\Dashboard->qr_code('FCPATH\\js', 'qrcode.js')
 7 SYSTEMPATH\CodeIgniter.php(466): CodeIgniter\CodeIgniter->runController(Object(App\Controllers\Dashboard))
 8 SYSTEMPATH\CodeIgniter.php(349): CodeIgniter\CodeIgniter->handleRequest(null, Object(Config\Cache), false)
 9 FCPATH\index.php(55): CodeIgniter\CodeIgniter->run()
10 SYSTEMPATH\Commands\Server\rewrite.php(43): require_once('FCPATH\\index.php')
CRITICAL - 2022-09-11 23:27:41 --> Trying to access array offset on value of type null
in APPPATH\Views\dashboard\qr_code.php on line 37.
 1 APPPATH\Views\dashboard\qr_code.php(37): CodeIgniter\Debug\Exceptions->errorHandler(8, 'Trying to access array offset on value of type null', 'APPPATH\\Views\\dashboard\\qr_code.php', 37, [...])
 2 SYSTEMPATH\View\View.php(213): include('APPPATH\\Views\\dashboard\\qr_code.php')
 3 SYSTEMPATH\View\View.php(216): CodeIgniter\View\View->CodeIgniter\View\{closure}()
 4 SYSTEMPATH\Common.php(1135): CodeIgniter\View\View->render('dashboard/qr_code', [], true)
 5 APPPATH\Controllers\Dashboard.php(211): view('dashboard/qr_code', [...])
 6 SYSTEMPATH\CodeIgniter.php(896): App\Controllers\Dashboard->qr_code('FCPATH\\js', 'jsfunctions.js')
 7 SYSTEMPATH\CodeIgniter.php(466): CodeIgniter\CodeIgniter->runController(Object(App\Controllers\Dashboard))
 8 SYSTEMPATH\CodeIgniter.php(349): CodeIgniter\CodeIgniter->handleRequest(null, Object(Config\Cache), false)
 9 FCPATH\index.php(55): CodeIgniter\CodeIgniter->run()
10 SYSTEMPATH\Commands\Server\rewrite.php(43): require_once('FCPATH\\index.php')
CRITICAL - 2022-09-11 23:27:41 --> Trying to access array offset on value of type null
in APPPATH\Views\dashboard\qr_code.php on line 37.
 1 APPPATH\Views\dashboard\qr_code.php(37): CodeIgniter\Debug\Exceptions->errorHandler(8, 'Trying to access array offset on value of type null', 'APPPATH\\Views\\dashboard\\qr_code.php', 37, [...])
 2 SYSTEMPATH\View\View.php(213): include('APPPATH\\Views\\dashboard\\qr_code.php')
 3 SYSTEMPATH\View\View.php(216): CodeIgniter\View\View->CodeIgniter\View\{closure}()
 4 SYSTEMPATH\Common.php(1135): CodeIgniter\View\View->render('dashboard/qr_code', [], true)
 5 APPPATH\Controllers\Dashboard.php(211): view('dashboard/qr_code', [...])
 6 SYSTEMPATH\CodeIgniter.php(896): App\Controllers\Dashboard->qr_code('FCPATH\\js', 'qrcode.js')
 7 SYSTEMPATH\CodeIgniter.php(466): CodeIgniter\CodeIgniter->runController(Object(App\Controllers\Dashboard))
 8 SYSTEMPATH\CodeIgniter.php(349): CodeIgniter\CodeIgniter->handleRequest(null, Object(Config\Cache), false)
 9 FCPATH\index.php(55): CodeIgniter\CodeIgniter->run()
10 SYSTEMPATH\Commands\Server\rewrite.php(43): require_once('FCPATH\\index.php')
CRITICAL - 2022-09-11 23:27:46 --> Trying to access array offset on value of type null
in APPPATH\Views\dashboard\qr_code.php on line 37.
 1 APPPATH\Views\dashboard\qr_code.php(37): CodeIgniter\Debug\Exceptions->errorHandler(8, 'Trying to access array offset on value of type null', 'APPPATH\\Views\\dashboard\\qr_code.php', 37, [...])
 2 SYSTEMPATH\View\View.php(213): include('APPPATH\\Views\\dashboard\\qr_code.php')
 3 SYSTEMPATH\View\View.php(216): CodeIgniter\View\View->CodeIgniter\View\{closure}()
 4 SYSTEMPATH\Common.php(1135): CodeIgniter\View\View->render('dashboard/qr_code', [], true)
 5 APPPATH\Controllers\Dashboard.php(211): view('dashboard/qr_code', [...])
 6 SYSTEMPATH\CodeIgniter.php(896): App\Controllers\Dashboard->qr_code('FCPATH\\js', 'jsfunctions.js')
 7 SYSTEMPATH\CodeIgniter.php(466): CodeIgniter\CodeIgniter->runController(Object(App\Controllers\Dashboard))
 8 SYSTEMPATH\CodeIgniter.php(349): CodeIgniter\CodeIgniter->handleRequest(null, Object(Config\Cache), false)
 9 FCPATH\index.php(55): CodeIgniter\CodeIgniter->run()
10 SYSTEMPATH\Commands\Server\rewrite.php(43): require_once('FCPATH\\index.php')
CRITICAL - 2022-09-11 23:27:46 --> Trying to access array offset on value of type null
in APPPATH\Views\dashboard\qr_code.php on line 37.
 1 APPPATH\Views\dashboard\qr_code.php(37): CodeIgniter\Debug\Exceptions->errorHandler(8, 'Trying to access array offset on value of type null', 'APPPATH\\Views\\dashboard\\qr_code.php', 37, [...])
 2 SYSTEMPATH\View\View.php(213): include('APPPATH\\Views\\dashboard\\qr_code.php')
 3 SYSTEMPATH\View\View.php(216): CodeIgniter\View\View->CodeIgniter\View\{closure}()
 4 SYSTEMPATH\Common.php(1135): CodeIgniter\View\View->render('dashboard/qr_code', [], true)
 5 APPPATH\Controllers\Dashboard.php(211): view('dashboard/qr_code', [...])
 6 SYSTEMPATH\CodeIgniter.php(896): App\Controllers\Dashboard->qr_code('FCPATH\\js', 'qrcode.js')
 7 SYSTEMPATH\CodeIgniter.php(466): CodeIgniter\CodeIgniter->runController(Object(App\Controllers\Dashboard))
 8 SYSTEMPATH\CodeIgniter.php(349): CodeIgniter\CodeIgniter->handleRequest(null, Object(Config\Cache), false)
 9 FCPATH\index.php(55): CodeIgniter\CodeIgniter->run()
10 SYSTEMPATH\Commands\Server\rewrite.php(43): require_once('FCPATH\\index.php')
CRITICAL - 2022-09-11 23:27:50 --> Trying to access array offset on value of type null
in APPPATH\Views\dashboard\qr_code.php on line 37.
 1 APPPATH\Views\dashboard\qr_code.php(37): CodeIgniter\Debug\Exceptions->errorHandler(8, 'Trying to access array offset on value of type null', 'APPPATH\\Views\\dashboard\\qr_code.php', 37, [...])
 2 SYSTEMPATH\View\View.php(213): include('APPPATH\\Views\\dashboard\\qr_code.php')
 3 SYSTEMPATH\View\View.php(216): CodeIgniter\View\View->CodeIgniter\View\{closure}()
 4 SYSTEMPATH\Common.php(1135): CodeIgniter\View\View->render('dashboard/qr_code', [], true)
 5 APPPATH\Controllers\Dashboard.php(211): view('dashboard/qr_code', [...])
 6 SYSTEMPATH\CodeIgniter.php(896): App\Controllers\Dashboard->qr_code('FCPATH\\js', 'jsfunctions.js')
 7 SYSTEMPATH\CodeIgniter.php(466): CodeIgniter\CodeIgniter->runController(Object(App\Controllers\Dashboard))
 8 SYSTEMPATH\CodeIgniter.php(349): CodeIgniter\CodeIgniter->handleRequest(null, Object(Config\Cache), false)
 9 FCPATH\index.php(55): CodeIgniter\CodeIgniter->run()
10 SYSTEMPATH\Commands\Server\rewrite.php(43): require_once('FCPATH\\index.php')
CRITICAL - 2022-09-11 23:27:50 --> Trying to access array offset on value of type null
in APPPATH\Views\dashboard\qr_code.php on line 37.
 1 APPPATH\Views\dashboard\qr_code.php(37): CodeIgniter\Debug\Exceptions->errorHandler(8, 'Trying to access array offset on value of type null', 'APPPATH\\Views\\dashboard\\qr_code.php', 37, [...])
 2 SYSTEMPATH\View\View.php(213): include('APPPATH\\Views\\dashboard\\qr_code.php')
 3 SYSTEMPATH\View\View.php(216): CodeIgniter\View\View->CodeIgniter\View\{closure}()
 4 SYSTEMPATH\Common.php(1135): CodeIgniter\View\View->render('dashboard/qr_code', [], true)
 5 APPPATH\Controllers\Dashboard.php(211): view('dashboard/qr_code', [...])
 6 SYSTEMPATH\CodeIgniter.php(896): App\Controllers\Dashboard->qr_code('FCPATH\\js', 'qrcode.js')
 7 SYSTEMPATH\CodeIgniter.php(466): CodeIgniter\CodeIgniter->runController(Object(App\Controllers\Dashboard))
 8 SYSTEMPATH\CodeIgniter.php(349): CodeIgniter\CodeIgniter->handleRequest(null, Object(Config\Cache), false)
 9 FCPATH\index.php(55): CodeIgniter\CodeIgniter->run()
10 SYSTEMPATH\Commands\Server\rewrite.php(43): require_once('FCPATH\\index.php')
CRITICAL - 2022-09-11 23:27:55 --> Trying to access array offset on value of type null
in APPPATH\Views\dashboard\qr_code.php on line 37.
 1 APPPATH\Views\dashboard\qr_code.php(37): CodeIgniter\Debug\Exceptions->errorHandler(8, 'Trying to access array offset on value of type null', 'APPPATH\\Views\\dashboard\\qr_code.php', 37, [...])
 2 SYSTEMPATH\View\View.php(213): include('APPPATH\\Views\\dashboard\\qr_code.php')
 3 SYSTEMPATH\View\View.php(216): CodeIgniter\View\View->CodeIgniter\View\{closure}()
 4 SYSTEMPATH\Common.php(1135): CodeIgniter\View\View->render('dashboard/qr_code', [], true)
 5 APPPATH\Controllers\Dashboard.php(211): view('dashboard/qr_code', [...])
 6 SYSTEMPATH\CodeIgniter.php(896): App\Controllers\Dashboard->qr_code('FCPATH\\js', 'jsfunctions.js')
 7 SYSTEMPATH\CodeIgniter.php(466): CodeIgniter\CodeIgniter->runController(Object(App\Controllers\Dashboard))
 8 SYSTEMPATH\CodeIgniter.php(349): CodeIgniter\CodeIgniter->handleRequest(null, Object(Config\Cache), false)
 9 FCPATH\index.php(55): CodeIgniter\CodeIgniter->run()
10 SYSTEMPATH\Commands\Server\rewrite.php(43): require_once('FCPATH\\index.php')
CRITICAL - 2022-09-11 23:27:55 --> Trying to access array offset on value of type null
in APPPATH\Views\dashboard\qr_code.php on line 37.
 1 APPPATH\Views\dashboard\qr_code.php(37): CodeIgniter\Debug\Exceptions->errorHandler(8, 'Trying to access array offset on value of type null', 'APPPATH\\Views\\dashboard\\qr_code.php', 37, [...])
 2 SYSTEMPATH\View\View.php(213): include('APPPATH\\Views\\dashboard\\qr_code.php')
 3 SYSTEMPATH\View\View.php(216): CodeIgniter\View\View->CodeIgniter\View\{closure}()
 4 SYSTEMPATH\Common.php(1135): CodeIgniter\View\View->render('dashboard/qr_code', [], true)
 5 APPPATH\Controllers\Dashboard.php(211): view('dashboard/qr_code', [...])
 6 SYSTEMPATH\CodeIgniter.php(896): App\Controllers\Dashboard->qr_code('FCPATH\\js', 'qrcode.js')
 7 SYSTEMPATH\CodeIgniter.php(466): CodeIgniter\CodeIgniter->runController(Object(App\Controllers\Dashboard))
 8 SYSTEMPATH\CodeIgniter.php(349): CodeIgniter\CodeIgniter->handleRequest(null, Object(Config\Cache), false)
 9 FCPATH\index.php(55): CodeIgniter\CodeIgniter->run()
10 SYSTEMPATH\Commands\Server\rewrite.php(43): require_once('FCPATH\\index.php')
CRITICAL - 2022-09-11 23:28:00 --> Trying to access array offset on value of type null
in APPPATH\Views\dashboard\qr_code.php on line 37.
 1 APPPATH\Views\dashboard\qr_code.php(37): CodeIgniter\Debug\Exceptions->errorHandler(8, 'Trying to access array offset on value of type null', 'APPPATH\\Views\\dashboard\\qr_code.php', 37, [...])
 2 SYSTEMPATH\View\View.php(213): include('APPPATH\\Views\\dashboard\\qr_code.php')
 3 SYSTEMPATH\View\View.php(216): CodeIgniter\View\View->CodeIgniter\View\{closure}()
 4 SYSTEMPATH\Common.php(1135): CodeIgniter\View\View->render('dashboard/qr_code', [], true)
 5 APPPATH\Controllers\Dashboard.php(211): view('dashboard/qr_code', [...])
 6 SYSTEMPATH\CodeIgniter.php(896): App\Controllers\Dashboard->qr_code('FCPATH\\js', 'jsfunctions.js')
 7 SYSTEMPATH\CodeIgniter.php(466): CodeIgniter\CodeIgniter->runController(Object(App\Controllers\Dashboard))
 8 SYSTEMPATH\CodeIgniter.php(349): CodeIgniter\CodeIgniter->handleRequest(null, Object(Config\Cache), false)
 9 FCPATH\index.php(55): CodeIgniter\CodeIgniter->run()
10 SYSTEMPATH\Commands\Server\rewrite.php(43): require_once('FCPATH\\index.php')
CRITICAL - 2022-09-11 23:28:00 --> Trying to access array offset on value of type null
in APPPATH\Views\dashboard\qr_code.php on line 37.
 1 APPPATH\Views\dashboard\qr_code.php(37): CodeIgniter\Debug\Exceptions->errorHandler(8, 'Trying to access array offset on value of type null', 'APPPATH\\Views\\dashboard\\qr_code.php', 37, [...])
 2 SYSTEMPATH\View\View.php(213): include('APPPATH\\Views\\dashboard\\qr_code.php')
 3 SYSTEMPATH\View\View.php(216): CodeIgniter\View\View->CodeIgniter\View\{closure}()
 4 SYSTEMPATH\Common.php(1135): CodeIgniter\View\View->render('dashboard/qr_code', [], true)
 5 APPPATH\Controllers\Dashboard.php(211): view('dashboard/qr_code', [...])
 6 SYSTEMPATH\CodeIgniter.php(896): App\Controllers\Dashboard->qr_code('FCPATH\\js', 'qrcode.js')
 7 SYSTEMPATH\CodeIgniter.php(466): CodeIgniter\CodeIgniter->runController(Object(App\Controllers\Dashboard))
 8 SYSTEMPATH\CodeIgniter.php(349): CodeIgniter\CodeIgniter->handleRequest(null, Object(Config\Cache), false)
 9 FCPATH\index.php(55): CodeIgniter\CodeIgniter->run()
10 SYSTEMPATH\Commands\Server\rewrite.php(43): require_once('FCPATH\\index.php')
CRITICAL - 2022-09-11 23:28:08 --> Trying to access array offset on value of type null
in APPPATH\Views\dashboard\qr_code.php on line 37.
 1 APPPATH\Views\dashboard\qr_code.php(37): CodeIgniter\Debug\Exceptions->errorHandler(8, 'Trying to access array offset on value of type null', 'APPPATH\\Views\\dashboard\\qr_code.php', 37, [...])
 2 SYSTEMPATH\View\View.php(213): include('APPPATH\\Views\\dashboard\\qr_code.php')
 3 SYSTEMPATH\View\View.php(216): CodeIgniter\View\View->CodeIgniter\View\{closure}()
 4 SYSTEMPATH\Common.php(1135): CodeIgniter\View\View->render('dashboard/qr_code', [], true)
 5 APPPATH\Controllers\Dashboard.php(211): view('dashboard/qr_code', [...])
 6 SYSTEMPATH\CodeIgniter.php(896): App\Controllers\Dashboard->qr_code('FCPATH\\js', 'jsfunctions.js')
 7 SYSTEMPATH\CodeIgniter.php(466): CodeIgniter\CodeIgniter->runController(Object(App\Controllers\Dashboard))
 8 SYSTEMPATH\CodeIgniter.php(349): CodeIgniter\CodeIgniter->handleRequest(null, Object(Config\Cache), false)
 9 FCPATH\index.php(55): CodeIgniter\CodeIgniter->run()
10 SYSTEMPATH\Commands\Server\rewrite.php(43): require_once('FCPATH\\index.php')
CRITICAL - 2022-09-11 23:28:08 --> Trying to access array offset on value of type null
in APPPATH\Views\dashboard\qr_code.php on line 37.
 1 APPPATH\Views\dashboard\qr_code.php(37): CodeIgniter\Debug\Exceptions->errorHandler(8, 'Trying to access array offset on value of type null', 'APPPATH\\Views\\dashboard\\qr_code.php', 37, [...])
 2 SYSTEMPATH\View\View.php(213): include('APPPATH\\Views\\dashboard\\qr_code.php')
 3 SYSTEMPATH\View\View.php(216): CodeIgniter\View\View->CodeIgniter\View\{closure}()
 4 SYSTEMPATH\Common.php(1135): CodeIgniter\View\View->render('dashboard/qr_code', [], true)
 5 APPPATH\Controllers\Dashboard.php(211): view('dashboard/qr_code', [...])
 6 SYSTEMPATH\CodeIgniter.php(896): App\Controllers\Dashboard->qr_code('FCPATH\\js', 'qrcode.js')
 7 SYSTEMPATH\CodeIgniter.php(466): CodeIgniter\CodeIgniter->runController(Object(App\Controllers\Dashboard))
 8 SYSTEMPATH\CodeIgniter.php(349): CodeIgniter\CodeIgniter->handleRequest(null, Object(Config\Cache), false)
 9 FCPATH\index.php(55): CodeIgniter\CodeIgniter->run()
10 SYSTEMPATH\Commands\Server\rewrite.php(43): require_once('FCPATH\\index.php')
CRITICAL - 2022-09-11 23:28:22 --> Trying to access array offset on value of type null
in APPPATH\Views\dashboard\qr_code.php on line 37.
 1 APPPATH\Views\dashboard\qr_code.php(37): CodeIgniter\Debug\Exceptions->errorHandler(8, 'Trying to access array offset on value of type null', 'APPPATH\\Views\\dashboard\\qr_code.php', 37, [...])
 2 SYSTEMPATH\View\View.php(213): include('APPPATH\\Views\\dashboard\\qr_code.php')
 3 SYSTEMPATH\View\View.php(216): CodeIgniter\View\View->CodeIgniter\View\{closure}()
 4 SYSTEMPATH\Common.php(1135): CodeIgniter\View\View->render('dashboard/qr_code', [], true)
 5 APPPATH\Controllers\Dashboard.php(211): view('dashboard/qr_code', [...])
 6 SYSTEMPATH\CodeIgniter.php(896): App\Controllers\Dashboard->qr_code('FCPATH\\js', 'jsfunctions.js')
 7 SYSTEMPATH\CodeIgniter.php(466): CodeIgniter\CodeIgniter->runController(Object(App\Controllers\Dashboard))
 8 SYSTEMPATH\CodeIgniter.php(349): CodeIgniter\CodeIgniter->handleRequest(null, Object(Config\Cache), false)
 9 FCPATH\index.php(55): CodeIgniter\CodeIgniter->run()
10 SYSTEMPATH\Commands\Server\rewrite.php(43): require_once('FCPATH\\index.php')
CRITICAL - 2022-09-11 23:28:22 --> Trying to access array offset on value of type null
in APPPATH\Views\dashboard\qr_code.php on line 37.
 1 APPPATH\Views\dashboard\qr_code.php(37): CodeIgniter\Debug\Exceptions->errorHandler(8, 'Trying to access array offset on value of type null', 'APPPATH\\Views\\dashboard\\qr_code.php', 37, [...])
 2 SYSTEMPATH\View\View.php(213): include('APPPATH\\Views\\dashboard\\qr_code.php')
 3 SYSTEMPATH\View\View.php(216): CodeIgniter\View\View->CodeIgniter\View\{closure}()
 4 SYSTEMPATH\Common.php(1135): CodeIgniter\View\View->render('dashboard/qr_code', [], true)
 5 APPPATH\Controllers\Dashboard.php(211): view('dashboard/qr_code', [...])
 6 SYSTEMPATH\CodeIgniter.php(896): App\Controllers\Dashboard->qr_code('FCPATH\\js', 'qrcode.js')
 7 SYSTEMPATH\CodeIgniter.php(466): CodeIgniter\CodeIgniter->runController(Object(App\Controllers\Dashboard))
 8 SYSTEMPATH\CodeIgniter.php(349): CodeIgniter\CodeIgniter->handleRequest(null, Object(Config\Cache), false)
 9 FCPATH\index.php(55): CodeIgniter\CodeIgniter->run()
10 SYSTEMPATH\Commands\Server\rewrite.php(43): require_once('FCPATH\\index.php')
CRITICAL - 2022-09-11 23:28:27 --> Trying to access array offset on value of type null
in APPPATH\Views\dashboard\qr_code.php on line 37.
 1 APPPATH\Views\dashboard\qr_code.php(37): CodeIgniter\Debug\Exceptions->errorHandler(8, 'Trying to access array offset on value of type null', 'APPPATH\\Views\\dashboard\\qr_code.php', 37, [...])
 2 SYSTEMPATH\View\View.php(213): include('APPPATH\\Views\\dashboard\\qr_code.php')
 3 SYSTEMPATH\View\View.php(216): CodeIgniter\View\View->CodeIgniter\View\{closure}()
 4 SYSTEMPATH\Common.php(1135): CodeIgniter\View\View->render('dashboard/qr_code', [], true)
 5 APPPATH\Controllers\Dashboard.php(211): view('dashboard/qr_code', [...])
 6 SYSTEMPATH\CodeIgniter.php(896): App\Controllers\Dashboard->qr_code('FCPATH\\js', 'jsfunctions.js')
 7 SYSTEMPATH\CodeIgniter.php(466): CodeIgniter\CodeIgniter->runController(Object(App\Controllers\Dashboard))
 8 SYSTEMPATH\CodeIgniter.php(349): CodeIgniter\CodeIgniter->handleRequest(null, Object(Config\Cache), false)
 9 FCPATH\index.php(55): CodeIgniter\CodeIgniter->run()
10 SYSTEMPATH\Commands\Server\rewrite.php(43): require_once('FCPATH\\index.php')
CRITICAL - 2022-09-11 23:28:27 --> Trying to access array offset on value of type null
in APPPATH\Views\dashboard\qr_code.php on line 37.
 1 APPPATH\Views\dashboard\qr_code.php(37): CodeIgniter\Debug\Exceptions->errorHandler(8, 'Trying to access array offset on value of type null', 'APPPATH\\Views\\dashboard\\qr_code.php', 37, [...])
 2 SYSTEMPATH\View\View.php(213): include('APPPATH\\Views\\dashboard\\qr_code.php')
 3 SYSTEMPATH\View\View.php(216): CodeIgniter\View\View->CodeIgniter\View\{closure}()
 4 SYSTEMPATH\Common.php(1135): CodeIgniter\View\View->render('dashboard/qr_code', [], true)
 5 APPPATH\Controllers\Dashboard.php(211): view('dashboard/qr_code', [...])
 6 SYSTEMPATH\CodeIgniter.php(896): App\Controllers\Dashboard->qr_code('FCPATH\\js', 'qrcode.js')
 7 SYSTEMPATH\CodeIgniter.php(466): CodeIgniter\CodeIgniter->runController(Object(App\Controllers\Dashboard))
 8 SYSTEMPATH\CodeIgniter.php(349): CodeIgniter\CodeIgniter->handleRequest(null, Object(Config\Cache), false)
 9 FCPATH\index.php(55): CodeIgniter\CodeIgniter->run()
10 SYSTEMPATH\Commands\Server\rewrite.php(43): require_once('FCPATH\\index.php')
CRITICAL - 2022-09-11 23:29:47 --> Trying to access array offset on value of type null
in APPPATH\Views\dashboard\qr_code.php on line 37.
 1 APPPATH\Views\dashboard\qr_code.php(37): CodeIgniter\Debug\Exceptions->errorHandler(8, 'Trying to access array offset on value of type null', 'APPPATH\\Views\\dashboard\\qr_code.php', 37, [...])
 2 SYSTEMPATH\View\View.php(213): include('APPPATH\\Views\\dashboard\\qr_code.php')
 3 SYSTEMPATH\View\View.php(216): CodeIgniter\View\View->CodeIgniter\View\{closure}()
 4 SYSTEMPATH\Common.php(1135): CodeIgniter\View\View->render('dashboard/qr_code', [], true)
 5 APPPATH\Controllers\Dashboard.php(211): view('dashboard/qr_code', [...])
 6 SYSTEMPATH\CodeIgniter.php(896): App\Controllers\Dashboard->qr_code('FCPATH\\js', 'jsfunctions.js')
 7 SYSTEMPATH\CodeIgniter.php(466): CodeIgniter\CodeIgniter->runController(Object(App\Controllers\Dashboard))
 8 SYSTEMPATH\CodeIgniter.php(349): CodeIgniter\CodeIgniter->handleRequest(null, Object(Config\Cache), false)
 9 FCPATH\index.php(55): CodeIgniter\CodeIgniter->run()
10 SYSTEMPATH\Commands\Server\rewrite.php(43): require_once('FCPATH\\index.php')
CRITICAL - 2022-09-11 23:29:47 --> Trying to access array offset on value of type null
in APPPATH\Views\dashboard\qr_code.php on line 37.
 1 APPPATH\Views\dashboard\qr_code.php(37): CodeIgniter\Debug\Exceptions->errorHandler(8, 'Trying to access array offset on value of type null', 'APPPATH\\Views\\dashboard\\qr_code.php', 37, [...])
 2 SYSTEMPATH\View\View.php(213): include('APPPATH\\Views\\dashboard\\qr_code.php')
 3 SYSTEMPATH\View\View.php(216): CodeIgniter\View\View->CodeIgniter\View\{closure}()
 4 SYSTEMPATH\Common.php(1135): CodeIgniter\View\View->render('dashboard/qr_code', [], true)
 5 APPPATH\Controllers\Dashboard.php(211): view('dashboard/qr_code', [...])
 6 SYSTEMPATH\CodeIgniter.php(896): App\Controllers\Dashboard->qr_code('FCPATH\\js', 'qrcode.js')
 7 SYSTEMPATH\CodeIgniter.php(466): CodeIgniter\CodeIgniter->runController(Object(App\Controllers\Dashboard))
 8 SYSTEMPATH\CodeIgniter.php(349): CodeIgniter\CodeIgniter->handleRequest(null, Object(Config\Cache), false)
 9 FCPATH\index.php(55): CodeIgniter\CodeIgniter->run()
10 SYSTEMPATH\Commands\Server\rewrite.php(43): require_once('FCPATH\\index.php')
CRITICAL - 2022-09-11 23:29:57 --> Trying to access array offset on value of type null
in APPPATH\Views\dashboard\qr_code.php on line 37.
 1 APPPATH\Views\dashboard\qr_code.php(37): CodeIgniter\Debug\Exceptions->errorHandler(8, 'Trying to access array offset on value of type null', 'APPPATH\\Views\\dashboard\\qr_code.php', 37, [...])
 2 SYSTEMPATH\View\View.php(213): include('APPPATH\\Views\\dashboard\\qr_code.php')
 3 SYSTEMPATH\View\View.php(216): CodeIgniter\View\View->CodeIgniter\View\{closure}()
 4 SYSTEMPATH\Common.php(1135): CodeIgniter\View\View->render('dashboard/qr_code', [], true)
 5 APPPATH\Controllers\Dashboard.php(211): view('dashboard/qr_code', [...])
 6 SYSTEMPATH\CodeIgniter.php(896): App\Controllers\Dashboard->qr_code('FCPATH\\js', 'jsfunctions.js')
 7 SYSTEMPATH\CodeIgniter.php(466): CodeIgniter\CodeIgniter->runController(Object(App\Controllers\Dashboard))
 8 SYSTEMPATH\CodeIgniter.php(349): CodeIgniter\CodeIgniter->handleRequest(null, Object(Config\Cache), false)
 9 FCPATH\index.php(55): CodeIgniter\CodeIgniter->run()
10 SYSTEMPATH\Commands\Server\rewrite.php(43): require_once('FCPATH\\index.php')
CRITICAL - 2022-09-11 23:29:57 --> Trying to access array offset on value of type null
in APPPATH\Views\dashboard\qr_code.php on line 37.
 1 APPPATH\Views\dashboard\qr_code.php(37): CodeIgniter\Debug\Exceptions->errorHandler(8, 'Trying to access array offset on value of type null', 'APPPATH\\Views\\dashboard\\qr_code.php', 37, [...])
 2 SYSTEMPATH\View\View.php(213): include('APPPATH\\Views\\dashboard\\qr_code.php')
 3 SYSTEMPATH\View\View.php(216): CodeIgniter\View\View->CodeIgniter\View\{closure}()
 4 SYSTEMPATH\Common.php(1135): CodeIgniter\View\View->render('dashboard/qr_code', [], true)
 5 APPPATH\Controllers\Dashboard.php(211): view('dashboard/qr_code', [...])
 6 SYSTEMPATH\CodeIgniter.php(896): App\Controllers\Dashboard->qr_code('FCPATH\\js', 'qrcode.js')
 7 SYSTEMPATH\CodeIgniter.php(466): CodeIgniter\CodeIgniter->runController(Object(App\Controllers\Dashboard))
 8 SYSTEMPATH\CodeIgniter.php(349): CodeIgniter\CodeIgniter->handleRequest(null, Object(Config\Cache), false)
 9 FCPATH\index.php(55): CodeIgniter\CodeIgniter->run()
10 SYSTEMPATH\Commands\Server\rewrite.php(43): require_once('FCPATH\\index.php')
CRITICAL - 2022-09-11 23:30:01 --> Trying to access array offset on value of type null
in APPPATH\Views\dashboard\qr_code.php on line 37.
 1 APPPATH\Views\dashboard\qr_code.php(37): CodeIgniter\Debug\Exceptions->errorHandler(8, 'Trying to access array offset on value of type null', 'APPPATH\\Views\\dashboard\\qr_code.php', 37, [...])
 2 SYSTEMPATH\View\View.php(213): include('APPPATH\\Views\\dashboard\\qr_code.php')
 3 SYSTEMPATH\View\View.php(216): CodeIgniter\View\View->CodeIgniter\View\{closure}()
 4 SYSTEMPATH\Common.php(1135): CodeIgniter\View\View->render('dashboard/qr_code', [], true)
 5 APPPATH\Controllers\Dashboard.php(211): view('dashboard/qr_code', [...])
 6 SYSTEMPATH\CodeIgniter.php(896): App\Controllers\Dashboard->qr_code('FCPATH\\js', 'jsfunctions.js')
 7 SYSTEMPATH\CodeIgniter.php(466): CodeIgniter\CodeIgniter->runController(Object(App\Controllers\Dashboard))
 8 SYSTEMPATH\CodeIgniter.php(349): CodeIgniter\CodeIgniter->handleRequest(null, Object(Config\Cache), false)
 9 FCPATH\index.php(55): CodeIgniter\CodeIgniter->run()
10 SYSTEMPATH\Commands\Server\rewrite.php(43): require_once('FCPATH\\index.php')
CRITICAL - 2022-09-11 23:30:01 --> Trying to access array offset on value of type null
in APPPATH\Views\dashboard\qr_code.php on line 37.
 1 APPPATH\Views\dashboard\qr_code.php(37): CodeIgniter\Debug\Exceptions->errorHandler(8, 'Trying to access array offset on value of type null', 'APPPATH\\Views\\dashboard\\qr_code.php', 37, [...])
 2 SYSTEMPATH\View\View.php(213): include('APPPATH\\Views\\dashboard\\qr_code.php')
 3 SYSTEMPATH\View\View.php(216): CodeIgniter\View\View->CodeIgniter\View\{closure}()
 4 SYSTEMPATH\Common.php(1135): CodeIgniter\View\View->render('dashboard/qr_code', [], true)
 5 APPPATH\Controllers\Dashboard.php(211): view('dashboard/qr_code', [...])
 6 SYSTEMPATH\CodeIgniter.php(896): App\Controllers\Dashboard->qr_code('FCPATH\\js', 'qrcode.js')
 7 SYSTEMPATH\CodeIgniter.php(466): CodeIgniter\CodeIgniter->runController(Object(App\Controllers\Dashboard))
 8 SYSTEMPATH\CodeIgniter.php(349): CodeIgniter\CodeIgniter->handleRequest(null, Object(Config\Cache), false)
 9 FCPATH\index.php(55): CodeIgniter\CodeIgniter->run()
10 SYSTEMPATH\Commands\Server\rewrite.php(43): require_once('FCPATH\\index.php')
CRITICAL - 2022-09-11 23:30:37 --> Trying to access array offset on value of type null
in APPPATH\Views\dashboard\qr_code.php on line 37.
 1 APPPATH\Views\dashboard\qr_code.php(37): CodeIgniter\Debug\Exceptions->errorHandler(8, 'Trying to access array offset on value of type null', 'APPPATH\\Views\\dashboard\\qr_code.php', 37, [...])
 2 SYSTEMPATH\View\View.php(213): include('APPPATH\\Views\\dashboard\\qr_code.php')
 3 SYSTEMPATH\View\View.php(216): CodeIgniter\View\View->CodeIgniter\View\{closure}()
 4 SYSTEMPATH\Common.php(1135): CodeIgniter\View\View->render('dashboard/qr_code', [], true)
 5 APPPATH\Controllers\Dashboard.php(211): view('dashboard/qr_code', [...])
 6 SYSTEMPATH\CodeIgniter.php(896): App\Controllers\Dashboard->qr_code('FCPATH\\js', 'jsfunctions.js')
 7 SYSTEMPATH\CodeIgniter.php(466): CodeIgniter\CodeIgniter->runController(Object(App\Controllers\Dashboard))
 8 SYSTEMPATH\CodeIgniter.php(349): CodeIgniter\CodeIgniter->handleRequest(null, Object(Config\Cache), false)
 9 FCPATH\index.php(55): CodeIgniter\CodeIgniter->run()
10 SYSTEMPATH\Commands\Server\rewrite.php(43): require_once('FCPATH\\index.php')
CRITICAL - 2022-09-11 23:30:37 --> Trying to access array offset on value of type null
in APPPATH\Views\dashboard\qr_code.php on line 37.
 1 APPPATH\Views\dashboard\qr_code.php(37): CodeIgniter\Debug\Exceptions->errorHandler(8, 'Trying to access array offset on value of type null', 'APPPATH\\Views\\dashboard\\qr_code.php', 37, [...])
 2 SYSTEMPATH\View\View.php(213): include('APPPATH\\Views\\dashboard\\qr_code.php')
 3 SYSTEMPATH\View\View.php(216): CodeIgniter\View\View->CodeIgniter\View\{closure}()
 4 SYSTEMPATH\Common.php(1135): CodeIgniter\View\View->render('dashboard/qr_code', [], true)
 5 APPPATH\Controllers\Dashboard.php(211): view('dashboard/qr_code', [...])
 6 SYSTEMPATH\CodeIgniter.php(896): App\Controllers\Dashboard->qr_code('FCPATH\\js', 'qrcode.js')
 7 SYSTEMPATH\CodeIgniter.php(466): CodeIgniter\CodeIgniter->runController(Object(App\Controllers\Dashboard))
 8 SYSTEMPATH\CodeIgniter.php(349): CodeIgniter\CodeIgniter->handleRequest(null, Object(Config\Cache), false)
 9 FCPATH\index.php(55): CodeIgniter\CodeIgniter->run()
10 SYSTEMPATH\Commands\Server\rewrite.php(43): require_once('FCPATH\\index.php')
CRITICAL - 2022-09-11 23:30:42 --> Trying to access array offset on value of type null
in APPPATH\Views\dashboard\qr_code.php on line 37.
 1 APPPATH\Views\dashboard\qr_code.php(37): CodeIgniter\Debug\Exceptions->errorHandler(8, 'Trying to access array offset on value of type null', 'APPPATH\\Views\\dashboard\\qr_code.php', 37, [...])
 2 SYSTEMPATH\View\View.php(213): include('APPPATH\\Views\\dashboard\\qr_code.php')
 3 SYSTEMPATH\View\View.php(216): CodeIgniter\View\View->CodeIgniter\View\{closure}()
 4 SYSTEMPATH\Common.php(1135): CodeIgniter\View\View->render('dashboard/qr_code', [], true)
 5 APPPATH\Controllers\Dashboard.php(211): view('dashboard/qr_code', [...])
 6 SYSTEMPATH\CodeIgniter.php(896): App\Controllers\Dashboard->qr_code('FCPATH\\js', 'jsfunctions.js')
 7 SYSTEMPATH\CodeIgniter.php(466): CodeIgniter\CodeIgniter->runController(Object(App\Controllers\Dashboard))
 8 SYSTEMPATH\CodeIgniter.php(349): CodeIgniter\CodeIgniter->handleRequest(null, Object(Config\Cache), false)
 9 FCPATH\index.php(55): CodeIgniter\CodeIgniter->run()
10 SYSTEMPATH\Commands\Server\rewrite.php(43): require_once('FCPATH\\index.php')
CRITICAL - 2022-09-11 23:30:42 --> Trying to access array offset on value of type null
in APPPATH\Views\dashboard\qr_code.php on line 37.
 1 APPPATH\Views\dashboard\qr_code.php(37): CodeIgniter\Debug\Exceptions->errorHandler(8, 'Trying to access array offset on value of type null', 'APPPATH\\Views\\dashboard\\qr_code.php', 37, [...])
 2 SYSTEMPATH\View\View.php(213): include('APPPATH\\Views\\dashboard\\qr_code.php')
 3 SYSTEMPATH\View\View.php(216): CodeIgniter\View\View->CodeIgniter\View\{closure}()
 4 SYSTEMPATH\Common.php(1135): CodeIgniter\View\View->render('dashboard/qr_code', [], true)
 5 APPPATH\Controllers\Dashboard.php(211): view('dashboard/qr_code', [...])
 6 SYSTEMPATH\CodeIgniter.php(896): App\Controllers\Dashboard->qr_code('FCPATH\\js', 'qrcode.js')
 7 SYSTEMPATH\CodeIgniter.php(466): CodeIgniter\CodeIgniter->runController(Object(App\Controllers\Dashboard))
 8 SYSTEMPATH\CodeIgniter.php(349): CodeIgniter\CodeIgniter->handleRequest(null, Object(Config\Cache), false)
 9 FCPATH\index.php(55): CodeIgniter\CodeIgniter->run()
10 SYSTEMPATH\Commands\Server\rewrite.php(43): require_once('FCPATH\\index.php')
CRITICAL - 2022-09-11 23:30:45 --> Trying to access array offset on value of type null
in APPPATH\Views\dashboard\qr_code.php on line 37.
 1 APPPATH\Views\dashboard\qr_code.php(37): CodeIgniter\Debug\Exceptions->errorHandler(8, 'Trying to access array offset on value of type null', 'APPPATH\\Views\\dashboard\\qr_code.php', 37, [...])
 2 SYSTEMPATH\View\View.php(213): include('APPPATH\\Views\\dashboard\\qr_code.php')
 3 SYSTEMPATH\View\View.php(216): CodeIgniter\View\View->CodeIgniter\View\{closure}()
 4 SYSTEMPATH\Common.php(1135): CodeIgniter\View\View->render('dashboard/qr_code', [], true)
 5 APPPATH\Controllers\Dashboard.php(211): view('dashboard/qr_code', [...])
 6 SYSTEMPATH\CodeIgniter.php(896): App\Controllers\Dashboard->qr_code('FCPATH\\js', 'jsfunctions.js')
 7 SYSTEMPATH\CodeIgniter.php(466): CodeIgniter\CodeIgniter->runController(Object(App\Controllers\Dashboard))
 8 SYSTEMPATH\CodeIgniter.php(349): CodeIgniter\CodeIgniter->handleRequest(null, Object(Config\Cache), false)
 9 FCPATH\index.php(55): CodeIgniter\CodeIgniter->run()
10 SYSTEMPATH\Commands\Server\rewrite.php(43): require_once('FCPATH\\index.php')
CRITICAL - 2022-09-11 23:30:45 --> Trying to access array offset on value of type null
in APPPATH\Views\dashboard\qr_code.php on line 37.
 1 APPPATH\Views\dashboard\qr_code.php(37): CodeIgniter\Debug\Exceptions->errorHandler(8, 'Trying to access array offset on value of type null', 'APPPATH\\Views\\dashboard\\qr_code.php', 37, [...])
 2 SYSTEMPATH\View\View.php(213): include('APPPATH\\Views\\dashboard\\qr_code.php')
 3 SYSTEMPATH\View\View.php(216): CodeIgniter\View\View->CodeIgniter\View\{closure}()
 4 SYSTEMPATH\Common.php(1135): CodeIgniter\View\View->render('dashboard/qr_code', [], true)
 5 APPPATH\Controllers\Dashboard.php(211): view('dashboard/qr_code', [...])
 6 SYSTEMPATH\CodeIgniter.php(896): App\Controllers\Dashboard->qr_code('FCPATH\\js', 'qrcode.js')
 7 SYSTEMPATH\CodeIgniter.php(466): CodeIgniter\CodeIgniter->runController(Object(App\Controllers\Dashboard))
 8 SYSTEMPATH\CodeIgniter.php(349): CodeIgniter\CodeIgniter->handleRequest(null, Object(Config\Cache), false)
 9 FCPATH\index.php(55): CodeIgniter\CodeIgniter->run()
10 SYSTEMPATH\Commands\Server\rewrite.php(43): require_once('FCPATH\\index.php')
CRITICAL - 2022-09-11 23:30:48 --> Trying to access array offset on value of type null
in APPPATH\Views\dashboard\qr_code.php on line 37.
 1 APPPATH\Views\dashboard\qr_code.php(37): CodeIgniter\Debug\Exceptions->errorHandler(8, 'Trying to access array offset on value of type null', 'APPPATH\\Views\\dashboard\\qr_code.php', 37, [...])
 2 SYSTEMPATH\View\View.php(213): include('APPPATH\\Views\\dashboard\\qr_code.php')
 3 SYSTEMPATH\View\View.php(216): CodeIgniter\View\View->CodeIgniter\View\{closure}()
 4 SYSTEMPATH\Common.php(1135): CodeIgniter\View\View->render('dashboard/qr_code', [], true)
 5 APPPATH\Controllers\Dashboard.php(211): view('dashboard/qr_code', [...])
 6 SYSTEMPATH\CodeIgniter.php(896): App\Controllers\Dashboard->qr_code('FCPATH\\js', 'jsfunctions.js')
 7 SYSTEMPATH\CodeIgniter.php(466): CodeIgniter\CodeIgniter->runController(Object(App\Controllers\Dashboard))
 8 SYSTEMPATH\CodeIgniter.php(349): CodeIgniter\CodeIgniter->handleRequest(null, Object(Config\Cache), false)
 9 FCPATH\index.php(55): CodeIgniter\CodeIgniter->run()
10 SYSTEMPATH\Commands\Server\rewrite.php(43): require_once('FCPATH\\index.php')
CRITICAL - 2022-09-11 23:30:48 --> Trying to access array offset on value of type null
in APPPATH\Views\dashboard\qr_code.php on line 37.
 1 APPPATH\Views\dashboard\qr_code.php(37): CodeIgniter\Debug\Exceptions->errorHandler(8, 'Trying to access array offset on value of type null', 'APPPATH\\Views\\dashboard\\qr_code.php', 37, [...])
 2 SYSTEMPATH\View\View.php(213): include('APPPATH\\Views\\dashboard\\qr_code.php')
 3 SYSTEMPATH\View\View.php(216): CodeIgniter\View\View->CodeIgniter\View\{closure}()
 4 SYSTEMPATH\Common.php(1135): CodeIgniter\View\View->render('dashboard/qr_code', [], true)
 5 APPPATH\Controllers\Dashboard.php(211): view('dashboard/qr_code', [...])
 6 SYSTEMPATH\CodeIgniter.php(896): App\Controllers\Dashboard->qr_code('FCPATH\\js', 'qrcode.js')
 7 SYSTEMPATH\CodeIgniter.php(466): CodeIgniter\CodeIgniter->runController(Object(App\Controllers\Dashboard))
 8 SYSTEMPATH\CodeIgniter.php(349): CodeIgniter\CodeIgniter->handleRequest(null, Object(Config\Cache), false)
 9 FCPATH\index.php(55): CodeIgniter\CodeIgniter->run()
10 SYSTEMPATH\Commands\Server\rewrite.php(43): require_once('FCPATH\\index.php')
CRITICAL - 2022-09-11 23:32:04 --> Trying to access array offset on value of type null
in APPPATH\Views\dashboard\qr_code.php on line 37.
 1 APPPATH\Views\dashboard\qr_code.php(37): CodeIgniter\Debug\Exceptions->errorHandler(8, 'Trying to access array offset on value of type null', 'APPPATH\\Views\\dashboard\\qr_code.php', 37, [...])
 2 SYSTEMPATH\View\View.php(213): include('APPPATH\\Views\\dashboard\\qr_code.php')
 3 SYSTEMPATH\View\View.php(216): CodeIgniter\View\View->CodeIgniter\View\{closure}()
 4 SYSTEMPATH\Common.php(1135): CodeIgniter\View\View->render('dashboard/qr_code', [], true)
 5 APPPATH\Controllers\Dashboard.php(211): view('dashboard/qr_code', [...])
 6 SYSTEMPATH\CodeIgniter.php(896): App\Controllers\Dashboard->qr_code('FCPATH\\js', 'jsfunctions.js')
 7 SYSTEMPATH\CodeIgniter.php(466): CodeIgniter\CodeIgniter->runController(Object(App\Controllers\Dashboard))
 8 SYSTEMPATH\CodeIgniter.php(349): CodeIgniter\CodeIgniter->handleRequest(null, Object(Config\Cache), false)
 9 FCPATH\index.php(55): CodeIgniter\CodeIgniter->run()
10 SYSTEMPATH\Commands\Server\rewrite.php(43): require_once('FCPATH\\index.php')
CRITICAL - 2022-09-11 23:32:04 --> Trying to access array offset on value of type null
in APPPATH\Views\dashboard\qr_code.php on line 37.
 1 APPPATH\Views\dashboard\qr_code.php(37): CodeIgniter\Debug\Exceptions->errorHandler(8, 'Trying to access array offset on value of type null', 'APPPATH\\Views\\dashboard\\qr_code.php', 37, [...])
 2 SYSTEMPATH\View\View.php(213): include('APPPATH\\Views\\dashboard\\qr_code.php')
 3 SYSTEMPATH\View\View.php(216): CodeIgniter\View\View->CodeIgniter\View\{closure}()
 4 SYSTEMPATH\Common.php(1135): CodeIgniter\View\View->render('dashboard/qr_code', [], true)
 5 APPPATH\Controllers\Dashboard.php(211): view('dashboard/qr_code', [...])
 6 SYSTEMPATH\CodeIgniter.php(896): App\Controllers\Dashboard->qr_code('FCPATH\\js', 'qrcode.js')
 7 SYSTEMPATH\CodeIgniter.php(466): CodeIgniter\CodeIgniter->runController(Object(App\Controllers\Dashboard))
 8 SYSTEMPATH\CodeIgniter.php(349): CodeIgniter\CodeIgniter->handleRequest(null, Object(Config\Cache), false)
 9 FCPATH\index.php(55): CodeIgniter\CodeIgniter->run()
10 SYSTEMPATH\Commands\Server\rewrite.php(43): require_once('FCPATH\\index.php')
CRITICAL - 2022-09-11 23:32:24 --> Trying to access array offset on value of type null
in APPPATH\Views\dashboard\qr_code.php on line 37.
 1 APPPATH\Views\dashboard\qr_code.php(37): CodeIgniter\Debug\Exceptions->errorHandler(8, 'Trying to access array offset on value of type null', 'APPPATH\\Views\\dashboard\\qr_code.php', 37, [...])
 2 SYSTEMPATH\View\View.php(213): include('APPPATH\\Views\\dashboard\\qr_code.php')
 3 SYSTEMPATH\View\View.php(216): CodeIgniter\View\View->CodeIgniter\View\{closure}()
 4 SYSTEMPATH\Common.php(1135): CodeIgniter\View\View->render('dashboard/qr_code', [], true)
 5 APPPATH\Controllers\Dashboard.php(211): view('dashboard/qr_code', [...])
 6 SYSTEMPATH\CodeIgniter.php(896): App\Controllers\Dashboard->qr_code('FCPATH\\js', 'jsfunctions.js')
 7 SYSTEMPATH\CodeIgniter.php(466): CodeIgniter\CodeIgniter->runController(Object(App\Controllers\Dashboard))
 8 SYSTEMPATH\CodeIgniter.php(349): CodeIgniter\CodeIgniter->handleRequest(null, Object(Config\Cache), false)
 9 FCPATH\index.php(55): CodeIgniter\CodeIgniter->run()
10 SYSTEMPATH\Commands\Server\rewrite.php(43): require_once('FCPATH\\index.php')
CRITICAL - 2022-09-11 23:32:24 --> Trying to access array offset on value of type null
in APPPATH\Views\dashboard\qr_code.php on line 37.
 1 APPPATH\Views\dashboard\qr_code.php(37): CodeIgniter\Debug\Exceptions->errorHandler(8, 'Trying to access array offset on value of type null', 'APPPATH\\Views\\dashboard\\qr_code.php', 37, [...])
 2 SYSTEMPATH\View\View.php(213): include('APPPATH\\Views\\dashboard\\qr_code.php')
 3 SYSTEMPATH\View\View.php(216): CodeIgniter\View\View->CodeIgniter\View\{closure}()
 4 SYSTEMPATH\Common.php(1135): CodeIgniter\View\View->render('dashboard/qr_code', [], true)
 5 APPPATH\Controllers\Dashboard.php(211): view('dashboard/qr_code', [...])
 6 SYSTEMPATH\CodeIgniter.php(896): App\Controllers\Dashboard->qr_code('FCPATH\\js', 'qrcode.js')
 7 SYSTEMPATH\CodeIgniter.php(466): CodeIgniter\CodeIgniter->runController(Object(App\Controllers\Dashboard))
 8 SYSTEMPATH\CodeIgniter.php(349): CodeIgniter\CodeIgniter->handleRequest(null, Object(Config\Cache), false)
 9 FCPATH\index.php(55): CodeIgniter\CodeIgniter->run()
10 SYSTEMPATH\Commands\Server\rewrite.php(43): require_once('FCPATH\\index.php')
CRITICAL - 2022-09-11 23:32:31 --> Trying to access array offset on value of type null
in APPPATH\Views\dashboard\qr_code.php on line 37.
 1 APPPATH\Views\dashboard\qr_code.php(37): CodeIgniter\Debug\Exceptions->errorHandler(8, 'Trying to access array offset on value of type null', 'APPPATH\\Views\\dashboard\\qr_code.php', 37, [...])
 2 SYSTEMPATH\View\View.php(213): include('APPPATH\\Views\\dashboard\\qr_code.php')
 3 SYSTEMPATH\View\View.php(216): CodeIgniter\View\View->CodeIgniter\View\{closure}()
 4 SYSTEMPATH\Common.php(1135): CodeIgniter\View\View->render('dashboard/qr_code', [], true)
 5 APPPATH\Controllers\Dashboard.php(211): view('dashboard/qr_code', [...])
 6 SYSTEMPATH\CodeIgniter.php(896): App\Controllers\Dashboard->qr_code('FCPATH\\js', 'jsfunctions.js')
 7 SYSTEMPATH\CodeIgniter.php(466): CodeIgniter\CodeIgniter->runController(Object(App\Controllers\Dashboard))
 8 SYSTEMPATH\CodeIgniter.php(349): CodeIgniter\CodeIgniter->handleRequest(null, Object(Config\Cache), false)
 9 FCPATH\index.php(55): CodeIgniter\CodeIgniter->run()
10 SYSTEMPATH\Commands\Server\rewrite.php(43): require_once('FCPATH\\index.php')
CRITICAL - 2022-09-11 23:32:31 --> Trying to access array offset on value of type null
in APPPATH\Views\dashboard\qr_code.php on line 37.
 1 APPPATH\Views\dashboard\qr_code.php(37): CodeIgniter\Debug\Exceptions->errorHandler(8, 'Trying to access array offset on value of type null', 'APPPATH\\Views\\dashboard\\qr_code.php', 37, [...])
 2 SYSTEMPATH\View\View.php(213): include('APPPATH\\Views\\dashboard\\qr_code.php')
 3 SYSTEMPATH\View\View.php(216): CodeIgniter\View\View->CodeIgniter\View\{closure}()
 4 SYSTEMPATH\Common.php(1135): CodeIgniter\View\View->render('dashboard/qr_code', [], true)
 5 APPPATH\Controllers\Dashboard.php(211): view('dashboard/qr_code', [...])
 6 SYSTEMPATH\CodeIgniter.php(896): App\Controllers\Dashboard->qr_code('FCPATH\\js', 'qrcode.js')
 7 SYSTEMPATH\CodeIgniter.php(466): CodeIgniter\CodeIgniter->runController(Object(App\Controllers\Dashboard))
 8 SYSTEMPATH\CodeIgniter.php(349): CodeIgniter\CodeIgniter->handleRequest(null, Object(Config\Cache), false)
 9 FCPATH\index.php(55): CodeIgniter\CodeIgniter->run()
10 SYSTEMPATH\Commands\Server\rewrite.php(43): require_once('FCPATH\\index.php')
CRITICAL - 2022-09-11 23:32:41 --> Trying to access array offset on value of type null
in APPPATH\Views\dashboard\qr_code.php on line 37.
 1 APPPATH\Views\dashboard\qr_code.php(37): CodeIgniter\Debug\Exceptions->errorHandler(8, 'Trying to access array offset on value of type null', 'APPPATH\\Views\\dashboard\\qr_code.php', 37, [...])
 2 SYSTEMPATH\View\View.php(213): include('APPPATH\\Views\\dashboard\\qr_code.php')
 3 SYSTEMPATH\View\View.php(216): CodeIgniter\View\View->CodeIgniter\View\{closure}()
 4 SYSTEMPATH\Common.php(1135): CodeIgniter\View\View->render('dashboard/qr_code', [], true)
 5 APPPATH\Controllers\Dashboard.php(211): view('dashboard/qr_code', [...])
 6 SYSTEMPATH\CodeIgniter.php(896): App\Controllers\Dashboard->qr_code('FCPATH\\js', 'jsfunctions.js')
 7 SYSTEMPATH\CodeIgniter.php(466): CodeIgniter\CodeIgniter->runController(Object(App\Controllers\Dashboard))
 8 SYSTEMPATH\CodeIgniter.php(349): CodeIgniter\CodeIgniter->handleRequest(null, Object(Config\Cache), false)
 9 FCPATH\index.php(55): CodeIgniter\CodeIgniter->run()
10 SYSTEMPATH\Commands\Server\rewrite.php(43): require_once('FCPATH\\index.php')
CRITICAL - 2022-09-11 23:32:41 --> Trying to access array offset on value of type null
in APPPATH\Views\dashboard\qr_code.php on line 37.
 1 APPPATH\Views\dashboard\qr_code.php(37): CodeIgniter\Debug\Exceptions->errorHandler(8, 'Trying to access array offset on value of type null', 'APPPATH\\Views\\dashboard\\qr_code.php', 37, [...])
 2 SYSTEMPATH\View\View.php(213): include('APPPATH\\Views\\dashboard\\qr_code.php')
 3 SYSTEMPATH\View\View.php(216): CodeIgniter\View\View->CodeIgniter\View\{closure}()
 4 SYSTEMPATH\Common.php(1135): CodeIgniter\View\View->render('dashboard/qr_code', [], true)
 5 APPPATH\Controllers\Dashboard.php(211): view('dashboard/qr_code', [...])
 6 SYSTEMPATH\CodeIgniter.php(896): App\Controllers\Dashboard->qr_code('FCPATH\\js', 'qrcode.js')
 7 SYSTEMPATH\CodeIgniter.php(466): CodeIgniter\CodeIgniter->runController(Object(App\Controllers\Dashboard))
 8 SYSTEMPATH\CodeIgniter.php(349): CodeIgniter\CodeIgniter->handleRequest(null, Object(Config\Cache), false)
 9 FCPATH\index.php(55): CodeIgniter\CodeIgniter->run()
10 SYSTEMPATH\Commands\Server\rewrite.php(43): require_once('FCPATH\\index.php')
CRITICAL - 2022-09-11 23:33:03 --> Trying to access array offset on value of type null
in APPPATH\Views\dashboard\qr_code.php on line 40.
 1 APPPATH\Views\dashboard\qr_code.php(40): CodeIgniter\Debug\Exceptions->errorHandler(8, 'Trying to access array offset on value of type null', 'APPPATH\\Views\\dashboard\\qr_code.php', 40, [...])
 2 SYSTEMPATH\View\View.php(213): include('APPPATH\\Views\\dashboard\\qr_code.php')
 3 SYSTEMPATH\View\View.php(216): CodeIgniter\View\View->CodeIgniter\View\{closure}()
 4 SYSTEMPATH\Common.php(1135): CodeIgniter\View\View->render('dashboard/qr_code', [], true)
 5 APPPATH\Controllers\Dashboard.php(211): view('dashboard/qr_code', [...])
 6 SYSTEMPATH\CodeIgniter.php(896): App\Controllers\Dashboard->qr_code('FCPATH\\js', 'jsfunctions.js')
 7 SYSTEMPATH\CodeIgniter.php(466): CodeIgniter\CodeIgniter->runController(Object(App\Controllers\Dashboard))
 8 SYSTEMPATH\CodeIgniter.php(349): CodeIgniter\CodeIgniter->handleRequest(null, Object(Config\Cache), false)
 9 FCPATH\index.php(55): CodeIgniter\CodeIgniter->run()
10 SYSTEMPATH\Commands\Server\rewrite.php(43): require_once('FCPATH\\index.php')
CRITICAL - 2022-09-11 23:33:04 --> Trying to access array offset on value of type null
in APPPATH\Views\dashboard\qr_code.php on line 40.
 1 APPPATH\Views\dashboard\qr_code.php(40): CodeIgniter\Debug\Exceptions->errorHandler(8, 'Trying to access array offset on value of type null', 'APPPATH\\Views\\dashboard\\qr_code.php', 40, [...])
 2 SYSTEMPATH\View\View.php(213): include('APPPATH\\Views\\dashboard\\qr_code.php')
 3 SYSTEMPATH\View\View.php(216): CodeIgniter\View\View->CodeIgniter\View\{closure}()
 4 SYSTEMPATH\Common.php(1135): CodeIgniter\View\View->render('dashboard/qr_code', [], true)
 5 APPPATH\Controllers\Dashboard.php(211): view('dashboard/qr_code', [...])
 6 SYSTEMPATH\CodeIgniter.php(896): App\Controllers\Dashboard->qr_code('FCPATH\\js', 'qrcode.js')
 7 SYSTEMPATH\CodeIgniter.php(466): CodeIgniter\CodeIgniter->runController(Object(App\Controllers\Dashboard))
 8 SYSTEMPATH\CodeIgniter.php(349): CodeIgniter\CodeIgniter->handleRequest(null, Object(Config\Cache), false)
 9 FCPATH\index.php(55): CodeIgniter\CodeIgniter->run()
10 SYSTEMPATH\Commands\Server\rewrite.php(43): require_once('FCPATH\\index.php')
CRITICAL - 2022-09-11 23:33:18 --> Trying to access array offset on value of type null
in APPPATH\Views\dashboard\qr_code.php on line 40.
 1 APPPATH\Views\dashboard\qr_code.php(40): CodeIgniter\Debug\Exceptions->errorHandler(8, 'Trying to access array offset on value of type null', 'APPPATH\\Views\\dashboard\\qr_code.php', 40, [...])
 2 SYSTEMPATH\View\View.php(213): include('APPPATH\\Views\\dashboard\\qr_code.php')
 3 SYSTEMPATH\View\View.php(216): CodeIgniter\View\View->CodeIgniter\View\{closure}()
 4 SYSTEMPATH\Common.php(1135): CodeIgniter\View\View->render('dashboard/qr_code', [], true)
 5 APPPATH\Controllers\Dashboard.php(211): view('dashboard/qr_code', [...])
 6 SYSTEMPATH\CodeIgniter.php(896): App\Controllers\Dashboard->qr_code('FCPATH\\js', 'jsfunctions.js')
 7 SYSTEMPATH\CodeIgniter.php(466): CodeIgniter\CodeIgniter->runController(Object(App\Controllers\Dashboard))
 8 SYSTEMPATH\CodeIgniter.php(349): CodeIgniter\CodeIgniter->handleRequest(null, Object(Config\Cache), false)
 9 FCPATH\index.php(55): CodeIgniter\CodeIgniter->run()
10 SYSTEMPATH\Commands\Server\rewrite.php(43): require_once('FCPATH\\index.php')
CRITICAL - 2022-09-11 23:33:18 --> Trying to access array offset on value of type null
in APPPATH\Views\dashboard\qr_code.php on line 40.
 1 APPPATH\Views\dashboard\qr_code.php(40): CodeIgniter\Debug\Exceptions->errorHandler(8, 'Trying to access array offset on value of type null', 'APPPATH\\Views\\dashboard\\qr_code.php', 40, [...])
 2 SYSTEMPATH\View\View.php(213): include('APPPATH\\Views\\dashboard\\qr_code.php')
 3 SYSTEMPATH\View\View.php(216): CodeIgniter\View\View->CodeIgniter\View\{closure}()
 4 SYSTEMPATH\Common.php(1135): CodeIgniter\View\View->render('dashboard/qr_code', [], true)
 5 APPPATH\Controllers\Dashboard.php(211): view('dashboard/qr_code', [...])
 6 SYSTEMPATH\CodeIgniter.php(896): App\Controllers\Dashboard->qr_code('FCPATH\\js', 'qrcode.js')
 7 SYSTEMPATH\CodeIgniter.php(466): CodeIgniter\CodeIgniter->runController(Object(App\Controllers\Dashboard))
 8 SYSTEMPATH\CodeIgniter.php(349): CodeIgniter\CodeIgniter->handleRequest(null, Object(Config\Cache), false)
 9 FCPATH\index.php(55): CodeIgniter\CodeIgniter->run()
10 SYSTEMPATH\Commands\Server\rewrite.php(43): require_once('FCPATH\\index.php')
CRITICAL - 2022-09-11 23:33:27 --> Trying to access array offset on value of type null
in APPPATH\Views\dashboard\qr_code.php on line 40.
 1 APPPATH\Views\dashboard\qr_code.php(40): CodeIgniter\Debug\Exceptions->errorHandler(8, 'Trying to access array offset on value of type null', 'APPPATH\\Views\\dashboard\\qr_code.php', 40, [...])
 2 SYSTEMPATH\View\View.php(213): include('APPPATH\\Views\\dashboard\\qr_code.php')
 3 SYSTEMPATH\View\View.php(216): CodeIgniter\View\View->CodeIgniter\View\{closure}()
 4 SYSTEMPATH\Common.php(1135): CodeIgniter\View\View->render('dashboard/qr_code', [], true)
 5 APPPATH\Controllers\Dashboard.php(211): view('dashboard/qr_code', [...])
 6 SYSTEMPATH\CodeIgniter.php(896): App\Controllers\Dashboard->qr_code('FCPATH\\js', 'jsfunctions.js')
 7 SYSTEMPATH\CodeIgniter.php(466): CodeIgniter\CodeIgniter->runController(Object(App\Controllers\Dashboard))
 8 SYSTEMPATH\CodeIgniter.php(349): CodeIgniter\CodeIgniter->handleRequest(null, Object(Config\Cache), false)
 9 FCPATH\index.php(55): CodeIgniter\CodeIgniter->run()
10 SYSTEMPATH\Commands\Server\rewrite.php(43): require_once('FCPATH\\index.php')
CRITICAL - 2022-09-11 23:33:27 --> Trying to access array offset on value of type null
in APPPATH\Views\dashboard\qr_code.php on line 40.
 1 APPPATH\Views\dashboard\qr_code.php(40): CodeIgniter\Debug\Exceptions->errorHandler(8, 'Trying to access array offset on value of type null', 'APPPATH\\Views\\dashboard\\qr_code.php', 40, [...])
 2 SYSTEMPATH\View\View.php(213): include('APPPATH\\Views\\dashboard\\qr_code.php')
 3 SYSTEMPATH\View\View.php(216): CodeIgniter\View\View->CodeIgniter\View\{closure}()
 4 SYSTEMPATH\Common.php(1135): CodeIgniter\View\View->render('dashboard/qr_code', [], true)
 5 APPPATH\Controllers\Dashboard.php(211): view('dashboard/qr_code', [...])
 6 SYSTEMPATH\CodeIgniter.php(896): App\Controllers\Dashboard->qr_code('FCPATH\\js', 'qrcode.js')
 7 SYSTEMPATH\CodeIgniter.php(466): CodeIgniter\CodeIgniter->runController(Object(App\Controllers\Dashboard))
 8 SYSTEMPATH\CodeIgniter.php(349): CodeIgniter\CodeIgniter->handleRequest(null, Object(Config\Cache), false)
 9 FCPATH\index.php(55): CodeIgniter\CodeIgniter->run()
10 SYSTEMPATH\Commands\Server\rewrite.php(43): require_once('FCPATH\\index.php')
CRITICAL - 2022-09-11 23:33:31 --> Trying to access array offset on value of type null
in APPPATH\Views\dashboard\qr_code.php on line 40.
 1 APPPATH\Views\dashboard\qr_code.php(40): CodeIgniter\Debug\Exceptions->errorHandler(8, 'Trying to access array offset on value of type null', 'APPPATH\\Views\\dashboard\\qr_code.php', 40, [...])
 2 SYSTEMPATH\View\View.php(213): include('APPPATH\\Views\\dashboard\\qr_code.php')
 3 SYSTEMPATH\View\View.php(216): CodeIgniter\View\View->CodeIgniter\View\{closure}()
 4 SYSTEMPATH\Common.php(1135): CodeIgniter\View\View->render('dashboard/qr_code', [], true)
 5 APPPATH\Controllers\Dashboard.php(211): view('dashboard/qr_code', [...])
 6 SYSTEMPATH\CodeIgniter.php(896): App\Controllers\Dashboard->qr_code('FCPATH\\js', 'jsfunctions.js')
 7 SYSTEMPATH\CodeIgniter.php(466): CodeIgniter\CodeIgniter->runController(Object(App\Controllers\Dashboard))
 8 SYSTEMPATH\CodeIgniter.php(349): CodeIgniter\CodeIgniter->handleRequest(null, Object(Config\Cache), false)
 9 FCPATH\index.php(55): CodeIgniter\CodeIgniter->run()
10 SYSTEMPATH\Commands\Server\rewrite.php(43): require_once('FCPATH\\index.php')
CRITICAL - 2022-09-11 23:33:31 --> Trying to access array offset on value of type null
in APPPATH\Views\dashboard\qr_code.php on line 40.
 1 APPPATH\Views\dashboard\qr_code.php(40): CodeIgniter\Debug\Exceptions->errorHandler(8, 'Trying to access array offset on value of type null', 'APPPATH\\Views\\dashboard\\qr_code.php', 40, [...])
 2 SYSTEMPATH\View\View.php(213): include('APPPATH\\Views\\dashboard\\qr_code.php')
 3 SYSTEMPATH\View\View.php(216): CodeIgniter\View\View->CodeIgniter\View\{closure}()
 4 SYSTEMPATH\Common.php(1135): CodeIgniter\View\View->render('dashboard/qr_code', [], true)
 5 APPPATH\Controllers\Dashboard.php(211): view('dashboard/qr_code', [...])
 6 SYSTEMPATH\CodeIgniter.php(896): App\Controllers\Dashboard->qr_code('FCPATH\\js', 'qrcode.js')
 7 SYSTEMPATH\CodeIgniter.php(466): CodeIgniter\CodeIgniter->runController(Object(App\Controllers\Dashboard))
 8 SYSTEMPATH\CodeIgniter.php(349): CodeIgniter\CodeIgniter->handleRequest(null, Object(Config\Cache), false)
 9 FCPATH\index.php(55): CodeIgniter\CodeIgniter->run()
10 SYSTEMPATH\Commands\Server\rewrite.php(43): require_once('FCPATH\\index.php')
CRITICAL - 2022-09-11 23:33:42 --> Trying to access array offset on value of type null
in APPPATH\Views\dashboard\qr_code.php on line 40.
 1 APPPATH\Views\dashboard\qr_code.php(40): CodeIgniter\Debug\Exceptions->errorHandler(8, 'Trying to access array offset on value of type null', 'APPPATH\\Views\\dashboard\\qr_code.php', 40, [...])
 2 SYSTEMPATH\View\View.php(213): include('APPPATH\\Views\\dashboard\\qr_code.php')
 3 SYSTEMPATH\View\View.php(216): CodeIgniter\View\View->CodeIgniter\View\{closure}()
 4 SYSTEMPATH\Common.php(1135): CodeIgniter\View\View->render('dashboard/qr_code', [], true)
 5 APPPATH\Controllers\Dashboard.php(211): view('dashboard/qr_code', [...])
 6 SYSTEMPATH\CodeIgniter.php(896): App\Controllers\Dashboard->qr_code('FCPATH\\js', 'jsfunctions.js')
 7 SYSTEMPATH\CodeIgniter.php(466): CodeIgniter\CodeIgniter->runController(Object(App\Controllers\Dashboard))
 8 SYSTEMPATH\CodeIgniter.php(349): CodeIgniter\CodeIgniter->handleRequest(null, Object(Config\Cache), false)
 9 FCPATH\index.php(55): CodeIgniter\CodeIgniter->run()
10 SYSTEMPATH\Commands\Server\rewrite.php(43): require_once('FCPATH\\index.php')
CRITICAL - 2022-09-11 23:33:42 --> Trying to access array offset on value of type null
in APPPATH\Views\dashboard\qr_code.php on line 40.
 1 APPPATH\Views\dashboard\qr_code.php(40): CodeIgniter\Debug\Exceptions->errorHandler(8, 'Trying to access array offset on value of type null', 'APPPATH\\Views\\dashboard\\qr_code.php', 40, [...])
 2 SYSTEMPATH\View\View.php(213): include('APPPATH\\Views\\dashboard\\qr_code.php')
 3 SYSTEMPATH\View\View.php(216): CodeIgniter\View\View->CodeIgniter\View\{closure}()
 4 SYSTEMPATH\Common.php(1135): CodeIgniter\View\View->render('dashboard/qr_code', [], true)
 5 APPPATH\Controllers\Dashboard.php(211): view('dashboard/qr_code', [...])
 6 SYSTEMPATH\CodeIgniter.php(896): App\Controllers\Dashboard->qr_code('FCPATH\\js', 'qrcode.js')
 7 SYSTEMPATH\CodeIgniter.php(466): CodeIgniter\CodeIgniter->runController(Object(App\Controllers\Dashboard))
 8 SYSTEMPATH\CodeIgniter.php(349): CodeIgniter\CodeIgniter->handleRequest(null, Object(Config\Cache), false)
 9 FCPATH\index.php(55): CodeIgniter\CodeIgniter->run()
10 SYSTEMPATH\Commands\Server\rewrite.php(43): require_once('FCPATH\\index.php')
CRITICAL - 2022-09-11 23:33:48 --> Trying to access array offset on value of type null
in APPPATH\Views\dashboard\qr_code.php on line 40.
 1 APPPATH\Views\dashboard\qr_code.php(40): CodeIgniter\Debug\Exceptions->errorHandler(8, 'Trying to access array offset on value of type null', 'APPPATH\\Views\\dashboard\\qr_code.php', 40, [...])
 2 SYSTEMPATH\View\View.php(213): include('APPPATH\\Views\\dashboard\\qr_code.php')
 3 SYSTEMPATH\View\View.php(216): CodeIgniter\View\View->CodeIgniter\View\{closure}()
 4 SYSTEMPATH\Common.php(1135): CodeIgniter\View\View->render('dashboard/qr_code', [], true)
 5 APPPATH\Controllers\Dashboard.php(211): view('dashboard/qr_code', [...])
 6 SYSTEMPATH\CodeIgniter.php(896): App\Controllers\Dashboard->qr_code('FCPATH\\js', 'jsfunctions.js')
 7 SYSTEMPATH\CodeIgniter.php(466): CodeIgniter\CodeIgniter->runController(Object(App\Controllers\Dashboard))
 8 SYSTEMPATH\CodeIgniter.php(349): CodeIgniter\CodeIgniter->handleRequest(null, Object(Config\Cache), false)
 9 FCPATH\index.php(55): CodeIgniter\CodeIgniter->run()
10 SYSTEMPATH\Commands\Server\rewrite.php(43): require_once('FCPATH\\index.php')
CRITICAL - 2022-09-11 23:33:48 --> Trying to access array offset on value of type null
in APPPATH\Views\dashboard\qr_code.php on line 40.
 1 APPPATH\Views\dashboard\qr_code.php(40): CodeIgniter\Debug\Exceptions->errorHandler(8, 'Trying to access array offset on value of type null', 'APPPATH\\Views\\dashboard\\qr_code.php', 40, [...])
 2 SYSTEMPATH\View\View.php(213): include('APPPATH\\Views\\dashboard\\qr_code.php')
 3 SYSTEMPATH\View\View.php(216): CodeIgniter\View\View->CodeIgniter\View\{closure}()
 4 SYSTEMPATH\Common.php(1135): CodeIgniter\View\View->render('dashboard/qr_code', [], true)
 5 APPPATH\Controllers\Dashboard.php(211): view('dashboard/qr_code', [...])
 6 SYSTEMPATH\CodeIgniter.php(896): App\Controllers\Dashboard->qr_code('FCPATH\\js', 'qrcode.js')
 7 SYSTEMPATH\CodeIgniter.php(466): CodeIgniter\CodeIgniter->runController(Object(App\Controllers\Dashboard))
 8 SYSTEMPATH\CodeIgniter.php(349): CodeIgniter\CodeIgniter->handleRequest(null, Object(Config\Cache), false)
 9 FCPATH\index.php(55): CodeIgniter\CodeIgniter->run()
10 SYSTEMPATH\Commands\Server\rewrite.php(43): require_once('FCPATH\\index.php')
CRITICAL - 2022-09-11 23:35:03 --> Trying to access array offset on value of type null
in APPPATH\Views\dashboard\qr_code.php on line 40.
 1 APPPATH\Views\dashboard\qr_code.php(40): CodeIgniter\Debug\Exceptions->errorHandler(8, 'Trying to access array offset on value of type null', 'APPPATH\\Views\\dashboard\\qr_code.php', 40, [...])
 2 SYSTEMPATH\View\View.php(213): include('APPPATH\\Views\\dashboard\\qr_code.php')
 3 SYSTEMPATH\View\View.php(216): CodeIgniter\View\View->CodeIgniter\View\{closure}()
 4 SYSTEMPATH\Common.php(1135): CodeIgniter\View\View->render('dashboard/qr_code', [], true)
 5 APPPATH\Controllers\Dashboard.php(211): view('dashboard/qr_code', [...])
 6 SYSTEMPATH\CodeIgniter.php(896): App\Controllers\Dashboard->qr_code('FCPATH\\js', 'jsfunctions.js')
 7 SYSTEMPATH\CodeIgniter.php(466): CodeIgniter\CodeIgniter->runController(Object(App\Controllers\Dashboard))
 8 SYSTEMPATH\CodeIgniter.php(349): CodeIgniter\CodeIgniter->handleRequest(null, Object(Config\Cache), false)
 9 FCPATH\index.php(55): CodeIgniter\CodeIgniter->run()
10 SYSTEMPATH\Commands\Server\rewrite.php(43): require_once('FCPATH\\index.php')
CRITICAL - 2022-09-11 23:35:03 --> Trying to access array offset on value of type null
in APPPATH\Views\dashboard\qr_code.php on line 40.
 1 APPPATH\Views\dashboard\qr_code.php(40): CodeIgniter\Debug\Exceptions->errorHandler(8, 'Trying to access array offset on value of type null', 'APPPATH\\Views\\dashboard\\qr_code.php', 40, [...])
 2 SYSTEMPATH\View\View.php(213): include('APPPATH\\Views\\dashboard\\qr_code.php')
 3 SYSTEMPATH\View\View.php(216): CodeIgniter\View\View->CodeIgniter\View\{closure}()
 4 SYSTEMPATH\Common.php(1135): CodeIgniter\View\View->render('dashboard/qr_code', [], true)
 5 APPPATH\Controllers\Dashboard.php(211): view('dashboard/qr_code', [...])
 6 SYSTEMPATH\CodeIgniter.php(896): App\Controllers\Dashboard->qr_code('FCPATH\\js', 'qrcode.js')
 7 SYSTEMPATH\CodeIgniter.php(466): CodeIgniter\CodeIgniter->runController(Object(App\Controllers\Dashboard))
 8 SYSTEMPATH\CodeIgniter.php(349): CodeIgniter\CodeIgniter->handleRequest(null, Object(Config\Cache), false)
 9 FCPATH\index.php(55): CodeIgniter\CodeIgniter->run()
10 SYSTEMPATH\Commands\Server\rewrite.php(43): require_once('FCPATH\\index.php')
CRITICAL - 2022-09-11 23:35:09 --> Trying to access array offset on value of type null
in APPPATH\Views\dashboard\qr_code.php on line 40.
 1 APPPATH\Views\dashboard\qr_code.php(40): CodeIgniter\Debug\Exceptions->errorHandler(8, 'Trying to access array offset on value of type null', 'APPPATH\\Views\\dashboard\\qr_code.php', 40, [...])
 2 SYSTEMPATH\View\View.php(213): include('APPPATH\\Views\\dashboard\\qr_code.php')
 3 SYSTEMPATH\View\View.php(216): CodeIgniter\View\View->CodeIgniter\View\{closure}()
 4 SYSTEMPATH\Common.php(1135): CodeIgniter\View\View->render('dashboard/qr_code', [], true)
 5 APPPATH\Controllers\Dashboard.php(211): view('dashboard/qr_code', [...])
 6 SYSTEMPATH\CodeIgniter.php(896): App\Controllers\Dashboard->qr_code('FCPATH\\js', 'jsfunctions.js')
 7 SYSTEMPATH\CodeIgniter.php(466): CodeIgniter\CodeIgniter->runController(Object(App\Controllers\Dashboard))
 8 SYSTEMPATH\CodeIgniter.php(349): CodeIgniter\CodeIgniter->handleRequest(null, Object(Config\Cache), false)
 9 FCPATH\index.php(55): CodeIgniter\CodeIgniter->run()
10 SYSTEMPATH\Commands\Server\rewrite.php(43): require_once('FCPATH\\index.php')
CRITICAL - 2022-09-11 23:35:09 --> Trying to access array offset on value of type null
in APPPATH\Views\dashboard\qr_code.php on line 40.
 1 APPPATH\Views\dashboard\qr_code.php(40): CodeIgniter\Debug\Exceptions->errorHandler(8, 'Trying to access array offset on value of type null', 'APPPATH\\Views\\dashboard\\qr_code.php', 40, [...])
 2 SYSTEMPATH\View\View.php(213): include('APPPATH\\Views\\dashboard\\qr_code.php')
 3 SYSTEMPATH\View\View.php(216): CodeIgniter\View\View->CodeIgniter\View\{closure}()
 4 SYSTEMPATH\Common.php(1135): CodeIgniter\View\View->render('dashboard/qr_code', [], true)
 5 APPPATH\Controllers\Dashboard.php(211): view('dashboard/qr_code', [...])
 6 SYSTEMPATH\CodeIgniter.php(896): App\Controllers\Dashboard->qr_code('FCPATH\\js', 'qrcode.js')
 7 SYSTEMPATH\CodeIgniter.php(466): CodeIgniter\CodeIgniter->runController(Object(App\Controllers\Dashboard))
 8 SYSTEMPATH\CodeIgniter.php(349): CodeIgniter\CodeIgniter->handleRequest(null, Object(Config\Cache), false)
 9 FCPATH\index.php(55): CodeIgniter\CodeIgniter->run()
10 SYSTEMPATH\Commands\Server\rewrite.php(43): require_once('FCPATH\\index.php')
CRITICAL - 2022-09-11 23:35:15 --> Trying to access array offset on value of type null
in APPPATH\Views\dashboard\qr_code.php on line 40.
 1 APPPATH\Views\dashboard\qr_code.php(40): CodeIgniter\Debug\Exceptions->errorHandler(8, 'Trying to access array offset on value of type null', 'APPPATH\\Views\\dashboard\\qr_code.php', 40, [...])
 2 SYSTEMPATH\View\View.php(213): include('APPPATH\\Views\\dashboard\\qr_code.php')
 3 SYSTEMPATH\View\View.php(216): CodeIgniter\View\View->CodeIgniter\View\{closure}()
 4 SYSTEMPATH\Common.php(1135): CodeIgniter\View\View->render('dashboard/qr_code', [], true)
 5 APPPATH\Controllers\Dashboard.php(211): view('dashboard/qr_code', [...])
 6 SYSTEMPATH\CodeIgniter.php(896): App\Controllers\Dashboard->qr_code('FCPATH\\js', 'jsfunctions.js')
 7 SYSTEMPATH\CodeIgniter.php(466): CodeIgniter\CodeIgniter->runController(Object(App\Controllers\Dashboard))
 8 SYSTEMPATH\CodeIgniter.php(349): CodeIgniter\CodeIgniter->handleRequest(null, Object(Config\Cache), false)
 9 FCPATH\index.php(55): CodeIgniter\CodeIgniter->run()
10 SYSTEMPATH\Commands\Server\rewrite.php(43): require_once('FCPATH\\index.php')
CRITICAL - 2022-09-11 23:35:15 --> Trying to access array offset on value of type null
in APPPATH\Views\dashboard\qr_code.php on line 40.
 1 APPPATH\Views\dashboard\qr_code.php(40): CodeIgniter\Debug\Exceptions->errorHandler(8, 'Trying to access array offset on value of type null', 'APPPATH\\Views\\dashboard\\qr_code.php', 40, [...])
 2 SYSTEMPATH\View\View.php(213): include('APPPATH\\Views\\dashboard\\qr_code.php')
 3 SYSTEMPATH\View\View.php(216): CodeIgniter\View\View->CodeIgniter\View\{closure}()
 4 SYSTEMPATH\Common.php(1135): CodeIgniter\View\View->render('dashboard/qr_code', [], true)
 5 APPPATH\Controllers\Dashboard.php(211): view('dashboard/qr_code', [...])
 6 SYSTEMPATH\CodeIgniter.php(896): App\Controllers\Dashboard->qr_code('FCPATH\\js', 'qrcode.js')
 7 SYSTEMPATH\CodeIgniter.php(466): CodeIgniter\CodeIgniter->runController(Object(App\Controllers\Dashboard))
 8 SYSTEMPATH\CodeIgniter.php(349): CodeIgniter\CodeIgniter->handleRequest(null, Object(Config\Cache), false)
 9 FCPATH\index.php(55): CodeIgniter\CodeIgniter->run()
10 SYSTEMPATH\Commands\Server\rewrite.php(43): require_once('FCPATH\\index.php')
CRITICAL - 2022-09-11 23:35:26 --> Trying to access array offset on value of type null
in APPPATH\Views\dashboard\qr_code.php on line 40.
 1 APPPATH\Views\dashboard\qr_code.php(40): CodeIgniter\Debug\Exceptions->errorHandler(8, 'Trying to access array offset on value of type null', 'APPPATH\\Views\\dashboard\\qr_code.php', 40, [...])
 2 SYSTEMPATH\View\View.php(213): include('APPPATH\\Views\\dashboard\\qr_code.php')
 3 SYSTEMPATH\View\View.php(216): CodeIgniter\View\View->CodeIgniter\View\{closure}()
 4 SYSTEMPATH\Common.php(1135): CodeIgniter\View\View->render('dashboard/qr_code', [], true)
 5 APPPATH\Controllers\Dashboard.php(211): view('dashboard/qr_code', [...])
 6 SYSTEMPATH\CodeIgniter.php(896): App\Controllers\Dashboard->qr_code('FCPATH\\js', 'jsfunctions.js')
 7 SYSTEMPATH\CodeIgniter.php(466): CodeIgniter\CodeIgniter->runController(Object(App\Controllers\Dashboard))
 8 SYSTEMPATH\CodeIgniter.php(349): CodeIgniter\CodeIgniter->handleRequest(null, Object(Config\Cache), false)
 9 FCPATH\index.php(55): CodeIgniter\CodeIgniter->run()
10 SYSTEMPATH\Commands\Server\rewrite.php(43): require_once('FCPATH\\index.php')
CRITICAL - 2022-09-11 23:35:26 --> Trying to access array offset on value of type null
in APPPATH\Views\dashboard\qr_code.php on line 40.
 1 APPPATH\Views\dashboard\qr_code.php(40): CodeIgniter\Debug\Exceptions->errorHandler(8, 'Trying to access array offset on value of type null', 'APPPATH\\Views\\dashboard\\qr_code.php', 40, [...])
 2 SYSTEMPATH\View\View.php(213): include('APPPATH\\Views\\dashboard\\qr_code.php')
 3 SYSTEMPATH\View\View.php(216): CodeIgniter\View\View->CodeIgniter\View\{closure}()
 4 SYSTEMPATH\Common.php(1135): CodeIgniter\View\View->render('dashboard/qr_code', [], true)
 5 APPPATH\Controllers\Dashboard.php(211): view('dashboard/qr_code', [...])
 6 SYSTEMPATH\CodeIgniter.php(896): App\Controllers\Dashboard->qr_code('FCPATH\\js', 'qrcode.js')
 7 SYSTEMPATH\CodeIgniter.php(466): CodeIgniter\CodeIgniter->runController(Object(App\Controllers\Dashboard))
 8 SYSTEMPATH\CodeIgniter.php(349): CodeIgniter\CodeIgniter->handleRequest(null, Object(Config\Cache), false)
 9 FCPATH\index.php(55): CodeIgniter\CodeIgniter->run()
10 SYSTEMPATH\Commands\Server\rewrite.php(43): require_once('FCPATH\\index.php')
CRITICAL - 2022-09-11 23:35:48 --> Trying to access array offset on value of type null
in APPPATH\Views\dashboard\qr_code.php on line 40.
 1 APPPATH\Views\dashboard\qr_code.php(40): CodeIgniter\Debug\Exceptions->errorHandler(8, 'Trying to access array offset on value of type null', 'APPPATH\\Views\\dashboard\\qr_code.php', 40, [...])
 2 SYSTEMPATH\View\View.php(213): include('APPPATH\\Views\\dashboard\\qr_code.php')
 3 SYSTEMPATH\View\View.php(216): CodeIgniter\View\View->CodeIgniter\View\{closure}()
 4 SYSTEMPATH\Common.php(1135): CodeIgniter\View\View->render('dashboard/qr_code', [], true)
 5 APPPATH\Controllers\Dashboard.php(211): view('dashboard/qr_code', [...])
 6 SYSTEMPATH\CodeIgniter.php(896): App\Controllers\Dashboard->qr_code('FCPATH\\js', 'jsfunctions.js')
 7 SYSTEMPATH\CodeIgniter.php(466): CodeIgniter\CodeIgniter->runController(Object(App\Controllers\Dashboard))
 8 SYSTEMPATH\CodeIgniter.php(349): CodeIgniter\CodeIgniter->handleRequest(null, Object(Config\Cache), false)
 9 FCPATH\index.php(55): CodeIgniter\CodeIgniter->run()
10 SYSTEMPATH\Commands\Server\rewrite.php(43): require_once('FCPATH\\index.php')
CRITICAL - 2022-09-11 23:35:49 --> Trying to access array offset on value of type null
in APPPATH\Views\dashboard\qr_code.php on line 40.
 1 APPPATH\Views\dashboard\qr_code.php(40): CodeIgniter\Debug\Exceptions->errorHandler(8, 'Trying to access array offset on value of type null', 'APPPATH\\Views\\dashboard\\qr_code.php', 40, [...])
 2 SYSTEMPATH\View\View.php(213): include('APPPATH\\Views\\dashboard\\qr_code.php')
 3 SYSTEMPATH\View\View.php(216): CodeIgniter\View\View->CodeIgniter\View\{closure}()
 4 SYSTEMPATH\Common.php(1135): CodeIgniter\View\View->render('dashboard/qr_code', [], true)
 5 APPPATH\Controllers\Dashboard.php(211): view('dashboard/qr_code', [...])
 6 SYSTEMPATH\CodeIgniter.php(896): App\Controllers\Dashboard->qr_code('FCPATH\\js', 'qrcode.js')
 7 SYSTEMPATH\CodeIgniter.php(466): CodeIgniter\CodeIgniter->runController(Object(App\Controllers\Dashboard))
 8 SYSTEMPATH\CodeIgniter.php(349): CodeIgniter\CodeIgniter->handleRequest(null, Object(Config\Cache), false)
 9 FCPATH\index.php(55): CodeIgniter\CodeIgniter->run()
10 SYSTEMPATH\Commands\Server\rewrite.php(43): require_once('FCPATH\\index.php')
CRITICAL - 2022-09-11 23:35:55 --> Trying to access array offset on value of type null
in APPPATH\Views\dashboard\qr_code.php on line 40.
 1 APPPATH\Views\dashboard\qr_code.php(40): CodeIgniter\Debug\Exceptions->errorHandler(8, 'Trying to access array offset on value of type null', 'APPPATH\\Views\\dashboard\\qr_code.php', 40, [...])
 2 SYSTEMPATH\View\View.php(213): include('APPPATH\\Views\\dashboard\\qr_code.php')
 3 SYSTEMPATH\View\View.php(216): CodeIgniter\View\View->CodeIgniter\View\{closure}()
 4 SYSTEMPATH\Common.php(1135): CodeIgniter\View\View->render('dashboard/qr_code', [], true)
 5 APPPATH\Controllers\Dashboard.php(211): view('dashboard/qr_code', [...])
 6 SYSTEMPATH\CodeIgniter.php(896): App\Controllers\Dashboard->qr_code('FCPATH\\js', 'jsfunctions.js')
 7 SYSTEMPATH\CodeIgniter.php(466): CodeIgniter\CodeIgniter->runController(Object(App\Controllers\Dashboard))
 8 SYSTEMPATH\CodeIgniter.php(349): CodeIgniter\CodeIgniter->handleRequest(null, Object(Config\Cache), false)
 9 FCPATH\index.php(55): CodeIgniter\CodeIgniter->run()
10 SYSTEMPATH\Commands\Server\rewrite.php(43): require_once('FCPATH\\index.php')
CRITICAL - 2022-09-11 23:35:55 --> Trying to access array offset on value of type null
in APPPATH\Views\dashboard\qr_code.php on line 40.
 1 APPPATH\Views\dashboard\qr_code.php(40): CodeIgniter\Debug\Exceptions->errorHandler(8, 'Trying to access array offset on value of type null', 'APPPATH\\Views\\dashboard\\qr_code.php', 40, [...])
 2 SYSTEMPATH\View\View.php(213): include('APPPATH\\Views\\dashboard\\qr_code.php')
 3 SYSTEMPATH\View\View.php(216): CodeIgniter\View\View->CodeIgniter\View\{closure}()
 4 SYSTEMPATH\Common.php(1135): CodeIgniter\View\View->render('dashboard/qr_code', [], true)
 5 APPPATH\Controllers\Dashboard.php(211): view('dashboard/qr_code', [...])
 6 SYSTEMPATH\CodeIgniter.php(896): App\Controllers\Dashboard->qr_code('FCPATH\\js', 'qrcode.js')
 7 SYSTEMPATH\CodeIgniter.php(466): CodeIgniter\CodeIgniter->runController(Object(App\Controllers\Dashboard))
 8 SYSTEMPATH\CodeIgniter.php(349): CodeIgniter\CodeIgniter->handleRequest(null, Object(Config\Cache), false)
 9 FCPATH\index.php(55): CodeIgniter\CodeIgniter->run()
10 SYSTEMPATH\Commands\Server\rewrite.php(43): require_once('FCPATH\\index.php')
CRITICAL - 2022-09-11 23:36:48 --> Trying to access array offset on value of type null
in APPPATH\Views\dashboard\qr_code.php on line 40.
 1 APPPATH\Views\dashboard\qr_code.php(40): CodeIgniter\Debug\Exceptions->errorHandler(8, 'Trying to access array offset on value of type null', 'APPPATH\\Views\\dashboard\\qr_code.php', 40, [...])
 2 SYSTEMPATH\View\View.php(213): include('APPPATH\\Views\\dashboard\\qr_code.php')
 3 SYSTEMPATH\View\View.php(216): CodeIgniter\View\View->CodeIgniter\View\{closure}()
 4 SYSTEMPATH\Common.php(1135): CodeIgniter\View\View->render('dashboard/qr_code', [], true)
 5 APPPATH\Controllers\Dashboard.php(211): view('dashboard/qr_code', [...])
 6 SYSTEMPATH\CodeIgniter.php(896): App\Controllers\Dashboard->qr_code('FCPATH\\js', 'jsfunctions.js')
 7 SYSTEMPATH\CodeIgniter.php(466): CodeIgniter\CodeIgniter->runController(Object(App\Controllers\Dashboard))
 8 SYSTEMPATH\CodeIgniter.php(349): CodeIgniter\CodeIgniter->handleRequest(null, Object(Config\Cache), false)
 9 FCPATH\index.php(55): CodeIgniter\CodeIgniter->run()
10 SYSTEMPATH\Commands\Server\rewrite.php(43): require_once('FCPATH\\index.php')
CRITICAL - 2022-09-11 23:36:49 --> Trying to access array offset on value of type null
in APPPATH\Views\dashboard\qr_code.php on line 40.
 1 APPPATH\Views\dashboard\qr_code.php(40): CodeIgniter\Debug\Exceptions->errorHandler(8, 'Trying to access array offset on value of type null', 'APPPATH\\Views\\dashboard\\qr_code.php', 40, [...])
 2 SYSTEMPATH\View\View.php(213): include('APPPATH\\Views\\dashboard\\qr_code.php')
 3 SYSTEMPATH\View\View.php(216): CodeIgniter\View\View->CodeIgniter\View\{closure}()
 4 SYSTEMPATH\Common.php(1135): CodeIgniter\View\View->render('dashboard/qr_code', [], true)
 5 APPPATH\Controllers\Dashboard.php(211): view('dashboard/qr_code', [...])
 6 SYSTEMPATH\CodeIgniter.php(896): App\Controllers\Dashboard->qr_code('FCPATH\\js', 'qrcode.js')
 7 SYSTEMPATH\CodeIgniter.php(466): CodeIgniter\CodeIgniter->runController(Object(App\Controllers\Dashboard))
 8 SYSTEMPATH\CodeIgniter.php(349): CodeIgniter\CodeIgniter->handleRequest(null, Object(Config\Cache), false)
 9 FCPATH\index.php(55): CodeIgniter\CodeIgniter->run()
10 SYSTEMPATH\Commands\Server\rewrite.php(43): require_once('FCPATH\\index.php')
CRITICAL - 2022-09-11 23:36:55 --> Trying to access array offset on value of type null
in APPPATH\Views\dashboard\qr_code.php on line 40.
 1 APPPATH\Views\dashboard\qr_code.php(40): CodeIgniter\Debug\Exceptions->errorHandler(8, 'Trying to access array offset on value of type null', 'APPPATH\\Views\\dashboard\\qr_code.php', 40, [...])
 2 SYSTEMPATH\View\View.php(213): include('APPPATH\\Views\\dashboard\\qr_code.php')
 3 SYSTEMPATH\View\View.php(216): CodeIgniter\View\View->CodeIgniter\View\{closure}()
 4 SYSTEMPATH\Common.php(1135): CodeIgniter\View\View->render('dashboard/qr_code', [], true)
 5 APPPATH\Controllers\Dashboard.php(211): view('dashboard/qr_code', [...])
 6 SYSTEMPATH\CodeIgniter.php(896): App\Controllers\Dashboard->qr_code('FCPATH\\js', 'jsfunctions.js')
 7 SYSTEMPATH\CodeIgniter.php(466): CodeIgniter\CodeIgniter->runController(Object(App\Controllers\Dashboard))
 8 SYSTEMPATH\CodeIgniter.php(349): CodeIgniter\CodeIgniter->handleRequest(null, Object(Config\Cache), false)
 9 FCPATH\index.php(55): CodeIgniter\CodeIgniter->run()
10 SYSTEMPATH\Commands\Server\rewrite.php(43): require_once('FCPATH\\index.php')
CRITICAL - 2022-09-11 23:36:55 --> Trying to access array offset on value of type null
in APPPATH\Views\dashboard\qr_code.php on line 40.
 1 APPPATH\Views\dashboard\qr_code.php(40): CodeIgniter\Debug\Exceptions->errorHandler(8, 'Trying to access array offset on value of type null', 'APPPATH\\Views\\dashboard\\qr_code.php', 40, [...])
 2 SYSTEMPATH\View\View.php(213): include('APPPATH\\Views\\dashboard\\qr_code.php')
 3 SYSTEMPATH\View\View.php(216): CodeIgniter\View\View->CodeIgniter\View\{closure}()
 4 SYSTEMPATH\Common.php(1135): CodeIgniter\View\View->render('dashboard/qr_code', [], true)
 5 APPPATH\Controllers\Dashboard.php(211): view('dashboard/qr_code', [...])
 6 SYSTEMPATH\CodeIgniter.php(896): App\Controllers\Dashboard->qr_code('FCPATH\\js', 'qrcode.js')
 7 SYSTEMPATH\CodeIgniter.php(466): CodeIgniter\CodeIgniter->runController(Object(App\Controllers\Dashboard))
 8 SYSTEMPATH\CodeIgniter.php(349): CodeIgniter\CodeIgniter->handleRequest(null, Object(Config\Cache), false)
 9 FCPATH\index.php(55): CodeIgniter\CodeIgniter->run()
10 SYSTEMPATH\Commands\Server\rewrite.php(43): require_once('FCPATH\\index.php')
CRITICAL - 2022-09-11 23:39:13 --> Trying to access array offset on value of type null
in APPPATH\Views\dashboard\qr_code.php on line 41.
 1 APPPATH\Views\dashboard\qr_code.php(41): CodeIgniter\Debug\Exceptions->errorHandler(8, 'Trying to access array offset on value of type null', 'APPPATH\\Views\\dashboard\\qr_code.php', 41, [...])
 2 SYSTEMPATH\View\View.php(213): include('APPPATH\\Views\\dashboard\\qr_code.php')
 3 SYSTEMPATH\View\View.php(216): CodeIgniter\View\View->CodeIgniter\View\{closure}()
 4 SYSTEMPATH\Common.php(1135): CodeIgniter\View\View->render('dashboard/qr_code', [], true)
 5 APPPATH\Controllers\Dashboard.php(211): view('dashboard/qr_code', [...])
 6 SYSTEMPATH\CodeIgniter.php(896): App\Controllers\Dashboard->qr_code('FCPATH\\js', 'jsfunctions.js')
 7 SYSTEMPATH\CodeIgniter.php(466): CodeIgniter\CodeIgniter->runController(Object(App\Controllers\Dashboard))
 8 SYSTEMPATH\CodeIgniter.php(349): CodeIgniter\CodeIgniter->handleRequest(null, Object(Config\Cache), false)
 9 FCPATH\index.php(55): CodeIgniter\CodeIgniter->run()
10 SYSTEMPATH\Commands\Server\rewrite.php(43): require_once('FCPATH\\index.php')
CRITICAL - 2022-09-11 23:39:14 --> Trying to access array offset on value of type null
in APPPATH\Views\dashboard\qr_code.php on line 41.
 1 APPPATH\Views\dashboard\qr_code.php(41): CodeIgniter\Debug\Exceptions->errorHandler(8, 'Trying to access array offset on value of type null', 'APPPATH\\Views\\dashboard\\qr_code.php', 41, [...])
 2 SYSTEMPATH\View\View.php(213): include('APPPATH\\Views\\dashboard\\qr_code.php')
 3 SYSTEMPATH\View\View.php(216): CodeIgniter\View\View->CodeIgniter\View\{closure}()
 4 SYSTEMPATH\Common.php(1135): CodeIgniter\View\View->render('dashboard/qr_code', [], true)
 5 APPPATH\Controllers\Dashboard.php(211): view('dashboard/qr_code', [...])
 6 SYSTEMPATH\CodeIgniter.php(896): App\Controllers\Dashboard->qr_code('FCPATH\\js', 'qrcode.js')
 7 SYSTEMPATH\CodeIgniter.php(466): CodeIgniter\CodeIgniter->runController(Object(App\Controllers\Dashboard))
 8 SYSTEMPATH\CodeIgniter.php(349): CodeIgniter\CodeIgniter->handleRequest(null, Object(Config\Cache), false)
 9 FCPATH\index.php(55): CodeIgniter\CodeIgniter->run()
10 SYSTEMPATH\Commands\Server\rewrite.php(43): require_once('FCPATH\\index.php')
CRITICAL - 2022-09-11 23:39:23 --> Trying to access array offset on value of type null
in APPPATH\Views\dashboard\qr_code.php on line 41.
 1 APPPATH\Views\dashboard\qr_code.php(41): CodeIgniter\Debug\Exceptions->errorHandler(8, 'Trying to access array offset on value of type null', 'APPPATH\\Views\\dashboard\\qr_code.php', 41, [...])
 2 SYSTEMPATH\View\View.php(213): include('APPPATH\\Views\\dashboard\\qr_code.php')
 3 SYSTEMPATH\View\View.php(216): CodeIgniter\View\View->CodeIgniter\View\{closure}()
 4 SYSTEMPATH\Common.php(1135): CodeIgniter\View\View->render('dashboard/qr_code', [], true)
 5 APPPATH\Controllers\Dashboard.php(211): view('dashboard/qr_code', [...])
 6 SYSTEMPATH\CodeIgniter.php(896): App\Controllers\Dashboard->qr_code('FCPATH\\js', 'jsfunctions.js')
 7 SYSTEMPATH\CodeIgniter.php(466): CodeIgniter\CodeIgniter->runController(Object(App\Controllers\Dashboard))
 8 SYSTEMPATH\CodeIgniter.php(349): CodeIgniter\CodeIgniter->handleRequest(null, Object(Config\Cache), false)
 9 FCPATH\index.php(55): CodeIgniter\CodeIgniter->run()
10 SYSTEMPATH\Commands\Server\rewrite.php(43): require_once('FCPATH\\index.php')
CRITICAL - 2022-09-11 23:39:23 --> Trying to access array offset on value of type null
in APPPATH\Views\dashboard\qr_code.php on line 41.
 1 APPPATH\Views\dashboard\qr_code.php(41): CodeIgniter\Debug\Exceptions->errorHandler(8, 'Trying to access array offset on value of type null', 'APPPATH\\Views\\dashboard\\qr_code.php', 41, [...])
 2 SYSTEMPATH\View\View.php(213): include('APPPATH\\Views\\dashboard\\qr_code.php')
 3 SYSTEMPATH\View\View.php(216): CodeIgniter\View\View->CodeIgniter\View\{closure}()
 4 SYSTEMPATH\Common.php(1135): CodeIgniter\View\View->render('dashboard/qr_code', [], true)
 5 APPPATH\Controllers\Dashboard.php(211): view('dashboard/qr_code', [...])
 6 SYSTEMPATH\CodeIgniter.php(896): App\Controllers\Dashboard->qr_code('FCPATH\\js', 'qrcode.js')
 7 SYSTEMPATH\CodeIgniter.php(466): CodeIgniter\CodeIgniter->runController(Object(App\Controllers\Dashboard))
 8 SYSTEMPATH\CodeIgniter.php(349): CodeIgniter\CodeIgniter->handleRequest(null, Object(Config\Cache), false)
 9 FCPATH\index.php(55): CodeIgniter\CodeIgniter->run()
10 SYSTEMPATH\Commands\Server\rewrite.php(43): require_once('FCPATH\\index.php')
CRITICAL - 2022-09-11 23:39:46 --> Trying to access array offset on value of type null
in APPPATH\Views\dashboard\qr_code.php on line 41.
 1 APPPATH\Views\dashboard\qr_code.php(41): CodeIgniter\Debug\Exceptions->errorHandler(8, 'Trying to access array offset on value of type null', 'APPPATH\\Views\\dashboard\\qr_code.php', 41, [...])
 2 SYSTEMPATH\View\View.php(213): include('APPPATH\\Views\\dashboard\\qr_code.php')
 3 SYSTEMPATH\View\View.php(216): CodeIgniter\View\View->CodeIgniter\View\{closure}()
 4 SYSTEMPATH\Common.php(1135): CodeIgniter\View\View->render('dashboard/qr_code', [], true)
 5 APPPATH\Controllers\Dashboard.php(211): view('dashboard/qr_code', [...])
 6 SYSTEMPATH\CodeIgniter.php(896): App\Controllers\Dashboard->qr_code('FCPATH\\js', 'jsfunctions.js')
 7 SYSTEMPATH\CodeIgniter.php(466): CodeIgniter\CodeIgniter->runController(Object(App\Controllers\Dashboard))
 8 SYSTEMPATH\CodeIgniter.php(349): CodeIgniter\CodeIgniter->handleRequest(null, Object(Config\Cache), false)
 9 FCPATH\index.php(55): CodeIgniter\CodeIgniter->run()
10 SYSTEMPATH\Commands\Server\rewrite.php(43): require_once('FCPATH\\index.php')
CRITICAL - 2022-09-11 23:39:46 --> Trying to access array offset on value of type null
in APPPATH\Views\dashboard\qr_code.php on line 41.
 1 APPPATH\Views\dashboard\qr_code.php(41): CodeIgniter\Debug\Exceptions->errorHandler(8, 'Trying to access array offset on value of type null', 'APPPATH\\Views\\dashboard\\qr_code.php', 41, [...])
 2 SYSTEMPATH\View\View.php(213): include('APPPATH\\Views\\dashboard\\qr_code.php')
 3 SYSTEMPATH\View\View.php(216): CodeIgniter\View\View->CodeIgniter\View\{closure}()
 4 SYSTEMPATH\Common.php(1135): CodeIgniter\View\View->render('dashboard/qr_code', [], true)
 5 APPPATH\Controllers\Dashboard.php(211): view('dashboard/qr_code', [...])
 6 SYSTEMPATH\CodeIgniter.php(896): App\Controllers\Dashboard->qr_code('FCPATH\\js', 'qrcode.js')
 7 SYSTEMPATH\CodeIgniter.php(466): CodeIgniter\CodeIgniter->runController(Object(App\Controllers\Dashboard))
 8 SYSTEMPATH\CodeIgniter.php(349): CodeIgniter\CodeIgniter->handleRequest(null, Object(Config\Cache), false)
 9 FCPATH\index.php(55): CodeIgniter\CodeIgniter->run()
10 SYSTEMPATH\Commands\Server\rewrite.php(43): require_once('FCPATH\\index.php')
CRITICAL - 2022-09-11 23:40:02 --> Trying to access array offset on value of type null
in APPPATH\Views\dashboard\qr_code.php on line 41.
 1 APPPATH\Views\dashboard\qr_code.php(41): CodeIgniter\Debug\Exceptions->errorHandler(8, 'Trying to access array offset on value of type null', 'APPPATH\\Views\\dashboard\\qr_code.php', 41, [...])
 2 SYSTEMPATH\View\View.php(213): include('APPPATH\\Views\\dashboard\\qr_code.php')
 3 SYSTEMPATH\View\View.php(216): CodeIgniter\View\View->CodeIgniter\View\{closure}()
 4 SYSTEMPATH\Common.php(1135): CodeIgniter\View\View->render('dashboard/qr_code', [], true)
 5 APPPATH\Controllers\Dashboard.php(211): view('dashboard/qr_code', [...])
 6 SYSTEMPATH\CodeIgniter.php(896): App\Controllers\Dashboard->qr_code('FCPATH\\js', 'jsfunctions.js')
 7 SYSTEMPATH\CodeIgniter.php(466): CodeIgniter\CodeIgniter->runController(Object(App\Controllers\Dashboard))
 8 SYSTEMPATH\CodeIgniter.php(349): CodeIgniter\CodeIgniter->handleRequest(null, Object(Config\Cache), false)
 9 FCPATH\index.php(55): CodeIgniter\CodeIgniter->run()
10 SYSTEMPATH\Commands\Server\rewrite.php(43): require_once('FCPATH\\index.php')
CRITICAL - 2022-09-11 23:40:02 --> Trying to access array offset on value of type null
in APPPATH\Views\dashboard\qr_code.php on line 41.
 1 APPPATH\Views\dashboard\qr_code.php(41): CodeIgniter\Debug\Exceptions->errorHandler(8, 'Trying to access array offset on value of type null', 'APPPATH\\Views\\dashboard\\qr_code.php', 41, [...])
 2 SYSTEMPATH\View\View.php(213): include('APPPATH\\Views\\dashboard\\qr_code.php')
 3 SYSTEMPATH\View\View.php(216): CodeIgniter\View\View->CodeIgniter\View\{closure}()
 4 SYSTEMPATH\Common.php(1135): CodeIgniter\View\View->render('dashboard/qr_code', [], true)
 5 APPPATH\Controllers\Dashboard.php(211): view('dashboard/qr_code', [...])
 6 SYSTEMPATH\CodeIgniter.php(896): App\Controllers\Dashboard->qr_code('FCPATH\\js', 'qrcode.js')
 7 SYSTEMPATH\CodeIgniter.php(466): CodeIgniter\CodeIgniter->runController(Object(App\Controllers\Dashboard))
 8 SYSTEMPATH\CodeIgniter.php(349): CodeIgniter\CodeIgniter->handleRequest(null, Object(Config\Cache), false)
 9 FCPATH\index.php(55): CodeIgniter\CodeIgniter->run()
10 SYSTEMPATH\Commands\Server\rewrite.php(43): require_once('FCPATH\\index.php')
CRITICAL - 2022-09-11 23:40:15 --> Trying to access array offset on value of type null
in APPPATH\Views\dashboard\qr_code.php on line 41.
 1 APPPATH\Views\dashboard\qr_code.php(41): CodeIgniter\Debug\Exceptions->errorHandler(8, 'Trying to access array offset on value of type null', 'APPPATH\\Views\\dashboard\\qr_code.php', 41, [...])
 2 SYSTEMPATH\View\View.php(213): include('APPPATH\\Views\\dashboard\\qr_code.php')
 3 SYSTEMPATH\View\View.php(216): CodeIgniter\View\View->CodeIgniter\View\{closure}()
 4 SYSTEMPATH\Common.php(1135): CodeIgniter\View\View->render('dashboard/qr_code', [], true)
 5 APPPATH\Controllers\Dashboard.php(211): view('dashboard/qr_code', [...])
 6 SYSTEMPATH\CodeIgniter.php(896): App\Controllers\Dashboard->qr_code('FCPATH\\js', 'jsfunctions.js')
 7 SYSTEMPATH\CodeIgniter.php(466): CodeIgniter\CodeIgniter->runController(Object(App\Controllers\Dashboard))
 8 SYSTEMPATH\CodeIgniter.php(349): CodeIgniter\CodeIgniter->handleRequest(null, Object(Config\Cache), false)
 9 FCPATH\index.php(55): CodeIgniter\CodeIgniter->run()
10 SYSTEMPATH\Commands\Server\rewrite.php(43): require_once('FCPATH\\index.php')
CRITICAL - 2022-09-11 23:40:15 --> Trying to access array offset on value of type null
in APPPATH\Views\dashboard\qr_code.php on line 41.
 1 APPPATH\Views\dashboard\qr_code.php(41): CodeIgniter\Debug\Exceptions->errorHandler(8, 'Trying to access array offset on value of type null', 'APPPATH\\Views\\dashboard\\qr_code.php', 41, [...])
 2 SYSTEMPATH\View\View.php(213): include('APPPATH\\Views\\dashboard\\qr_code.php')
 3 SYSTEMPATH\View\View.php(216): CodeIgniter\View\View->CodeIgniter\View\{closure}()
 4 SYSTEMPATH\Common.php(1135): CodeIgniter\View\View->render('dashboard/qr_code', [], true)
 5 APPPATH\Controllers\Dashboard.php(211): view('dashboard/qr_code', [...])
 6 SYSTEMPATH\CodeIgniter.php(896): App\Controllers\Dashboard->qr_code('FCPATH\\js', 'qrcode.js')
 7 SYSTEMPATH\CodeIgniter.php(466): CodeIgniter\CodeIgniter->runController(Object(App\Controllers\Dashboard))
 8 SYSTEMPATH\CodeIgniter.php(349): CodeIgniter\CodeIgniter->handleRequest(null, Object(Config\Cache), false)
 9 FCPATH\index.php(55): CodeIgniter\CodeIgniter->run()
10 SYSTEMPATH\Commands\Server\rewrite.php(43): require_once('FCPATH\\index.php')
CRITICAL - 2022-09-11 23:43:48 --> syntax error, unexpected 'echo' (T_ECHO)
in APPPATH\Views\dashboard\qr_code.php on line 5.
 1 SYSTEMPATH\View\View.php(216): CodeIgniter\View\View->CodeIgniter\View\{closure}()
 2 SYSTEMPATH\Common.php(1135): CodeIgniter\View\View->render('dashboard/qr_code', [], true)
 3 APPPATH\Controllers\Dashboard.php(211): view('dashboard/qr_code', [...])
 4 SYSTEMPATH\CodeIgniter.php(896): App\Controllers\Dashboard->qr_code('2871')
 5 SYSTEMPATH\CodeIgniter.php(466): CodeIgniter\CodeIgniter->runController(Object(App\Controllers\Dashboard))
 6 SYSTEMPATH\CodeIgniter.php(349): CodeIgniter\CodeIgniter->handleRequest(null, Object(Config\Cache), false)
 7 FCPATH\index.php(55): CodeIgniter\CodeIgniter->run()
 8 SYSTEMPATH\Commands\Server\rewrite.php(43): require_once('FCPATH\\index.php')
