ERROR - 2025-09-07 00:56:24 --> Error connecting to the database: mysqli_sql_exception: No connection could be made because the target machine actively refused it in D:\Project\CodeIgniter\Full Panel dr CPANEL\panel_kopma\vendor\codeigniter4\framework\system\Database\MySQLi\Connection.php:170
Stack trace:
#0 D:\Project\CodeIgniter\Full Panel dr CPANEL\panel_kopma\vendor\codeigniter4\framework\system\Database\MySQLi\Connection.php(170): mysqli->real_connect()
#1 D:\Project\CodeIgniter\Full Panel dr CPANEL\panel_kopma\vendor\codeigniter4\framework\system\Database\BaseConnection.php(382): CodeIgniter\Database\MySQLi\Connection->connect()
#2 D:\Project\CodeIgniter\Full Panel dr CPANEL\panel_kopma\vendor\codeigniter4\framework\system\Database\BaseConnection.php(588): CodeIgniter\Database\BaseConnection->initialize()
#3 D:\Project\CodeIgniter\Full Panel dr CPANEL\panel_kopma\vendor\codeigniter4\framework\system\Database\BaseBuilder.php(1585): CodeIgniter\Database\BaseConnection->query()
#4 D:\Project\CodeIgniter\Full Panel dr CPANEL\panel_kopma\vendor\codeigniter4\framework\system\Model.php(250): CodeIgniter\Database\BaseBuilder->get()
#5 D:\Project\CodeIgniter\Full Panel dr CPANEL\panel_kopma\vendor\codeigniter4\framework\system\BaseModel.php(622): CodeIgniter\Model->doFirst()
#6 D:\Project\CodeIgniter\Full Panel dr CPANEL\panel_kopma\vendor\myth\auth\src\Authentication\LocalAuthenticator.php(140): CodeIgniter\BaseModel->first()
#7 D:\Project\CodeIgniter\Full Panel dr CPANEL\panel_kopma\vendor\myth\auth\src\Authentication\LocalAuthenticator.php(19): Myth\Auth\Authentication\LocalAuthenticator->validate()
#8 D:\Project\CodeIgniter\Full Panel dr CPANEL\panel_kopma\vendor\myth\auth\src\Controllers\AuthController.php(91): Myth\Auth\Authentication\LocalAuthenticator->attempt()
#9 D:\Project\CodeIgniter\Full Panel dr CPANEL\panel_kopma\vendor\codeigniter4\framework\system\CodeIgniter.php(907): Myth\Auth\Controllers\AuthController->attemptLogin()
#10 D:\Project\CodeIgniter\Full Panel dr CPANEL\panel_kopma\vendor\codeigniter4\framework\system\CodeIgniter.php(457): CodeIgniter\CodeIgniter->runController()
#11 D:\Project\CodeIgniter\Full Panel dr CPANEL\panel_kopma\vendor\codeigniter4\framework\system\CodeIgniter.php(340): CodeIgniter\CodeIgniter->handleRequest()
#12 D:\Project\CodeIgniter\Full Panel dr CPANEL\panel_kopma\public\index.php(55): CodeIgniter\CodeIgniter->run()
#13 D:\Project\CodeIgniter\Full Panel dr CPANEL\panel_kopma\vendor\codeigniter4\framework\system\Commands\Server\rewrite.php(43): require_once('...')
#14 {main}

Next CodeIgniter\Database\Exceptions\DatabaseException: No connection could be made because the target machine actively refused it in D:\Project\CodeIgniter\Full Panel dr CPANEL\panel_kopma\vendor\codeigniter4\framework\system\Database\MySQLi\Connection.php:215
Stack trace:
#0 D:\Project\CodeIgniter\Full Panel dr CPANEL\panel_kopma\vendor\codeigniter4\framework\system\Database\BaseConnection.php(382): CodeIgniter\Database\MySQLi\Connection->connect()
#1 D:\Project\CodeIgniter\Full Panel dr CPANEL\panel_kopma\vendor\codeigniter4\framework\system\Database\BaseConnection.php(588): CodeIgniter\Database\BaseConnection->initialize()
#2 D:\Project\CodeIgniter\Full Panel dr CPANEL\panel_kopma\vendor\codeigniter4\framework\system\Database\BaseBuilder.php(1585): CodeIgniter\Database\BaseConnection->query()
#3 D:\Project\CodeIgniter\Full Panel dr CPANEL\panel_kopma\vendor\codeigniter4\framework\system\Model.php(250): CodeIgniter\Database\BaseBuilder->get()
#4 D:\Project\CodeIgniter\Full Panel dr CPANEL\panel_kopma\vendor\codeigniter4\framework\system\BaseModel.php(622): CodeIgniter\Model->doFirst()
#5 D:\Project\CodeIgniter\Full Panel dr CPANEL\panel_kopma\vendor\myth\auth\src\Authentication\LocalAuthenticator.php(140): CodeIgniter\BaseModel->first()
#6 D:\Project\CodeIgniter\Full Panel dr CPANEL\panel_kopma\vendor\myth\auth\src\Authentication\LocalAuthenticator.php(19): Myth\Auth\Authentication\LocalAuthenticator->validate()
#7 D:\Project\CodeIgniter\Full Panel dr CPANEL\panel_kopma\vendor\myth\auth\src\Controllers\AuthController.php(91): Myth\Auth\Authentication\LocalAuthenticator->attempt()
#8 D:\Project\CodeIgniter\Full Panel dr CPANEL\panel_kopma\vendor\codeigniter4\framework\system\CodeIgniter.php(907): Myth\Auth\Controllers\AuthController->attemptLogin()
#9 D:\Project\CodeIgniter\Full Panel dr CPANEL\panel_kopma\vendor\codeigniter4\framework\system\CodeIgniter.php(457): CodeIgniter\CodeIgniter->runController()
#10 D:\Project\CodeIgniter\Full Panel dr CPANEL\panel_kopma\vendor\codeigniter4\framework\system\CodeIgniter.php(340): CodeIgniter\CodeIgniter->handleRequest()
#11 D:\Project\CodeIgniter\Full Panel dr CPANEL\panel_kopma\public\index.php(55): CodeIgniter\CodeIgniter->run()
#12 D:\Project\CodeIgniter\Full Panel dr CPANEL\panel_kopma\vendor\codeigniter4\framework\system\Commands\Server\rewrite.php(43): require_once('...')
#13 {main}
CRITICAL - 2025-09-07 00:56:24 --> Unable to connect to the database.
Main connection [MySQLi]: No connection could be made because the target machine actively refused it
in SYSTEMPATH\Database\BaseConnection.php on line 418.
 1 SYSTEMPATH\Database\BaseConnection.php(588): CodeIgniter\Database\BaseConnection->initialize()
 2 SYSTEMPATH\Database\BaseBuilder.php(1585): CodeIgniter\Database\BaseConnection->query()
 3 SYSTEMPATH\Model.php(250): CodeIgniter\Database\BaseBuilder->get()
 4 SYSTEMPATH\BaseModel.php(622): CodeIgniter\Model->doFirst()
 5 VENDORPATH\myth\auth\src\Authentication\LocalAuthenticator.php(140): CodeIgniter\BaseModel->first()
 6 VENDORPATH\myth\auth\src\Authentication\LocalAuthenticator.php(19): Myth\Auth\Authentication\LocalAuthenticator->validate()
 7 VENDORPATH\myth\auth\src\Controllers\AuthController.php(91): Myth\Auth\Authentication\LocalAuthenticator->attempt()
 8 SYSTEMPATH\CodeIgniter.php(907): Myth\Auth\Controllers\AuthController->attemptLogin()
 9 SYSTEMPATH\CodeIgniter.php(457): CodeIgniter\CodeIgniter->runController()
10 SYSTEMPATH\CodeIgniter.php(340): CodeIgniter\CodeIgniter->handleRequest()
11 FCPATH\index.php(55): CodeIgniter\CodeIgniter->run()
12 SYSTEMPATH\Commands\Server\rewrite.php(43): require_once('FCPATH\\index.php')
CRITICAL - 2025-09-07 01:36:21 --> Undefined property: App\Controllers\Psda::$alumniModel
in APPPATH\Controllers\Psda.php on line 275.
 1 APPPATH\Controllers\Psda.php(275): CodeIgniter\Debug\Exceptions->errorHandler()
 2 SYSTEMPATH\CodeIgniter.php(907): App\Controllers\Psda->update_anggota()
 3 SYSTEMPATH\CodeIgniter.php(457): CodeIgniter\CodeIgniter->runController()
 4 SYSTEMPATH\CodeIgniter.php(340): CodeIgniter\CodeIgniter->handleRequest()
 5 FCPATH\index.php(55): CodeIgniter\CodeIgniter->run()
 6 SYSTEMPATH\Commands\Server\rewrite.php(43): require_once('FCPATH\\index.php')
CRITICAL - 2025-09-07 01:37:40 --> Call to a member function insert() on null
in APPPATH\Controllers\Psda.php on line 277.
 1 SYSTEMPATH\CodeIgniter.php(907): App\Controllers\Psda->update_anggota()
 2 SYSTEMPATH\CodeIgniter.php(457): CodeIgniter\CodeIgniter->runController()
 3 SYSTEMPATH\CodeIgniter.php(340): CodeIgniter\CodeIgniter->handleRequest()
 4 FCPATH\index.php(55): CodeIgniter\CodeIgniter->run()
 5 SYSTEMPATH\Commands\Server\rewrite.php(43): require_once('FCPATH\\index.php')
ERROR - 2025-09-07 01:43:02 --> mysqli_sql_exception: Table 'data_anggota' already exists in D:\Project\CodeIgniter\Full Panel dr CPANEL\panel_kopma\vendor\codeigniter4\framework\system\Database\MySQLi\Connection.php:292
Stack trace:
#0 D:\Project\CodeIgniter\Full Panel dr CPANEL\panel_kopma\vendor\codeigniter4\framework\system\Database\MySQLi\Connection.php(292): mysqli->query()
#1 D:\Project\CodeIgniter\Full Panel dr CPANEL\panel_kopma\vendor\codeigniter4\framework\system\Database\BaseConnection.php(693): CodeIgniter\Database\MySQLi\Connection->execute()
#2 D:\Project\CodeIgniter\Full Panel dr CPANEL\panel_kopma\vendor\codeigniter4\framework\system\Database\BaseConnection.php(620): CodeIgniter\Database\BaseConnection->simpleQuery()
#3 D:\Project\CodeIgniter\Full Panel dr CPANEL\panel_kopma\vendor\codeigniter4\framework\system\Database\Forge.php(509): CodeIgniter\Database\BaseConnection->query()
#4 D:\Project\CodeIgniter\Full Panel dr CPANEL\panel_kopma\app\Database\Migrations\2023-01-01-123612_MainTable.php(128): CodeIgniter\Database\Forge->createTable()
#5 D:\Project\CodeIgniter\Full Panel dr CPANEL\panel_kopma\vendor\codeigniter4\framework\system\Database\MigrationRunner.php(868): App\Database\Migrations\MainTable->up()
#6 D:\Project\CodeIgniter\Full Panel dr CPANEL\panel_kopma\vendor\codeigniter4\framework\system\Database\MigrationRunner.php(187): CodeIgniter\Database\MigrationRunner->migrate()
#7 D:\Project\CodeIgniter\Full Panel dr CPANEL\panel_kopma\vendor\codeigniter4\framework\system\Commands\Database\Migrate.php(84): CodeIgniter\Database\MigrationRunner->latest()
#8 D:\Project\CodeIgniter\Full Panel dr CPANEL\panel_kopma\vendor\codeigniter4\framework\system\CLI\Commands.php(63): CodeIgniter\Commands\Database\Migrate->run()
#9 D:\Project\CodeIgniter\Full Panel dr CPANEL\panel_kopma\vendor\codeigniter4\framework\system\CLI\BaseCommand.php(112): CodeIgniter\CLI\Commands->run()
#10 D:\Project\CodeIgniter\Full Panel dr CPANEL\panel_kopma\vendor\codeigniter4\framework\system\Commands\Database\MigrateRefresh.php(85): CodeIgniter\CLI\BaseCommand->call()
#11 D:\Project\CodeIgniter\Full Panel dr CPANEL\panel_kopma\vendor\codeigniter4\framework\system\CLI\Commands.php(63): CodeIgniter\Commands\Database\MigrateRefresh->run()
#12 D:\Project\CodeIgniter\Full Panel dr CPANEL\panel_kopma\vendor\codeigniter4\framework\system\CLI\CommandRunner.php(65): CodeIgniter\CLI\Commands->run()
#13 D:\Project\CodeIgniter\Full Panel dr CPANEL\panel_kopma\vendor\codeigniter4\framework\system\CLI\CommandRunner.php(51): CodeIgniter\CLI\CommandRunner->index()
#14 D:\Project\CodeIgniter\Full Panel dr CPANEL\panel_kopma\vendor\codeigniter4\framework\system\CodeIgniter.php(900): CodeIgniter\CLI\CommandRunner->_remap()
#15 D:\Project\CodeIgniter\Full Panel dr CPANEL\panel_kopma\vendor\codeigniter4\framework\system\CodeIgniter.php(457): CodeIgniter\CodeIgniter->runController()
#16 D:\Project\CodeIgniter\Full Panel dr CPANEL\panel_kopma\vendor\codeigniter4\framework\system\CodeIgniter.php(336): CodeIgniter\CodeIgniter->handleRequest()
#17 D:\Project\CodeIgniter\Full Panel dr CPANEL\panel_kopma\vendor\codeigniter4\framework\system\CLI\Console.php(48): CodeIgniter\CodeIgniter->run()
#18 D:\Project\CodeIgniter\Full Panel dr CPANEL\panel_kopma\spark(86): CodeIgniter\CLI\Console->run()
#19 {main}
ERROR - 2025-09-07 01:43:15 --> mysqli_sql_exception: Table 'fakultas' already exists in D:\Project\CodeIgniter\Full Panel dr CPANEL\panel_kopma\vendor\codeigniter4\framework\system\Database\MySQLi\Connection.php:292
Stack trace:
#0 D:\Project\CodeIgniter\Full Panel dr CPANEL\panel_kopma\vendor\codeigniter4\framework\system\Database\MySQLi\Connection.php(292): mysqli->query()
#1 D:\Project\CodeIgniter\Full Panel dr CPANEL\panel_kopma\vendor\codeigniter4\framework\system\Database\BaseConnection.php(693): CodeIgniter\Database\MySQLi\Connection->execute()
#2 D:\Project\CodeIgniter\Full Panel dr CPANEL\panel_kopma\vendor\codeigniter4\framework\system\Database\BaseConnection.php(620): CodeIgniter\Database\BaseConnection->simpleQuery()
#3 D:\Project\CodeIgniter\Full Panel dr CPANEL\panel_kopma\vendor\codeigniter4\framework\system\Database\Forge.php(509): CodeIgniter\Database\BaseConnection->query()
#4 D:\Project\CodeIgniter\Full Panel dr CPANEL\panel_kopma\app\Database\Migrations\2023-01-01-123612_MainTable.php(36): CodeIgniter\Database\Forge->createTable()
#5 D:\Project\CodeIgniter\Full Panel dr CPANEL\panel_kopma\vendor\codeigniter4\framework\system\Database\MigrationRunner.php(868): App\Database\Migrations\MainTable->up()
#6 D:\Project\CodeIgniter\Full Panel dr CPANEL\panel_kopma\vendor\codeigniter4\framework\system\Database\MigrationRunner.php(187): CodeIgniter\Database\MigrationRunner->migrate()
#7 D:\Project\CodeIgniter\Full Panel dr CPANEL\panel_kopma\vendor\codeigniter4\framework\system\Commands\Database\Migrate.php(84): CodeIgniter\Database\MigrationRunner->latest()
#8 D:\Project\CodeIgniter\Full Panel dr CPANEL\panel_kopma\vendor\codeigniter4\framework\system\CLI\Commands.php(63): CodeIgniter\Commands\Database\Migrate->run()
#9 D:\Project\CodeIgniter\Full Panel dr CPANEL\panel_kopma\vendor\codeigniter4\framework\system\CLI\CommandRunner.php(65): CodeIgniter\CLI\Commands->run()
#10 D:\Project\CodeIgniter\Full Panel dr CPANEL\panel_kopma\vendor\codeigniter4\framework\system\CLI\CommandRunner.php(51): CodeIgniter\CLI\CommandRunner->index()
#11 D:\Project\CodeIgniter\Full Panel dr CPANEL\panel_kopma\vendor\codeigniter4\framework\system\CodeIgniter.php(900): CodeIgniter\CLI\CommandRunner->_remap()
#12 D:\Project\CodeIgniter\Full Panel dr CPANEL\panel_kopma\vendor\codeigniter4\framework\system\CodeIgniter.php(457): CodeIgniter\CodeIgniter->runController()
#13 D:\Project\CodeIgniter\Full Panel dr CPANEL\panel_kopma\vendor\codeigniter4\framework\system\CodeIgniter.php(336): CodeIgniter\CodeIgniter->handleRequest()
#14 D:\Project\CodeIgniter\Full Panel dr CPANEL\panel_kopma\vendor\codeigniter4\framework\system\CLI\Console.php(48): CodeIgniter\CodeIgniter->run()
#15 D:\Project\CodeIgniter\Full Panel dr CPANEL\panel_kopma\spark(86): CodeIgniter\CLI\Console->run()
#16 {main}
ERROR - 2025-09-07 01:43:40 --> mysqli_sql_exception: Table 'fakultas' already exists in D:\Project\CodeIgniter\Full Panel dr CPANEL\panel_kopma\vendor\codeigniter4\framework\system\Database\MySQLi\Connection.php:292
Stack trace:
#0 D:\Project\CodeIgniter\Full Panel dr CPANEL\panel_kopma\vendor\codeigniter4\framework\system\Database\MySQLi\Connection.php(292): mysqli->query()
#1 D:\Project\CodeIgniter\Full Panel dr CPANEL\panel_kopma\vendor\codeigniter4\framework\system\Database\BaseConnection.php(693): CodeIgniter\Database\MySQLi\Connection->execute()
#2 D:\Project\CodeIgniter\Full Panel dr CPANEL\panel_kopma\vendor\codeigniter4\framework\system\Database\BaseConnection.php(620): CodeIgniter\Database\BaseConnection->simpleQuery()
#3 D:\Project\CodeIgniter\Full Panel dr CPANEL\panel_kopma\vendor\codeigniter4\framework\system\Database\Forge.php(509): CodeIgniter\Database\BaseConnection->query()
#4 D:\Project\CodeIgniter\Full Panel dr CPANEL\panel_kopma\app\Database\Migrations\2023-01-01-123612_MainTable.php(36): CodeIgniter\Database\Forge->createTable()
#5 D:\Project\CodeIgniter\Full Panel dr CPANEL\panel_kopma\vendor\codeigniter4\framework\system\Database\MigrationRunner.php(868): App\Database\Migrations\MainTable->up()
#6 D:\Project\CodeIgniter\Full Panel dr CPANEL\panel_kopma\vendor\codeigniter4\framework\system\Database\MigrationRunner.php(187): CodeIgniter\Database\MigrationRunner->migrate()
#7 D:\Project\CodeIgniter\Full Panel dr CPANEL\panel_kopma\vendor\codeigniter4\framework\system\Commands\Database\Migrate.php(84): CodeIgniter\Database\MigrationRunner->latest()
#8 D:\Project\CodeIgniter\Full Panel dr CPANEL\panel_kopma\vendor\codeigniter4\framework\system\CLI\Commands.php(63): CodeIgniter\Commands\Database\Migrate->run()
#9 D:\Project\CodeIgniter\Full Panel dr CPANEL\panel_kopma\vendor\codeigniter4\framework\system\CLI\BaseCommand.php(112): CodeIgniter\CLI\Commands->run()
#10 D:\Project\CodeIgniter\Full Panel dr CPANEL\panel_kopma\vendor\codeigniter4\framework\system\Commands\Database\MigrateRefresh.php(85): CodeIgniter\CLI\BaseCommand->call()
#11 D:\Project\CodeIgniter\Full Panel dr CPANEL\panel_kopma\vendor\codeigniter4\framework\system\CLI\Commands.php(63): CodeIgniter\Commands\Database\MigrateRefresh->run()
#12 D:\Project\CodeIgniter\Full Panel dr CPANEL\panel_kopma\vendor\codeigniter4\framework\system\CLI\CommandRunner.php(65): CodeIgniter\CLI\Commands->run()
#13 D:\Project\CodeIgniter\Full Panel dr CPANEL\panel_kopma\vendor\codeigniter4\framework\system\CLI\CommandRunner.php(51): CodeIgniter\CLI\CommandRunner->index()
#14 D:\Project\CodeIgniter\Full Panel dr CPANEL\panel_kopma\vendor\codeigniter4\framework\system\CodeIgniter.php(900): CodeIgniter\CLI\CommandRunner->_remap()
#15 D:\Project\CodeIgniter\Full Panel dr CPANEL\panel_kopma\vendor\codeigniter4\framework\system\CodeIgniter.php(457): CodeIgniter\CodeIgniter->runController()
#16 D:\Project\CodeIgniter\Full Panel dr CPANEL\panel_kopma\vendor\codeigniter4\framework\system\CodeIgniter.php(336): CodeIgniter\CodeIgniter->handleRequest()
#17 D:\Project\CodeIgniter\Full Panel dr CPANEL\panel_kopma\vendor\codeigniter4\framework\system\CLI\Console.php(48): CodeIgniter\CodeIgniter->run()
#18 D:\Project\CodeIgniter\Full Panel dr CPANEL\panel_kopma\spark(86): CodeIgniter\CLI\Console->run()
#19 {main}
ERROR - 2025-09-07 01:44:53 --> mysqli_sql_exception: Table 'jurusan' already exists in D:\Project\CodeIgniter\Full Panel dr CPANEL\panel_kopma\vendor\codeigniter4\framework\system\Database\MySQLi\Connection.php:292
Stack trace:
#0 D:\Project\CodeIgniter\Full Panel dr CPANEL\panel_kopma\vendor\codeigniter4\framework\system\Database\MySQLi\Connection.php(292): mysqli->query()
#1 D:\Project\CodeIgniter\Full Panel dr CPANEL\panel_kopma\vendor\codeigniter4\framework\system\Database\BaseConnection.php(693): CodeIgniter\Database\MySQLi\Connection->execute()
#2 D:\Project\CodeIgniter\Full Panel dr CPANEL\panel_kopma\vendor\codeigniter4\framework\system\Database\BaseConnection.php(620): CodeIgniter\Database\BaseConnection->simpleQuery()
#3 D:\Project\CodeIgniter\Full Panel dr CPANEL\panel_kopma\vendor\codeigniter4\framework\system\Database\Forge.php(509): CodeIgniter\Database\BaseConnection->query()
#4 D:\Project\CodeIgniter\Full Panel dr CPANEL\panel_kopma\app\Database\Migrations\2023-01-01-123612_MainTable.php(68): CodeIgniter\Database\Forge->createTable()
#5 D:\Project\CodeIgniter\Full Panel dr CPANEL\panel_kopma\vendor\codeigniter4\framework\system\Database\MigrationRunner.php(868): App\Database\Migrations\MainTable->up()
#6 D:\Project\CodeIgniter\Full Panel dr CPANEL\panel_kopma\vendor\codeigniter4\framework\system\Database\MigrationRunner.php(187): CodeIgniter\Database\MigrationRunner->migrate()
#7 D:\Project\CodeIgniter\Full Panel dr CPANEL\panel_kopma\vendor\codeigniter4\framework\system\Commands\Database\Migrate.php(84): CodeIgniter\Database\MigrationRunner->latest()
#8 D:\Project\CodeIgniter\Full Panel dr CPANEL\panel_kopma\vendor\codeigniter4\framework\system\CLI\Commands.php(63): CodeIgniter\Commands\Database\Migrate->run()
#9 D:\Project\CodeIgniter\Full Panel dr CPANEL\panel_kopma\vendor\codeigniter4\framework\system\CLI\BaseCommand.php(112): CodeIgniter\CLI\Commands->run()
#10 D:\Project\CodeIgniter\Full Panel dr CPANEL\panel_kopma\vendor\codeigniter4\framework\system\Commands\Database\MigrateRefresh.php(85): CodeIgniter\CLI\BaseCommand->call()
#11 D:\Project\CodeIgniter\Full Panel dr CPANEL\panel_kopma\vendor\codeigniter4\framework\system\CLI\Commands.php(63): CodeIgniter\Commands\Database\MigrateRefresh->run()
#12 D:\Project\CodeIgniter\Full Panel dr CPANEL\panel_kopma\vendor\codeigniter4\framework\system\CLI\CommandRunner.php(65): CodeIgniter\CLI\Commands->run()
#13 D:\Project\CodeIgniter\Full Panel dr CPANEL\panel_kopma\vendor\codeigniter4\framework\system\CLI\CommandRunner.php(51): CodeIgniter\CLI\CommandRunner->index()
#14 D:\Project\CodeIgniter\Full Panel dr CPANEL\panel_kopma\vendor\codeigniter4\framework\system\CodeIgniter.php(900): CodeIgniter\CLI\CommandRunner->_remap()
#15 D:\Project\CodeIgniter\Full Panel dr CPANEL\panel_kopma\vendor\codeigniter4\framework\system\CodeIgniter.php(457): CodeIgniter\CodeIgniter->runController()
#16 D:\Project\CodeIgniter\Full Panel dr CPANEL\panel_kopma\vendor\codeigniter4\framework\system\CodeIgniter.php(336): CodeIgniter\CodeIgniter->handleRequest()
#17 D:\Project\CodeIgniter\Full Panel dr CPANEL\panel_kopma\vendor\codeigniter4\framework\system\CLI\Console.php(48): CodeIgniter\CodeIgniter->run()
#18 D:\Project\CodeIgniter\Full Panel dr CPANEL\panel_kopma\spark(86): CodeIgniter\CLI\Console->run()
#19 {main}
ERROR - 2025-09-07 01:45:03 --> mysqli_sql_exception: Table 'data_anggota' already exists in D:\Project\CodeIgniter\Full Panel dr CPANEL\panel_kopma\vendor\codeigniter4\framework\system\Database\MySQLi\Connection.php:292
Stack trace:
#0 D:\Project\CodeIgniter\Full Panel dr CPANEL\panel_kopma\vendor\codeigniter4\framework\system\Database\MySQLi\Connection.php(292): mysqli->query()
#1 D:\Project\CodeIgniter\Full Panel dr CPANEL\panel_kopma\vendor\codeigniter4\framework\system\Database\BaseConnection.php(693): CodeIgniter\Database\MySQLi\Connection->execute()
#2 D:\Project\CodeIgniter\Full Panel dr CPANEL\panel_kopma\vendor\codeigniter4\framework\system\Database\BaseConnection.php(620): CodeIgniter\Database\BaseConnection->simpleQuery()
#3 D:\Project\CodeIgniter\Full Panel dr CPANEL\panel_kopma\vendor\codeigniter4\framework\system\Database\Forge.php(509): CodeIgniter\Database\BaseConnection->query()
#4 D:\Project\CodeIgniter\Full Panel dr CPANEL\panel_kopma\app\Database\Migrations\2023-01-01-123612_MainTable.php(128): CodeIgniter\Database\Forge->createTable()
#5 D:\Project\CodeIgniter\Full Panel dr CPANEL\panel_kopma\vendor\codeigniter4\framework\system\Database\MigrationRunner.php(868): App\Database\Migrations\MainTable->up()
#6 D:\Project\CodeIgniter\Full Panel dr CPANEL\panel_kopma\vendor\codeigniter4\framework\system\Database\MigrationRunner.php(187): CodeIgniter\Database\MigrationRunner->migrate()
#7 D:\Project\CodeIgniter\Full Panel dr CPANEL\panel_kopma\vendor\codeigniter4\framework\system\Commands\Database\Migrate.php(84): CodeIgniter\Database\MigrationRunner->latest()
#8 D:\Project\CodeIgniter\Full Panel dr CPANEL\panel_kopma\vendor\codeigniter4\framework\system\CLI\Commands.php(63): CodeIgniter\Commands\Database\Migrate->run()
#9 D:\Project\CodeIgniter\Full Panel dr CPANEL\panel_kopma\vendor\codeigniter4\framework\system\CLI\BaseCommand.php(112): CodeIgniter\CLI\Commands->run()
#10 D:\Project\CodeIgniter\Full Panel dr CPANEL\panel_kopma\vendor\codeigniter4\framework\system\Commands\Database\MigrateRefresh.php(85): CodeIgniter\CLI\BaseCommand->call()
#11 D:\Project\CodeIgniter\Full Panel dr CPANEL\panel_kopma\vendor\codeigniter4\framework\system\CLI\Commands.php(63): CodeIgniter\Commands\Database\MigrateRefresh->run()
#12 D:\Project\CodeIgniter\Full Panel dr CPANEL\panel_kopma\vendor\codeigniter4\framework\system\CLI\CommandRunner.php(65): CodeIgniter\CLI\Commands->run()
#13 D:\Project\CodeIgniter\Full Panel dr CPANEL\panel_kopma\vendor\codeigniter4\framework\system\CLI\CommandRunner.php(51): CodeIgniter\CLI\CommandRunner->index()
#14 D:\Project\CodeIgniter\Full Panel dr CPANEL\panel_kopma\vendor\codeigniter4\framework\system\CodeIgniter.php(900): CodeIgniter\CLI\CommandRunner->_remap()
#15 D:\Project\CodeIgniter\Full Panel dr CPANEL\panel_kopma\vendor\codeigniter4\framework\system\CodeIgniter.php(457): CodeIgniter\CodeIgniter->runController()
#16 D:\Project\CodeIgniter\Full Panel dr CPANEL\panel_kopma\vendor\codeigniter4\framework\system\CodeIgniter.php(336): CodeIgniter\CodeIgniter->handleRequest()
#17 D:\Project\CodeIgniter\Full Panel dr CPANEL\panel_kopma\vendor\codeigniter4\framework\system\CLI\Console.php(48): CodeIgniter\CodeIgniter->run()
#18 D:\Project\CodeIgniter\Full Panel dr CPANEL\panel_kopma\spark(86): CodeIgniter\CLI\Console->run()
#19 {main}
ERROR - 2025-09-07 01:45:21 --> mysqli_sql_exception: Table 'data_simpanan' already exists in D:\Project\CodeIgniter\Full Panel dr CPANEL\panel_kopma\vendor\codeigniter4\framework\system\Database\MySQLi\Connection.php:292
Stack trace:
#0 D:\Project\CodeIgniter\Full Panel dr CPANEL\panel_kopma\vendor\codeigniter4\framework\system\Database\MySQLi\Connection.php(292): mysqli->query()
#1 D:\Project\CodeIgniter\Full Panel dr CPANEL\panel_kopma\vendor\codeigniter4\framework\system\Database\BaseConnection.php(693): CodeIgniter\Database\MySQLi\Connection->execute()
#2 D:\Project\CodeIgniter\Full Panel dr CPANEL\panel_kopma\vendor\codeigniter4\framework\system\Database\BaseConnection.php(620): CodeIgniter\Database\BaseConnection->simpleQuery()
#3 D:\Project\CodeIgniter\Full Panel dr CPANEL\panel_kopma\vendor\codeigniter4\framework\system\Database\Forge.php(509): CodeIgniter\Database\BaseConnection->query()
#4 D:\Project\CodeIgniter\Full Panel dr CPANEL\panel_kopma\app\Database\Migrations\2023-01-01-123612_MainTable.php(160): CodeIgniter\Database\Forge->createTable()
#5 D:\Project\CodeIgniter\Full Panel dr CPANEL\panel_kopma\vendor\codeigniter4\framework\system\Database\MigrationRunner.php(868): App\Database\Migrations\MainTable->up()
#6 D:\Project\CodeIgniter\Full Panel dr CPANEL\panel_kopma\vendor\codeigniter4\framework\system\Database\MigrationRunner.php(187): CodeIgniter\Database\MigrationRunner->migrate()
#7 D:\Project\CodeIgniter\Full Panel dr CPANEL\panel_kopma\vendor\codeigniter4\framework\system\Commands\Database\Migrate.php(84): CodeIgniter\Database\MigrationRunner->latest()
#8 D:\Project\CodeIgniter\Full Panel dr CPANEL\panel_kopma\vendor\codeigniter4\framework\system\CLI\Commands.php(63): CodeIgniter\Commands\Database\Migrate->run()
#9 D:\Project\CodeIgniter\Full Panel dr CPANEL\panel_kopma\vendor\codeigniter4\framework\system\CLI\BaseCommand.php(112): CodeIgniter\CLI\Commands->run()
#10 D:\Project\CodeIgniter\Full Panel dr CPANEL\panel_kopma\vendor\codeigniter4\framework\system\Commands\Database\MigrateRefresh.php(85): CodeIgniter\CLI\BaseCommand->call()
#11 D:\Project\CodeIgniter\Full Panel dr CPANEL\panel_kopma\vendor\codeigniter4\framework\system\CLI\Commands.php(63): CodeIgniter\Commands\Database\MigrateRefresh->run()
#12 D:\Project\CodeIgniter\Full Panel dr CPANEL\panel_kopma\vendor\codeigniter4\framework\system\CLI\CommandRunner.php(65): CodeIgniter\CLI\Commands->run()
#13 D:\Project\CodeIgniter\Full Panel dr CPANEL\panel_kopma\vendor\codeigniter4\framework\system\CLI\CommandRunner.php(51): CodeIgniter\CLI\CommandRunner->index()
#14 D:\Project\CodeIgniter\Full Panel dr CPANEL\panel_kopma\vendor\codeigniter4\framework\system\CodeIgniter.php(900): CodeIgniter\CLI\CommandRunner->_remap()
#15 D:\Project\CodeIgniter\Full Panel dr CPANEL\panel_kopma\vendor\codeigniter4\framework\system\CodeIgniter.php(457): CodeIgniter\CodeIgniter->runController()
#16 D:\Project\CodeIgniter\Full Panel dr CPANEL\panel_kopma\vendor\codeigniter4\framework\system\CodeIgniter.php(336): CodeIgniter\CodeIgniter->handleRequest()
#17 D:\Project\CodeIgniter\Full Panel dr CPANEL\panel_kopma\vendor\codeigniter4\framework\system\CLI\Console.php(48): CodeIgniter\CodeIgniter->run()
#18 D:\Project\CodeIgniter\Full Panel dr CPANEL\panel_kopma\spark(86): CodeIgniter\CLI\Console->run()
#19 {main}
ERROR - 2025-09-07 01:46:03 --> mysqli_sql_exception: Table 'data_simpanan' already exists in D:\Project\CodeIgniter\Full Panel dr CPANEL\panel_kopma\vendor\codeigniter4\framework\system\Database\MySQLi\Connection.php:292
Stack trace:
#0 D:\Project\CodeIgniter\Full Panel dr CPANEL\panel_kopma\vendor\codeigniter4\framework\system\Database\MySQLi\Connection.php(292): mysqli->query()
#1 D:\Project\CodeIgniter\Full Panel dr CPANEL\panel_kopma\vendor\codeigniter4\framework\system\Database\BaseConnection.php(693): CodeIgniter\Database\MySQLi\Connection->execute()
#2 D:\Project\CodeIgniter\Full Panel dr CPANEL\panel_kopma\vendor\codeigniter4\framework\system\Database\BaseConnection.php(620): CodeIgniter\Database\BaseConnection->simpleQuery()
#3 D:\Project\CodeIgniter\Full Panel dr CPANEL\panel_kopma\vendor\codeigniter4\framework\system\Database\Forge.php(509): CodeIgniter\Database\BaseConnection->query()
#4 D:\Project\CodeIgniter\Full Panel dr CPANEL\panel_kopma\app\Database\Migrations\2023-01-01-123612_MainTable.php(160): CodeIgniter\Database\Forge->createTable()
#5 D:\Project\CodeIgniter\Full Panel dr CPANEL\panel_kopma\vendor\codeigniter4\framework\system\Database\MigrationRunner.php(868): App\Database\Migrations\MainTable->up()
#6 D:\Project\CodeIgniter\Full Panel dr CPANEL\panel_kopma\vendor\codeigniter4\framework\system\Database\MigrationRunner.php(187): CodeIgniter\Database\MigrationRunner->migrate()
#7 D:\Project\CodeIgniter\Full Panel dr CPANEL\panel_kopma\vendor\codeigniter4\framework\system\Commands\Database\Migrate.php(84): CodeIgniter\Database\MigrationRunner->latest()
#8 D:\Project\CodeIgniter\Full Panel dr CPANEL\panel_kopma\vendor\codeigniter4\framework\system\CLI\Commands.php(63): CodeIgniter\Commands\Database\Migrate->run()
#9 D:\Project\CodeIgniter\Full Panel dr CPANEL\panel_kopma\vendor\codeigniter4\framework\system\CLI\BaseCommand.php(112): CodeIgniter\CLI\Commands->run()
#10 D:\Project\CodeIgniter\Full Panel dr CPANEL\panel_kopma\vendor\codeigniter4\framework\system\Commands\Database\MigrateRefresh.php(85): CodeIgniter\CLI\BaseCommand->call()
#11 D:\Project\CodeIgniter\Full Panel dr CPANEL\panel_kopma\vendor\codeigniter4\framework\system\CLI\Commands.php(63): CodeIgniter\Commands\Database\MigrateRefresh->run()
#12 D:\Project\CodeIgniter\Full Panel dr CPANEL\panel_kopma\vendor\codeigniter4\framework\system\CLI\CommandRunner.php(65): CodeIgniter\CLI\Commands->run()
#13 D:\Project\CodeIgniter\Full Panel dr CPANEL\panel_kopma\vendor\codeigniter4\framework\system\CLI\CommandRunner.php(51): CodeIgniter\CLI\CommandRunner->index()
#14 D:\Project\CodeIgniter\Full Panel dr CPANEL\panel_kopma\vendor\codeigniter4\framework\system\CodeIgniter.php(900): CodeIgniter\CLI\CommandRunner->_remap()
#15 D:\Project\CodeIgniter\Full Panel dr CPANEL\panel_kopma\vendor\codeigniter4\framework\system\CodeIgniter.php(457): CodeIgniter\CodeIgniter->runController()
#16 D:\Project\CodeIgniter\Full Panel dr CPANEL\panel_kopma\vendor\codeigniter4\framework\system\CodeIgniter.php(336): CodeIgniter\CodeIgniter->handleRequest()
#17 D:\Project\CodeIgniter\Full Panel dr CPANEL\panel_kopma\vendor\codeigniter4\framework\system\CLI\Console.php(48): CodeIgniter\CodeIgniter->run()
#18 D:\Project\CodeIgniter\Full Panel dr CPANEL\panel_kopma\spark(86): CodeIgniter\CLI\Console->run()
#19 {main}
ERROR - 2025-09-07 01:46:28 --> mysqli_sql_exception: Table 'data_simpanan' already exists in D:\Project\CodeIgniter\Full Panel dr CPANEL\panel_kopma\vendor\codeigniter4\framework\system\Database\MySQLi\Connection.php:292
Stack trace:
#0 D:\Project\CodeIgniter\Full Panel dr CPANEL\panel_kopma\vendor\codeigniter4\framework\system\Database\MySQLi\Connection.php(292): mysqli->query()
#1 D:\Project\CodeIgniter\Full Panel dr CPANEL\panel_kopma\vendor\codeigniter4\framework\system\Database\BaseConnection.php(693): CodeIgniter\Database\MySQLi\Connection->execute()
#2 D:\Project\CodeIgniter\Full Panel dr CPANEL\panel_kopma\vendor\codeigniter4\framework\system\Database\BaseConnection.php(620): CodeIgniter\Database\BaseConnection->simpleQuery()
#3 D:\Project\CodeIgniter\Full Panel dr CPANEL\panel_kopma\vendor\codeigniter4\framework\system\Database\Forge.php(509): CodeIgniter\Database\BaseConnection->query()
#4 D:\Project\CodeIgniter\Full Panel dr CPANEL\panel_kopma\app\Database\Migrations\2023-01-01-123612_MainTable.php(160): CodeIgniter\Database\Forge->createTable()
#5 D:\Project\CodeIgniter\Full Panel dr CPANEL\panel_kopma\vendor\codeigniter4\framework\system\Database\MigrationRunner.php(868): App\Database\Migrations\MainTable->up()
#6 D:\Project\CodeIgniter\Full Panel dr CPANEL\panel_kopma\vendor\codeigniter4\framework\system\Database\MigrationRunner.php(187): CodeIgniter\Database\MigrationRunner->migrate()
#7 D:\Project\CodeIgniter\Full Panel dr CPANEL\panel_kopma\vendor\codeigniter4\framework\system\Commands\Database\Migrate.php(84): CodeIgniter\Database\MigrationRunner->latest()
#8 D:\Project\CodeIgniter\Full Panel dr CPANEL\panel_kopma\vendor\codeigniter4\framework\system\CLI\Commands.php(63): CodeIgniter\Commands\Database\Migrate->run()
#9 D:\Project\CodeIgniter\Full Panel dr CPANEL\panel_kopma\vendor\codeigniter4\framework\system\CLI\BaseCommand.php(112): CodeIgniter\CLI\Commands->run()
#10 D:\Project\CodeIgniter\Full Panel dr CPANEL\panel_kopma\vendor\codeigniter4\framework\system\Commands\Database\MigrateRefresh.php(85): CodeIgniter\CLI\BaseCommand->call()
#11 D:\Project\CodeIgniter\Full Panel dr CPANEL\panel_kopma\vendor\codeigniter4\framework\system\CLI\Commands.php(63): CodeIgniter\Commands\Database\MigrateRefresh->run()
#12 D:\Project\CodeIgniter\Full Panel dr CPANEL\panel_kopma\vendor\codeigniter4\framework\system\CLI\CommandRunner.php(65): CodeIgniter\CLI\Commands->run()
#13 D:\Project\CodeIgniter\Full Panel dr CPANEL\panel_kopma\vendor\codeigniter4\framework\system\CLI\CommandRunner.php(51): CodeIgniter\CLI\CommandRunner->index()
#14 D:\Project\CodeIgniter\Full Panel dr CPANEL\panel_kopma\vendor\codeigniter4\framework\system\CodeIgniter.php(900): CodeIgniter\CLI\CommandRunner->_remap()
#15 D:\Project\CodeIgniter\Full Panel dr CPANEL\panel_kopma\vendor\codeigniter4\framework\system\CodeIgniter.php(457): CodeIgniter\CodeIgniter->runController()
#16 D:\Project\CodeIgniter\Full Panel dr CPANEL\panel_kopma\vendor\codeigniter4\framework\system\CodeIgniter.php(336): CodeIgniter\CodeIgniter->handleRequest()
#17 D:\Project\CodeIgniter\Full Panel dr CPANEL\panel_kopma\vendor\codeigniter4\framework\system\CLI\Console.php(48): CodeIgniter\CodeIgniter->run()
#18 D:\Project\CodeIgniter\Full Panel dr CPANEL\panel_kopma\spark(86): CodeIgniter\CLI\Console->run()
#19 {main}
CRITICAL - 2025-09-07 01:50:05 --> number_format(): Passing null to parameter #1 ($num) of type float is deprecated
in APPPATH\Views\dashboard\index.php on line 103.
 1 [internal function]: CodeIgniter\Debug\Exceptions->errorHandler()
 2 APPPATH\Views\dashboard\index.php(103): number_format()
 3 SYSTEMPATH\View\View.php(213): include('APPPATH\\Views\\dashboard\\index.php')
 4 SYSTEMPATH\View\View.php(216): CodeIgniter\View\View->CodeIgniter\View\{closure}()
 5 SYSTEMPATH\Common.php(1142): CodeIgniter\View\View->render()
 6 APPPATH\Controllers\Dashboard.php(163): view()
 7 SYSTEMPATH\CodeIgniter.php(907): App\Controllers\Dashboard->index()
 8 SYSTEMPATH\CodeIgniter.php(457): CodeIgniter\CodeIgniter->runController()
 9 SYSTEMPATH\CodeIgniter.php(340): CodeIgniter\CodeIgniter->handleRequest()
10 FCPATH\index.php(55): CodeIgniter\CodeIgniter->run()
11 SYSTEMPATH\Commands\Server\rewrite.php(43): require_once('FCPATH\\index.php')
CRITICAL - 2025-09-07 01:50:14 --> number_format(): Passing null to parameter #1 ($num) of type float is deprecated
in APPPATH\Views\dashboard\index.php on line 103.
 1 [internal function]: CodeIgniter\Debug\Exceptions->errorHandler()
 2 APPPATH\Views\dashboard\index.php(103): number_format()
 3 SYSTEMPATH\View\View.php(213): include('APPPATH\\Views\\dashboard\\index.php')
 4 SYSTEMPATH\View\View.php(216): CodeIgniter\View\View->CodeIgniter\View\{closure}()
 5 SYSTEMPATH\Common.php(1142): CodeIgniter\View\View->render()
 6 APPPATH\Controllers\Dashboard.php(163): view()
 7 SYSTEMPATH\CodeIgniter.php(907): App\Controllers\Dashboard->index()
 8 SYSTEMPATH\CodeIgniter.php(457): CodeIgniter\CodeIgniter->runController()
 9 SYSTEMPATH\CodeIgniter.php(340): CodeIgniter\CodeIgniter->handleRequest()
10 FCPATH\index.php(55): CodeIgniter\CodeIgniter->run()
11 SYSTEMPATH\Commands\Server\rewrite.php(43): require_once('FCPATH\\index.php')
ERROR - 2025-09-07 01:54:31 --> mysqli_sql_exception: Table 'panel_ori.users' doesn't exist in D:\Project\CodeIgniter\Full Panel dr CPANEL\panel_kopma\vendor\codeigniter4\framework\system\Database\MySQLi\Connection.php:292
Stack trace:
#0 D:\Project\CodeIgniter\Full Panel dr CPANEL\panel_kopma\vendor\codeigniter4\framework\system\Database\MySQLi\Connection.php(292): mysqli->query()
#1 D:\Project\CodeIgniter\Full Panel dr CPANEL\panel_kopma\vendor\codeigniter4\framework\system\Database\BaseConnection.php(693): CodeIgniter\Database\MySQLi\Connection->execute()
#2 D:\Project\CodeIgniter\Full Panel dr CPANEL\panel_kopma\vendor\codeigniter4\framework\system\Database\BaseConnection.php(620): CodeIgniter\Database\BaseConnection->simpleQuery()
#3 D:\Project\CodeIgniter\Full Panel dr CPANEL\panel_kopma\vendor\codeigniter4\framework\system\Database\BaseBuilder.php(1585): CodeIgniter\Database\BaseConnection->query()
#4 D:\Project\CodeIgniter\Full Panel dr CPANEL\panel_kopma\vendor\codeigniter4\framework\system\Model.php(182): CodeIgniter\Database\BaseBuilder->get()
#5 D:\Project\CodeIgniter\Full Panel dr CPANEL\panel_kopma\vendor\codeigniter4\framework\system\BaseModel.php(523): CodeIgniter\Model->doFind()
#6 D:\Project\CodeIgniter\Full Panel dr CPANEL\panel_kopma\vendor\myth\auth\src\Authentication\AuthenticationBase.php(130): CodeIgniter\BaseModel->find()
#7 D:\Project\CodeIgniter\Full Panel dr CPANEL\panel_kopma\vendor\myth\auth\src\Authentication\LocalAuthenticator.php(67): Myth\Auth\Authentication\AuthenticationBase->isLoggedIn()
#8 D:\Project\CodeIgniter\Full Panel dr CPANEL\panel_kopma\vendor\myth\auth\src\Filters\LoginFilter.php(31): Myth\Auth\Authentication\LocalAuthenticator->check()
#9 D:\Project\CodeIgniter\Full Panel dr CPANEL\panel_kopma\vendor\codeigniter4\framework\system\Filters\Filters.php(173): Myth\Auth\Filters\LoginFilter->before()
#10 D:\Project\CodeIgniter\Full Panel dr CPANEL\panel_kopma\vendor\codeigniter4\framework\system\CodeIgniter.php(431): CodeIgniter\Filters\Filters->run()
#11 D:\Project\CodeIgniter\Full Panel dr CPANEL\panel_kopma\vendor\codeigniter4\framework\system\CodeIgniter.php(340): CodeIgniter\CodeIgniter->handleRequest()
#12 D:\Project\CodeIgniter\Full Panel dr CPANEL\panel_kopma\public\index.php(55): CodeIgniter\CodeIgniter->run()
#13 D:\Project\CodeIgniter\Full Panel dr CPANEL\panel_kopma\vendor\codeigniter4\framework\system\Commands\Server\rewrite.php(43): require_once('...')
#14 {main}
CRITICAL - 2025-09-07 01:54:31 --> Table 'panel_ori.users' doesn't exist
in SYSTEMPATH\Database\MySQLi\Connection.php on line 292.
 1 SYSTEMPATH\Database\MySQLi\Connection.php(292): mysqli->query()
 2 SYSTEMPATH\Database\BaseConnection.php(693): CodeIgniter\Database\MySQLi\Connection->execute()
 3 SYSTEMPATH\Database\BaseConnection.php(620): CodeIgniter\Database\BaseConnection->simpleQuery()
 4 SYSTEMPATH\Database\BaseBuilder.php(1585): CodeIgniter\Database\BaseConnection->query()
 5 SYSTEMPATH\Model.php(182): CodeIgniter\Database\BaseBuilder->get()
 6 SYSTEMPATH\BaseModel.php(523): CodeIgniter\Model->doFind()
 7 VENDORPATH\myth\auth\src\Authentication\AuthenticationBase.php(130): CodeIgniter\BaseModel->find()
 8 VENDORPATH\myth\auth\src\Authentication\LocalAuthenticator.php(67): Myth\Auth\Authentication\AuthenticationBase->isLoggedIn()
 9 VENDORPATH\myth\auth\src\Filters\LoginFilter.php(31): Myth\Auth\Authentication\LocalAuthenticator->check()
10 SYSTEMPATH\Filters\Filters.php(173): Myth\Auth\Filters\LoginFilter->before()
11 SYSTEMPATH\CodeIgniter.php(431): CodeIgniter\Filters\Filters->run()
12 SYSTEMPATH\CodeIgniter.php(340): CodeIgniter\CodeIgniter->handleRequest()
13 FCPATH\index.php(55): CodeIgniter\CodeIgniter->run()
14 SYSTEMPATH\Commands\Server\rewrite.php(43): require_once('FCPATH\\index.php')
CRITICAL - 2025-09-07 01:58:07 --> Call to a member function insert() on null
in APPPATH\Controllers\Psda.php on line 277.
 1 SYSTEMPATH\CodeIgniter.php(907): App\Controllers\Psda->update_anggota()
 2 SYSTEMPATH\CodeIgniter.php(457): CodeIgniter\CodeIgniter->runController()
 3 SYSTEMPATH\CodeIgniter.php(340): CodeIgniter\CodeIgniter->handleRequest()
 4 FCPATH\index.php(55): CodeIgniter\CodeIgniter->run()
 5 SYSTEMPATH\Commands\Server\rewrite.php(43): require_once('FCPATH\\index.php')
ERROR - 2025-09-07 01:59:46 --> mysqli_sql_exception: Unknown column 'nomor_anggota' in 'field list' in D:\Project\CodeIgniter\Full Panel dr CPANEL\panel_kopma\vendor\codeigniter4\framework\system\Database\MySQLi\Connection.php:292
Stack trace:
#0 D:\Project\CodeIgniter\Full Panel dr CPANEL\panel_kopma\vendor\codeigniter4\framework\system\Database\MySQLi\Connection.php(292): mysqli->query()
#1 D:\Project\CodeIgniter\Full Panel dr CPANEL\panel_kopma\vendor\codeigniter4\framework\system\Database\BaseConnection.php(693): CodeIgniter\Database\MySQLi\Connection->execute()
#2 D:\Project\CodeIgniter\Full Panel dr CPANEL\panel_kopma\vendor\codeigniter4\framework\system\Database\BaseConnection.php(620): CodeIgniter\Database\BaseConnection->simpleQuery()
#3 D:\Project\CodeIgniter\Full Panel dr CPANEL\panel_kopma\vendor\codeigniter4\framework\system\Database\BaseBuilder.php(1916): CodeIgniter\Database\BaseConnection->query()
#4 D:\Project\CodeIgniter\Full Panel dr CPANEL\panel_kopma\vendor\codeigniter4\framework\system\Model.php(279): CodeIgniter\Database\BaseBuilder->insert()
#5 D:\Project\CodeIgniter\Full Panel dr CPANEL\panel_kopma\vendor\codeigniter4\framework\system\BaseModel.php(738): CodeIgniter\Model->doInsert()
#6 D:\Project\CodeIgniter\Full Panel dr CPANEL\panel_kopma\vendor\codeigniter4\framework\system\Model.php(667): CodeIgniter\BaseModel->insert()
#7 D:\Project\CodeIgniter\Full Panel dr CPANEL\panel_kopma\app\Controllers\Psda.php(278): CodeIgniter\Model->insert()
#8 D:\Project\CodeIgniter\Full Panel dr CPANEL\panel_kopma\vendor\codeigniter4\framework\system\CodeIgniter.php(907): App\Controllers\Psda->update_anggota()
#9 D:\Project\CodeIgniter\Full Panel dr CPANEL\panel_kopma\vendor\codeigniter4\framework\system\CodeIgniter.php(457): CodeIgniter\CodeIgniter->runController()
#10 D:\Project\CodeIgniter\Full Panel dr CPANEL\panel_kopma\vendor\codeigniter4\framework\system\CodeIgniter.php(340): CodeIgniter\CodeIgniter->handleRequest()
#11 D:\Project\CodeIgniter\Full Panel dr CPANEL\panel_kopma\public\index.php(55): CodeIgniter\CodeIgniter->run()
#12 D:\Project\CodeIgniter\Full Panel dr CPANEL\panel_kopma\vendor\codeigniter4\framework\system\Commands\Server\rewrite.php(43): require_once('...')
#13 {main}
CRITICAL - 2025-09-07 01:59:46 --> Unknown column 'nomor_anggota' in 'field list'
in SYSTEMPATH\Database\MySQLi\Connection.php on line 292.
 1 SYSTEMPATH\Database\MySQLi\Connection.php(292): mysqli->query()
 2 SYSTEMPATH\Database\BaseConnection.php(693): CodeIgniter\Database\MySQLi\Connection->execute()
 3 SYSTEMPATH\Database\BaseConnection.php(620): CodeIgniter\Database\BaseConnection->simpleQuery()
 4 SYSTEMPATH\Database\BaseBuilder.php(1916): CodeIgniter\Database\BaseConnection->query()
 5 SYSTEMPATH\Model.php(279): CodeIgniter\Database\BaseBuilder->insert()
 6 SYSTEMPATH\BaseModel.php(738): CodeIgniter\Model->doInsert()
 7 SYSTEMPATH\Model.php(667): CodeIgniter\BaseModel->insert()
 8 APPPATH\Controllers\Psda.php(278): CodeIgniter\Model->insert()
 9 SYSTEMPATH\CodeIgniter.php(907): App\Controllers\Psda->update_anggota()
10 SYSTEMPATH\CodeIgniter.php(457): CodeIgniter\CodeIgniter->runController()
11 SYSTEMPATH\CodeIgniter.php(340): CodeIgniter\CodeIgniter->handleRequest()
12 FCPATH\index.php(55): CodeIgniter\CodeIgniter->run()
13 SYSTEMPATH\Commands\Server\rewrite.php(43): require_once('FCPATH\\index.php')
ERROR - 2025-09-07 02:01:03 --> mysqli_sql_exception: Unknown column 'nomor_anggota' in 'field list' in D:\Project\CodeIgniter\Full Panel dr CPANEL\panel_kopma\vendor\codeigniter4\framework\system\Database\MySQLi\Connection.php:292
Stack trace:
#0 D:\Project\CodeIgniter\Full Panel dr CPANEL\panel_kopma\vendor\codeigniter4\framework\system\Database\MySQLi\Connection.php(292): mysqli->query()
#1 D:\Project\CodeIgniter\Full Panel dr CPANEL\panel_kopma\vendor\codeigniter4\framework\system\Database\BaseConnection.php(693): CodeIgniter\Database\MySQLi\Connection->execute()
#2 D:\Project\CodeIgniter\Full Panel dr CPANEL\panel_kopma\vendor\codeigniter4\framework\system\Database\BaseConnection.php(620): CodeIgniter\Database\BaseConnection->simpleQuery()
#3 D:\Project\CodeIgniter\Full Panel dr CPANEL\panel_kopma\vendor\codeigniter4\framework\system\Database\BaseBuilder.php(1916): CodeIgniter\Database\BaseConnection->query()
#4 D:\Project\CodeIgniter\Full Panel dr CPANEL\panel_kopma\vendor\codeigniter4\framework\system\Model.php(279): CodeIgniter\Database\BaseBuilder->insert()
#5 D:\Project\CodeIgniter\Full Panel dr CPANEL\panel_kopma\vendor\codeigniter4\framework\system\BaseModel.php(738): CodeIgniter\Model->doInsert()
#6 D:\Project\CodeIgniter\Full Panel dr CPANEL\panel_kopma\vendor\codeigniter4\framework\system\Model.php(667): CodeIgniter\BaseModel->insert()
#7 D:\Project\CodeIgniter\Full Panel dr CPANEL\panel_kopma\app\Controllers\Psda.php(278): CodeIgniter\Model->insert()
#8 D:\Project\CodeIgniter\Full Panel dr CPANEL\panel_kopma\vendor\codeigniter4\framework\system\CodeIgniter.php(907): App\Controllers\Psda->update_anggota()
#9 D:\Project\CodeIgniter\Full Panel dr CPANEL\panel_kopma\vendor\codeigniter4\framework\system\CodeIgniter.php(457): CodeIgniter\CodeIgniter->runController()
#10 D:\Project\CodeIgniter\Full Panel dr CPANEL\panel_kopma\vendor\codeigniter4\framework\system\CodeIgniter.php(340): CodeIgniter\CodeIgniter->handleRequest()
#11 D:\Project\CodeIgniter\Full Panel dr CPANEL\panel_kopma\public\index.php(55): CodeIgniter\CodeIgniter->run()
#12 D:\Project\CodeIgniter\Full Panel dr CPANEL\panel_kopma\vendor\codeigniter4\framework\system\Commands\Server\rewrite.php(43): require_once('...')
#13 {main}
CRITICAL - 2025-09-07 02:01:03 --> Unknown column 'nomor_anggota' in 'field list'
in SYSTEMPATH\Database\MySQLi\Connection.php on line 292.
 1 SYSTEMPATH\Database\MySQLi\Connection.php(292): mysqli->query()
 2 SYSTEMPATH\Database\BaseConnection.php(693): CodeIgniter\Database\MySQLi\Connection->execute()
 3 SYSTEMPATH\Database\BaseConnection.php(620): CodeIgniter\Database\BaseConnection->simpleQuery()
 4 SYSTEMPATH\Database\BaseBuilder.php(1916): CodeIgniter\Database\BaseConnection->query()
 5 SYSTEMPATH\Model.php(279): CodeIgniter\Database\BaseBuilder->insert()
 6 SYSTEMPATH\BaseModel.php(738): CodeIgniter\Model->doInsert()
 7 SYSTEMPATH\Model.php(667): CodeIgniter\BaseModel->insert()
 8 APPPATH\Controllers\Psda.php(278): CodeIgniter\Model->insert()
 9 SYSTEMPATH\CodeIgniter.php(907): App\Controllers\Psda->update_anggota()
10 SYSTEMPATH\CodeIgniter.php(457): CodeIgniter\CodeIgniter->runController()
11 SYSTEMPATH\CodeIgniter.php(340): CodeIgniter\CodeIgniter->handleRequest()
12 FCPATH\index.php(55): CodeIgniter\CodeIgniter->run()
13 SYSTEMPATH\Commands\Server\rewrite.php(43): require_once('FCPATH\\index.php')
ERROR - 2025-09-07 02:01:12 --> mysqli_sql_exception: Unknown column 'nomor_anggota' in 'field list' in D:\Project\CodeIgniter\Full Panel dr CPANEL\panel_kopma\vendor\codeigniter4\framework\system\Database\MySQLi\Connection.php:292
Stack trace:
#0 D:\Project\CodeIgniter\Full Panel dr CPANEL\panel_kopma\vendor\codeigniter4\framework\system\Database\MySQLi\Connection.php(292): mysqli->query()
#1 D:\Project\CodeIgniter\Full Panel dr CPANEL\panel_kopma\vendor\codeigniter4\framework\system\Database\BaseConnection.php(693): CodeIgniter\Database\MySQLi\Connection->execute()
#2 D:\Project\CodeIgniter\Full Panel dr CPANEL\panel_kopma\vendor\codeigniter4\framework\system\Database\BaseConnection.php(620): CodeIgniter\Database\BaseConnection->simpleQuery()
#3 D:\Project\CodeIgniter\Full Panel dr CPANEL\panel_kopma\vendor\codeigniter4\framework\system\Database\BaseBuilder.php(1916): CodeIgniter\Database\BaseConnection->query()
#4 D:\Project\CodeIgniter\Full Panel dr CPANEL\panel_kopma\vendor\codeigniter4\framework\system\Model.php(279): CodeIgniter\Database\BaseBuilder->insert()
#5 D:\Project\CodeIgniter\Full Panel dr CPANEL\panel_kopma\vendor\codeigniter4\framework\system\BaseModel.php(738): CodeIgniter\Model->doInsert()
#6 D:\Project\CodeIgniter\Full Panel dr CPANEL\panel_kopma\vendor\codeigniter4\framework\system\Model.php(667): CodeIgniter\BaseModel->insert()
#7 D:\Project\CodeIgniter\Full Panel dr CPANEL\panel_kopma\app\Controllers\Psda.php(278): CodeIgniter\Model->insert()
#8 D:\Project\CodeIgniter\Full Panel dr CPANEL\panel_kopma\vendor\codeigniter4\framework\system\CodeIgniter.php(907): App\Controllers\Psda->update_anggota()
#9 D:\Project\CodeIgniter\Full Panel dr CPANEL\panel_kopma\vendor\codeigniter4\framework\system\CodeIgniter.php(457): CodeIgniter\CodeIgniter->runController()
#10 D:\Project\CodeIgniter\Full Panel dr CPANEL\panel_kopma\vendor\codeigniter4\framework\system\CodeIgniter.php(340): CodeIgniter\CodeIgniter->handleRequest()
#11 D:\Project\CodeIgniter\Full Panel dr CPANEL\panel_kopma\public\index.php(55): CodeIgniter\CodeIgniter->run()
#12 D:\Project\CodeIgniter\Full Panel dr CPANEL\panel_kopma\vendor\codeigniter4\framework\system\Commands\Server\rewrite.php(43): require_once('...')
#13 {main}
CRITICAL - 2025-09-07 02:01:12 --> Unknown column 'nomor_anggota' in 'field list'
in SYSTEMPATH\Database\MySQLi\Connection.php on line 292.
 1 SYSTEMPATH\Database\MySQLi\Connection.php(292): mysqli->query()
 2 SYSTEMPATH\Database\BaseConnection.php(693): CodeIgniter\Database\MySQLi\Connection->execute()
 3 SYSTEMPATH\Database\BaseConnection.php(620): CodeIgniter\Database\BaseConnection->simpleQuery()
 4 SYSTEMPATH\Database\BaseBuilder.php(1916): CodeIgniter\Database\BaseConnection->query()
 5 SYSTEMPATH\Model.php(279): CodeIgniter\Database\BaseBuilder->insert()
 6 SYSTEMPATH\BaseModel.php(738): CodeIgniter\Model->doInsert()
 7 SYSTEMPATH\Model.php(667): CodeIgniter\BaseModel->insert()
 8 APPPATH\Controllers\Psda.php(278): CodeIgniter\Model->insert()
 9 SYSTEMPATH\CodeIgniter.php(907): App\Controllers\Psda->update_anggota()
10 SYSTEMPATH\CodeIgniter.php(457): CodeIgniter\CodeIgniter->runController()
11 SYSTEMPATH\CodeIgniter.php(340): CodeIgniter\CodeIgniter->handleRequest()
12 FCPATH\index.php(55): CodeIgniter\CodeIgniter->run()
13 SYSTEMPATH\Commands\Server\rewrite.php(43): require_once('FCPATH\\index.php')
ERROR - 2025-09-07 02:04:51 --> mysqli_sql_exception: Table 'data_anggota' already exists in D:\Project\CodeIgniter\Full Panel dr CPANEL\panel_kopma\vendor\codeigniter4\framework\system\Database\MySQLi\Connection.php:292
Stack trace:
#0 D:\Project\CodeIgniter\Full Panel dr CPANEL\panel_kopma\vendor\codeigniter4\framework\system\Database\MySQLi\Connection.php(292): mysqli->query()
#1 D:\Project\CodeIgniter\Full Panel dr CPANEL\panel_kopma\vendor\codeigniter4\framework\system\Database\BaseConnection.php(693): CodeIgniter\Database\MySQLi\Connection->execute()
#2 D:\Project\CodeIgniter\Full Panel dr CPANEL\panel_kopma\vendor\codeigniter4\framework\system\Database\BaseConnection.php(620): CodeIgniter\Database\BaseConnection->simpleQuery()
#3 D:\Project\CodeIgniter\Full Panel dr CPANEL\panel_kopma\vendor\codeigniter4\framework\system\Database\Forge.php(509): CodeIgniter\Database\BaseConnection->query()
#4 D:\Project\CodeIgniter\Full Panel dr CPANEL\panel_kopma\app\Database\Migrations\2023-01-01-123612_MainTable.php(128): CodeIgniter\Database\Forge->createTable()
#5 D:\Project\CodeIgniter\Full Panel dr CPANEL\panel_kopma\vendor\codeigniter4\framework\system\Database\MigrationRunner.php(868): App\Database\Migrations\MainTable->up()
#6 D:\Project\CodeIgniter\Full Panel dr CPANEL\panel_kopma\vendor\codeigniter4\framework\system\Database\MigrationRunner.php(187): CodeIgniter\Database\MigrationRunner->migrate()
#7 D:\Project\CodeIgniter\Full Panel dr CPANEL\panel_kopma\vendor\codeigniter4\framework\system\Commands\Database\Migrate.php(84): CodeIgniter\Database\MigrationRunner->latest()
#8 D:\Project\CodeIgniter\Full Panel dr CPANEL\panel_kopma\vendor\codeigniter4\framework\system\CLI\Commands.php(63): CodeIgniter\Commands\Database\Migrate->run()
#9 D:\Project\CodeIgniter\Full Panel dr CPANEL\panel_kopma\vendor\codeigniter4\framework\system\CLI\BaseCommand.php(112): CodeIgniter\CLI\Commands->run()
#10 D:\Project\CodeIgniter\Full Panel dr CPANEL\panel_kopma\vendor\codeigniter4\framework\system\Commands\Database\MigrateRefresh.php(85): CodeIgniter\CLI\BaseCommand->call()
#11 D:\Project\CodeIgniter\Full Panel dr CPANEL\panel_kopma\vendor\codeigniter4\framework\system\CLI\Commands.php(63): CodeIgniter\Commands\Database\MigrateRefresh->run()
#12 D:\Project\CodeIgniter\Full Panel dr CPANEL\panel_kopma\vendor\codeigniter4\framework\system\CLI\CommandRunner.php(65): CodeIgniter\CLI\Commands->run()
#13 D:\Project\CodeIgniter\Full Panel dr CPANEL\panel_kopma\vendor\codeigniter4\framework\system\CLI\CommandRunner.php(51): CodeIgniter\CLI\CommandRunner->index()
#14 D:\Project\CodeIgniter\Full Panel dr CPANEL\panel_kopma\vendor\codeigniter4\framework\system\CodeIgniter.php(900): CodeIgniter\CLI\CommandRunner->_remap()
#15 D:\Project\CodeIgniter\Full Panel dr CPANEL\panel_kopma\vendor\codeigniter4\framework\system\CodeIgniter.php(457): CodeIgniter\CodeIgniter->runController()
#16 D:\Project\CodeIgniter\Full Panel dr CPANEL\panel_kopma\vendor\codeigniter4\framework\system\CodeIgniter.php(336): CodeIgniter\CodeIgniter->handleRequest()
#17 D:\Project\CodeIgniter\Full Panel dr CPANEL\panel_kopma\vendor\codeigniter4\framework\system\CLI\Console.php(48): CodeIgniter\CodeIgniter->run()
#18 D:\Project\CodeIgniter\Full Panel dr CPANEL\panel_kopma\spark(86): CodeIgniter\CLI\Console->run()
#19 {main}
ERROR - 2025-09-07 02:08:00 --> mysqli_sql_exception: Table 'fakultas' already exists in D:\Project\CodeIgniter\Full Panel dr CPANEL\panel_kopma\vendor\codeigniter4\framework\system\Database\MySQLi\Connection.php:292
Stack trace:
#0 D:\Project\CodeIgniter\Full Panel dr CPANEL\panel_kopma\vendor\codeigniter4\framework\system\Database\MySQLi\Connection.php(292): mysqli->query()
#1 D:\Project\CodeIgniter\Full Panel dr CPANEL\panel_kopma\vendor\codeigniter4\framework\system\Database\BaseConnection.php(693): CodeIgniter\Database\MySQLi\Connection->execute()
#2 D:\Project\CodeIgniter\Full Panel dr CPANEL\panel_kopma\vendor\codeigniter4\framework\system\Database\BaseConnection.php(620): CodeIgniter\Database\BaseConnection->simpleQuery()
#3 D:\Project\CodeIgniter\Full Panel dr CPANEL\panel_kopma\vendor\codeigniter4\framework\system\Database\Forge.php(509): CodeIgniter\Database\BaseConnection->query()
#4 D:\Project\CodeIgniter\Full Panel dr CPANEL\panel_kopma\app\Database\Migrations\2023-01-01-123612_MainTable.php(36): CodeIgniter\Database\Forge->createTable()
#5 D:\Project\CodeIgniter\Full Panel dr CPANEL\panel_kopma\vendor\codeigniter4\framework\system\Database\MigrationRunner.php(868): App\Database\Migrations\MainTable->up()
#6 D:\Project\CodeIgniter\Full Panel dr CPANEL\panel_kopma\vendor\codeigniter4\framework\system\Database\MigrationRunner.php(187): CodeIgniter\Database\MigrationRunner->migrate()
#7 D:\Project\CodeIgniter\Full Panel dr CPANEL\panel_kopma\vendor\codeigniter4\framework\system\Commands\Database\Migrate.php(84): CodeIgniter\Database\MigrationRunner->latest()
#8 D:\Project\CodeIgniter\Full Panel dr CPANEL\panel_kopma\vendor\codeigniter4\framework\system\CLI\Commands.php(63): CodeIgniter\Commands\Database\Migrate->run()
#9 D:\Project\CodeIgniter\Full Panel dr CPANEL\panel_kopma\vendor\codeigniter4\framework\system\CLI\CommandRunner.php(65): CodeIgniter\CLI\Commands->run()
#10 D:\Project\CodeIgniter\Full Panel dr CPANEL\panel_kopma\vendor\codeigniter4\framework\system\CLI\CommandRunner.php(51): CodeIgniter\CLI\CommandRunner->index()
#11 D:\Project\CodeIgniter\Full Panel dr CPANEL\panel_kopma\vendor\codeigniter4\framework\system\CodeIgniter.php(900): CodeIgniter\CLI\CommandRunner->_remap()
#12 D:\Project\CodeIgniter\Full Panel dr CPANEL\panel_kopma\vendor\codeigniter4\framework\system\CodeIgniter.php(457): CodeIgniter\CodeIgniter->runController()
#13 D:\Project\CodeIgniter\Full Panel dr CPANEL\panel_kopma\vendor\codeigniter4\framework\system\CodeIgniter.php(336): CodeIgniter\CodeIgniter->handleRequest()
#14 D:\Project\CodeIgniter\Full Panel dr CPANEL\panel_kopma\vendor\codeigniter4\framework\system\CLI\Console.php(48): CodeIgniter\CodeIgniter->run()
#15 D:\Project\CodeIgniter\Full Panel dr CPANEL\panel_kopma\spark(86): CodeIgniter\CLI\Console->run()
#16 {main}
ERROR - 2025-09-07 02:08:39 --> mysqli_sql_exception: Table 'fakultas' already exists in D:\Project\CodeIgniter\Full Panel dr CPANEL\panel_kopma\vendor\codeigniter4\framework\system\Database\MySQLi\Connection.php:292
Stack trace:
#0 D:\Project\CodeIgniter\Full Panel dr CPANEL\panel_kopma\vendor\codeigniter4\framework\system\Database\MySQLi\Connection.php(292): mysqli->query()
#1 D:\Project\CodeIgniter\Full Panel dr CPANEL\panel_kopma\vendor\codeigniter4\framework\system\Database\BaseConnection.php(693): CodeIgniter\Database\MySQLi\Connection->execute()
#2 D:\Project\CodeIgniter\Full Panel dr CPANEL\panel_kopma\vendor\codeigniter4\framework\system\Database\BaseConnection.php(620): CodeIgniter\Database\BaseConnection->simpleQuery()
#3 D:\Project\CodeIgniter\Full Panel dr CPANEL\panel_kopma\vendor\codeigniter4\framework\system\Database\Forge.php(509): CodeIgniter\Database\BaseConnection->query()
#4 D:\Project\CodeIgniter\Full Panel dr CPANEL\panel_kopma\app\Database\Migrations\2023-01-01-123612_MainTable.php(36): CodeIgniter\Database\Forge->createTable()
#5 D:\Project\CodeIgniter\Full Panel dr CPANEL\panel_kopma\vendor\codeigniter4\framework\system\Database\MigrationRunner.php(868): App\Database\Migrations\MainTable->up()
#6 D:\Project\CodeIgniter\Full Panel dr CPANEL\panel_kopma\vendor\codeigniter4\framework\system\Database\MigrationRunner.php(187): CodeIgniter\Database\MigrationRunner->migrate()
#7 D:\Project\CodeIgniter\Full Panel dr CPANEL\panel_kopma\vendor\codeigniter4\framework\system\Commands\Database\Migrate.php(84): CodeIgniter\Database\MigrationRunner->latest()
#8 D:\Project\CodeIgniter\Full Panel dr CPANEL\panel_kopma\vendor\codeigniter4\framework\system\CLI\Commands.php(63): CodeIgniter\Commands\Database\Migrate->run()
#9 D:\Project\CodeIgniter\Full Panel dr CPANEL\panel_kopma\vendor\codeigniter4\framework\system\CLI\CommandRunner.php(65): CodeIgniter\CLI\Commands->run()
#10 D:\Project\CodeIgniter\Full Panel dr CPANEL\panel_kopma\vendor\codeigniter4\framework\system\CLI\CommandRunner.php(51): CodeIgniter\CLI\CommandRunner->index()
#11 D:\Project\CodeIgniter\Full Panel dr CPANEL\panel_kopma\vendor\codeigniter4\framework\system\CodeIgniter.php(900): CodeIgniter\CLI\CommandRunner->_remap()
#12 D:\Project\CodeIgniter\Full Panel dr CPANEL\panel_kopma\vendor\codeigniter4\framework\system\CodeIgniter.php(457): CodeIgniter\CodeIgniter->runController()
#13 D:\Project\CodeIgniter\Full Panel dr CPANEL\panel_kopma\vendor\codeigniter4\framework\system\CodeIgniter.php(336): CodeIgniter\CodeIgniter->handleRequest()
#14 D:\Project\CodeIgniter\Full Panel dr CPANEL\panel_kopma\vendor\codeigniter4\framework\system\CLI\Console.php(48): CodeIgniter\CodeIgniter->run()
#15 D:\Project\CodeIgniter\Full Panel dr CPANEL\panel_kopma\spark(86): CodeIgniter\CLI\Console->run()
#16 {main}
ERROR - 2025-09-07 02:08:48 --> mysqli_sql_exception: Table 'fakultas' already exists in D:\Project\CodeIgniter\Full Panel dr CPANEL\panel_kopma\vendor\codeigniter4\framework\system\Database\MySQLi\Connection.php:292
Stack trace:
#0 D:\Project\CodeIgniter\Full Panel dr CPANEL\panel_kopma\vendor\codeigniter4\framework\system\Database\MySQLi\Connection.php(292): mysqli->query()
#1 D:\Project\CodeIgniter\Full Panel dr CPANEL\panel_kopma\vendor\codeigniter4\framework\system\Database\BaseConnection.php(693): CodeIgniter\Database\MySQLi\Connection->execute()
#2 D:\Project\CodeIgniter\Full Panel dr CPANEL\panel_kopma\vendor\codeigniter4\framework\system\Database\BaseConnection.php(620): CodeIgniter\Database\BaseConnection->simpleQuery()
#3 D:\Project\CodeIgniter\Full Panel dr CPANEL\panel_kopma\vendor\codeigniter4\framework\system\Database\Forge.php(509): CodeIgniter\Database\BaseConnection->query()
#4 D:\Project\CodeIgniter\Full Panel dr CPANEL\panel_kopma\app\Database\Migrations\2023-01-01-123612_MainTable.php(36): CodeIgniter\Database\Forge->createTable()
#5 D:\Project\CodeIgniter\Full Panel dr CPANEL\panel_kopma\vendor\codeigniter4\framework\system\Database\MigrationRunner.php(868): App\Database\Migrations\MainTable->up()
#6 D:\Project\CodeIgniter\Full Panel dr CPANEL\panel_kopma\vendor\codeigniter4\framework\system\Database\MigrationRunner.php(187): CodeIgniter\Database\MigrationRunner->migrate()
#7 D:\Project\CodeIgniter\Full Panel dr CPANEL\panel_kopma\vendor\codeigniter4\framework\system\Commands\Database\Migrate.php(84): CodeIgniter\Database\MigrationRunner->latest()
#8 D:\Project\CodeIgniter\Full Panel dr CPANEL\panel_kopma\vendor\codeigniter4\framework\system\CLI\Commands.php(63): CodeIgniter\Commands\Database\Migrate->run()
#9 D:\Project\CodeIgniter\Full Panel dr CPANEL\panel_kopma\vendor\codeigniter4\framework\system\CLI\BaseCommand.php(112): CodeIgniter\CLI\Commands->run()
#10 D:\Project\CodeIgniter\Full Panel dr CPANEL\panel_kopma\vendor\codeigniter4\framework\system\Commands\Database\MigrateRefresh.php(85): CodeIgniter\CLI\BaseCommand->call()
#11 D:\Project\CodeIgniter\Full Panel dr CPANEL\panel_kopma\vendor\codeigniter4\framework\system\CLI\Commands.php(63): CodeIgniter\Commands\Database\MigrateRefresh->run()
#12 D:\Project\CodeIgniter\Full Panel dr CPANEL\panel_kopma\vendor\codeigniter4\framework\system\CLI\CommandRunner.php(65): CodeIgniter\CLI\Commands->run()
#13 D:\Project\CodeIgniter\Full Panel dr CPANEL\panel_kopma\vendor\codeigniter4\framework\system\CLI\CommandRunner.php(51): CodeIgniter\CLI\CommandRunner->index()
#14 D:\Project\CodeIgniter\Full Panel dr CPANEL\panel_kopma\vendor\codeigniter4\framework\system\CodeIgniter.php(900): CodeIgniter\CLI\CommandRunner->_remap()
#15 D:\Project\CodeIgniter\Full Panel dr CPANEL\panel_kopma\vendor\codeigniter4\framework\system\CodeIgniter.php(457): CodeIgniter\CodeIgniter->runController()
#16 D:\Project\CodeIgniter\Full Panel dr CPANEL\panel_kopma\vendor\codeigniter4\framework\system\CodeIgniter.php(336): CodeIgniter\CodeIgniter->handleRequest()
#17 D:\Project\CodeIgniter\Full Panel dr CPANEL\panel_kopma\vendor\codeigniter4\framework\system\CLI\Console.php(48): CodeIgniter\CodeIgniter->run()
#18 D:\Project\CodeIgniter\Full Panel dr CPANEL\panel_kopma\spark(86): CodeIgniter\CLI\Console->run()
#19 {main}
ERROR - 2025-09-07 02:09:36 --> mysqli_sql_exception: Table 'jurusan' already exists in D:\Project\CodeIgniter\Full Panel dr CPANEL\panel_kopma\vendor\codeigniter4\framework\system\Database\MySQLi\Connection.php:292
Stack trace:
#0 D:\Project\CodeIgniter\Full Panel dr CPANEL\panel_kopma\vendor\codeigniter4\framework\system\Database\MySQLi\Connection.php(292): mysqli->query()
#1 D:\Project\CodeIgniter\Full Panel dr CPANEL\panel_kopma\vendor\codeigniter4\framework\system\Database\BaseConnection.php(693): CodeIgniter\Database\MySQLi\Connection->execute()
#2 D:\Project\CodeIgniter\Full Panel dr CPANEL\panel_kopma\vendor\codeigniter4\framework\system\Database\BaseConnection.php(620): CodeIgniter\Database\BaseConnection->simpleQuery()
#3 D:\Project\CodeIgniter\Full Panel dr CPANEL\panel_kopma\vendor\codeigniter4\framework\system\Database\Forge.php(509): CodeIgniter\Database\BaseConnection->query()
#4 D:\Project\CodeIgniter\Full Panel dr CPANEL\panel_kopma\app\Database\Migrations\2023-01-01-123612_MainTable.php(68): CodeIgniter\Database\Forge->createTable()
#5 D:\Project\CodeIgniter\Full Panel dr CPANEL\panel_kopma\vendor\codeigniter4\framework\system\Database\MigrationRunner.php(868): App\Database\Migrations\MainTable->up()
#6 D:\Project\CodeIgniter\Full Panel dr CPANEL\panel_kopma\vendor\codeigniter4\framework\system\Database\MigrationRunner.php(187): CodeIgniter\Database\MigrationRunner->migrate()
#7 D:\Project\CodeIgniter\Full Panel dr CPANEL\panel_kopma\vendor\codeigniter4\framework\system\Commands\Database\Migrate.php(84): CodeIgniter\Database\MigrationRunner->latest()
#8 D:\Project\CodeIgniter\Full Panel dr CPANEL\panel_kopma\vendor\codeigniter4\framework\system\CLI\Commands.php(63): CodeIgniter\Commands\Database\Migrate->run()
#9 D:\Project\CodeIgniter\Full Panel dr CPANEL\panel_kopma\vendor\codeigniter4\framework\system\CLI\BaseCommand.php(112): CodeIgniter\CLI\Commands->run()
#10 D:\Project\CodeIgniter\Full Panel dr CPANEL\panel_kopma\vendor\codeigniter4\framework\system\Commands\Database\MigrateRefresh.php(85): CodeIgniter\CLI\BaseCommand->call()
#11 D:\Project\CodeIgniter\Full Panel dr CPANEL\panel_kopma\vendor\codeigniter4\framework\system\CLI\Commands.php(63): CodeIgniter\Commands\Database\MigrateRefresh->run()
#12 D:\Project\CodeIgniter\Full Panel dr CPANEL\panel_kopma\vendor\codeigniter4\framework\system\CLI\CommandRunner.php(65): CodeIgniter\CLI\Commands->run()
#13 D:\Project\CodeIgniter\Full Panel dr CPANEL\panel_kopma\vendor\codeigniter4\framework\system\CLI\CommandRunner.php(51): CodeIgniter\CLI\CommandRunner->index()
#14 D:\Project\CodeIgniter\Full Panel dr CPANEL\panel_kopma\vendor\codeigniter4\framework\system\CodeIgniter.php(900): CodeIgniter\CLI\CommandRunner->_remap()
#15 D:\Project\CodeIgniter\Full Panel dr CPANEL\panel_kopma\vendor\codeigniter4\framework\system\CodeIgniter.php(457): CodeIgniter\CodeIgniter->runController()
#16 D:\Project\CodeIgniter\Full Panel dr CPANEL\panel_kopma\vendor\codeigniter4\framework\system\CodeIgniter.php(336): CodeIgniter\CodeIgniter->handleRequest()
#17 D:\Project\CodeIgniter\Full Panel dr CPANEL\panel_kopma\vendor\codeigniter4\framework\system\CLI\Console.php(48): CodeIgniter\CodeIgniter->run()
#18 D:\Project\CodeIgniter\Full Panel dr CPANEL\panel_kopma\spark(86): CodeIgniter\CLI\Console->run()
#19 {main}
ERROR - 2025-09-07 02:09:53 --> mysqli_sql_exception: Table 'data_simpanan' already exists in D:\Project\CodeIgniter\Full Panel dr CPANEL\panel_kopma\vendor\codeigniter4\framework\system\Database\MySQLi\Connection.php:292
Stack trace:
#0 D:\Project\CodeIgniter\Full Panel dr CPANEL\panel_kopma\vendor\codeigniter4\framework\system\Database\MySQLi\Connection.php(292): mysqli->query()
#1 D:\Project\CodeIgniter\Full Panel dr CPANEL\panel_kopma\vendor\codeigniter4\framework\system\Database\BaseConnection.php(693): CodeIgniter\Database\MySQLi\Connection->execute()
#2 D:\Project\CodeIgniter\Full Panel dr CPANEL\panel_kopma\vendor\codeigniter4\framework\system\Database\BaseConnection.php(620): CodeIgniter\Database\BaseConnection->simpleQuery()
#3 D:\Project\CodeIgniter\Full Panel dr CPANEL\panel_kopma\vendor\codeigniter4\framework\system\Database\Forge.php(509): CodeIgniter\Database\BaseConnection->query()
#4 D:\Project\CodeIgniter\Full Panel dr CPANEL\panel_kopma\app\Database\Migrations\2023-01-01-123612_MainTable.php(160): CodeIgniter\Database\Forge->createTable()
#5 D:\Project\CodeIgniter\Full Panel dr CPANEL\panel_kopma\vendor\codeigniter4\framework\system\Database\MigrationRunner.php(868): App\Database\Migrations\MainTable->up()
#6 D:\Project\CodeIgniter\Full Panel dr CPANEL\panel_kopma\vendor\codeigniter4\framework\system\Database\MigrationRunner.php(187): CodeIgniter\Database\MigrationRunner->migrate()
#7 D:\Project\CodeIgniter\Full Panel dr CPANEL\panel_kopma\vendor\codeigniter4\framework\system\Commands\Database\Migrate.php(84): CodeIgniter\Database\MigrationRunner->latest()
#8 D:\Project\CodeIgniter\Full Panel dr CPANEL\panel_kopma\vendor\codeigniter4\framework\system\CLI\Commands.php(63): CodeIgniter\Commands\Database\Migrate->run()
#9 D:\Project\CodeIgniter\Full Panel dr CPANEL\panel_kopma\vendor\codeigniter4\framework\system\CLI\BaseCommand.php(112): CodeIgniter\CLI\Commands->run()
#10 D:\Project\CodeIgniter\Full Panel dr CPANEL\panel_kopma\vendor\codeigniter4\framework\system\Commands\Database\MigrateRefresh.php(85): CodeIgniter\CLI\BaseCommand->call()
#11 D:\Project\CodeIgniter\Full Panel dr CPANEL\panel_kopma\vendor\codeigniter4\framework\system\CLI\Commands.php(63): CodeIgniter\Commands\Database\MigrateRefresh->run()
#12 D:\Project\CodeIgniter\Full Panel dr CPANEL\panel_kopma\vendor\codeigniter4\framework\system\CLI\CommandRunner.php(65): CodeIgniter\CLI\Commands->run()
#13 D:\Project\CodeIgniter\Full Panel dr CPANEL\panel_kopma\vendor\codeigniter4\framework\system\CLI\CommandRunner.php(51): CodeIgniter\CLI\CommandRunner->index()
#14 D:\Project\CodeIgniter\Full Panel dr CPANEL\panel_kopma\vendor\codeigniter4\framework\system\CodeIgniter.php(900): CodeIgniter\CLI\CommandRunner->_remap()
#15 D:\Project\CodeIgniter\Full Panel dr CPANEL\panel_kopma\vendor\codeigniter4\framework\system\CodeIgniter.php(457): CodeIgniter\CodeIgniter->runController()
#16 D:\Project\CodeIgniter\Full Panel dr CPANEL\panel_kopma\vendor\codeigniter4\framework\system\CodeIgniter.php(336): CodeIgniter\CodeIgniter->handleRequest()
#17 D:\Project\CodeIgniter\Full Panel dr CPANEL\panel_kopma\vendor\codeigniter4\framework\system\CLI\Console.php(48): CodeIgniter\CodeIgniter->run()
#18 D:\Project\CodeIgniter\Full Panel dr CPANEL\panel_kopma\spark(86): CodeIgniter\CLI\Console->run()
#19 {main}
ERROR - 2025-09-07 02:10:23 --> mysqli_sql_exception: Table 'calon_anggota' already exists in D:\Project\CodeIgniter\Full Panel dr CPANEL\panel_kopma\vendor\codeigniter4\framework\system\Database\MySQLi\Connection.php:292
Stack trace:
#0 D:\Project\CodeIgniter\Full Panel dr CPANEL\panel_kopma\vendor\codeigniter4\framework\system\Database\MySQLi\Connection.php(292): mysqli->query()
#1 D:\Project\CodeIgniter\Full Panel dr CPANEL\panel_kopma\vendor\codeigniter4\framework\system\Database\BaseConnection.php(693): CodeIgniter\Database\MySQLi\Connection->execute()
#2 D:\Project\CodeIgniter\Full Panel dr CPANEL\panel_kopma\vendor\codeigniter4\framework\system\Database\BaseConnection.php(620): CodeIgniter\Database\BaseConnection->simpleQuery()
#3 D:\Project\CodeIgniter\Full Panel dr CPANEL\panel_kopma\vendor\codeigniter4\framework\system\Database\Forge.php(509): CodeIgniter\Database\BaseConnection->query()
#4 D:\Project\CodeIgniter\Full Panel dr CPANEL\panel_kopma\app\Database\Migrations\2023-01-01-123612_MainTable.php(329): CodeIgniter\Database\Forge->createTable()
#5 D:\Project\CodeIgniter\Full Panel dr CPANEL\panel_kopma\vendor\codeigniter4\framework\system\Database\MigrationRunner.php(868): App\Database\Migrations\MainTable->up()
#6 D:\Project\CodeIgniter\Full Panel dr CPANEL\panel_kopma\vendor\codeigniter4\framework\system\Database\MigrationRunner.php(187): CodeIgniter\Database\MigrationRunner->migrate()
#7 D:\Project\CodeIgniter\Full Panel dr CPANEL\panel_kopma\vendor\codeigniter4\framework\system\Commands\Database\Migrate.php(84): CodeIgniter\Database\MigrationRunner->latest()
#8 D:\Project\CodeIgniter\Full Panel dr CPANEL\panel_kopma\vendor\codeigniter4\framework\system\CLI\Commands.php(63): CodeIgniter\Commands\Database\Migrate->run()
#9 D:\Project\CodeIgniter\Full Panel dr CPANEL\panel_kopma\vendor\codeigniter4\framework\system\CLI\BaseCommand.php(112): CodeIgniter\CLI\Commands->run()
#10 D:\Project\CodeIgniter\Full Panel dr CPANEL\panel_kopma\vendor\codeigniter4\framework\system\Commands\Database\MigrateRefresh.php(85): CodeIgniter\CLI\BaseCommand->call()
#11 D:\Project\CodeIgniter\Full Panel dr CPANEL\panel_kopma\vendor\codeigniter4\framework\system\CLI\Commands.php(63): CodeIgniter\Commands\Database\MigrateRefresh->run()
#12 D:\Project\CodeIgniter\Full Panel dr CPANEL\panel_kopma\vendor\codeigniter4\framework\system\CLI\CommandRunner.php(65): CodeIgniter\CLI\Commands->run()
#13 D:\Project\CodeIgniter\Full Panel dr CPANEL\panel_kopma\vendor\codeigniter4\framework\system\CLI\CommandRunner.php(51): CodeIgniter\CLI\CommandRunner->index()
#14 D:\Project\CodeIgniter\Full Panel dr CPANEL\panel_kopma\vendor\codeigniter4\framework\system\CodeIgniter.php(900): CodeIgniter\CLI\CommandRunner->_remap()
#15 D:\Project\CodeIgniter\Full Panel dr CPANEL\panel_kopma\vendor\codeigniter4\framework\system\CodeIgniter.php(457): CodeIgniter\CodeIgniter->runController()
#16 D:\Project\CodeIgniter\Full Panel dr CPANEL\panel_kopma\vendor\codeigniter4\framework\system\CodeIgniter.php(336): CodeIgniter\CodeIgniter->handleRequest()
#17 D:\Project\CodeIgniter\Full Panel dr CPANEL\panel_kopma\vendor\codeigniter4\framework\system\CLI\Console.php(48): CodeIgniter\CodeIgniter->run()
#18 D:\Project\CodeIgniter\Full Panel dr CPANEL\panel_kopma\spark(86): CodeIgniter\CLI\Console->run()
#19 {main}
ERROR - 2025-09-07 02:10:33 --> mysqli_sql_exception: Table 'data_kegiatan' already exists in D:\Project\CodeIgniter\Full Panel dr CPANEL\panel_kopma\vendor\codeigniter4\framework\system\Database\MySQLi\Connection.php:292
Stack trace:
#0 D:\Project\CodeIgniter\Full Panel dr CPANEL\panel_kopma\vendor\codeigniter4\framework\system\Database\MySQLi\Connection.php(292): mysqli->query()
#1 D:\Project\CodeIgniter\Full Panel dr CPANEL\panel_kopma\vendor\codeigniter4\framework\system\Database\BaseConnection.php(693): CodeIgniter\Database\MySQLi\Connection->execute()
#2 D:\Project\CodeIgniter\Full Panel dr CPANEL\panel_kopma\vendor\codeigniter4\framework\system\Database\BaseConnection.php(620): CodeIgniter\Database\BaseConnection->simpleQuery()
#3 D:\Project\CodeIgniter\Full Panel dr CPANEL\panel_kopma\vendor\codeigniter4\framework\system\Database\Forge.php(509): CodeIgniter\Database\BaseConnection->query()
#4 D:\Project\CodeIgniter\Full Panel dr CPANEL\panel_kopma\app\Database\Migrations\2023-01-01-123612_MainTable.php(366): CodeIgniter\Database\Forge->createTable()
#5 D:\Project\CodeIgniter\Full Panel dr CPANEL\panel_kopma\vendor\codeigniter4\framework\system\Database\MigrationRunner.php(868): App\Database\Migrations\MainTable->up()
#6 D:\Project\CodeIgniter\Full Panel dr CPANEL\panel_kopma\vendor\codeigniter4\framework\system\Database\MigrationRunner.php(187): CodeIgniter\Database\MigrationRunner->migrate()
#7 D:\Project\CodeIgniter\Full Panel dr CPANEL\panel_kopma\vendor\codeigniter4\framework\system\Commands\Database\Migrate.php(84): CodeIgniter\Database\MigrationRunner->latest()
#8 D:\Project\CodeIgniter\Full Panel dr CPANEL\panel_kopma\vendor\codeigniter4\framework\system\CLI\Commands.php(63): CodeIgniter\Commands\Database\Migrate->run()
#9 D:\Project\CodeIgniter\Full Panel dr CPANEL\panel_kopma\vendor\codeigniter4\framework\system\CLI\BaseCommand.php(112): CodeIgniter\CLI\Commands->run()
#10 D:\Project\CodeIgniter\Full Panel dr CPANEL\panel_kopma\vendor\codeigniter4\framework\system\Commands\Database\MigrateRefresh.php(85): CodeIgniter\CLI\BaseCommand->call()
#11 D:\Project\CodeIgniter\Full Panel dr CPANEL\panel_kopma\vendor\codeigniter4\framework\system\CLI\Commands.php(63): CodeIgniter\Commands\Database\MigrateRefresh->run()
#12 D:\Project\CodeIgniter\Full Panel dr CPANEL\panel_kopma\vendor\codeigniter4\framework\system\CLI\CommandRunner.php(65): CodeIgniter\CLI\Commands->run()
#13 D:\Project\CodeIgniter\Full Panel dr CPANEL\panel_kopma\vendor\codeigniter4\framework\system\CLI\CommandRunner.php(51): CodeIgniter\CLI\CommandRunner->index()
#14 D:\Project\CodeIgniter\Full Panel dr CPANEL\panel_kopma\vendor\codeigniter4\framework\system\CodeIgniter.php(900): CodeIgniter\CLI\CommandRunner->_remap()
#15 D:\Project\CodeIgniter\Full Panel dr CPANEL\panel_kopma\vendor\codeigniter4\framework\system\CodeIgniter.php(457): CodeIgniter\CodeIgniter->runController()
#16 D:\Project\CodeIgniter\Full Panel dr CPANEL\panel_kopma\vendor\codeigniter4\framework\system\CodeIgniter.php(336): CodeIgniter\CodeIgniter->handleRequest()
#17 D:\Project\CodeIgniter\Full Panel dr CPANEL\panel_kopma\vendor\codeigniter4\framework\system\CLI\Console.php(48): CodeIgniter\CodeIgniter->run()
#18 D:\Project\CodeIgniter\Full Panel dr CPANEL\panel_kopma\spark(86): CodeIgniter\CLI\Console->run()
#19 {main}
ERROR - 2025-09-07 02:10:39 --> mysqli_sql_exception: Table 'hasil_survey' already exists in D:\Project\CodeIgniter\Full Panel dr CPANEL\panel_kopma\vendor\codeigniter4\framework\system\Database\MySQLi\Connection.php:292
Stack trace:
#0 D:\Project\CodeIgniter\Full Panel dr CPANEL\panel_kopma\vendor\codeigniter4\framework\system\Database\MySQLi\Connection.php(292): mysqli->query()
#1 D:\Project\CodeIgniter\Full Panel dr CPANEL\panel_kopma\vendor\codeigniter4\framework\system\Database\BaseConnection.php(693): CodeIgniter\Database\MySQLi\Connection->execute()
#2 D:\Project\CodeIgniter\Full Panel dr CPANEL\panel_kopma\vendor\codeigniter4\framework\system\Database\BaseConnection.php(620): CodeIgniter\Database\BaseConnection->simpleQuery()
#3 D:\Project\CodeIgniter\Full Panel dr CPANEL\panel_kopma\vendor\codeigniter4\framework\system\Database\Forge.php(509): CodeIgniter\Database\BaseConnection->query()
#4 D:\Project\CodeIgniter\Full Panel dr CPANEL\panel_kopma\app\Database\Migrations\2023-01-01-123612_MainTable.php(410): CodeIgniter\Database\Forge->createTable()
#5 D:\Project\CodeIgniter\Full Panel dr CPANEL\panel_kopma\vendor\codeigniter4\framework\system\Database\MigrationRunner.php(868): App\Database\Migrations\MainTable->up()
#6 D:\Project\CodeIgniter\Full Panel dr CPANEL\panel_kopma\vendor\codeigniter4\framework\system\Database\MigrationRunner.php(187): CodeIgniter\Database\MigrationRunner->migrate()
#7 D:\Project\CodeIgniter\Full Panel dr CPANEL\panel_kopma\vendor\codeigniter4\framework\system\Commands\Database\Migrate.php(84): CodeIgniter\Database\MigrationRunner->latest()
#8 D:\Project\CodeIgniter\Full Panel dr CPANEL\panel_kopma\vendor\codeigniter4\framework\system\CLI\Commands.php(63): CodeIgniter\Commands\Database\Migrate->run()
#9 D:\Project\CodeIgniter\Full Panel dr CPANEL\panel_kopma\vendor\codeigniter4\framework\system\CLI\BaseCommand.php(112): CodeIgniter\CLI\Commands->run()
#10 D:\Project\CodeIgniter\Full Panel dr CPANEL\panel_kopma\vendor\codeigniter4\framework\system\Commands\Database\MigrateRefresh.php(85): CodeIgniter\CLI\BaseCommand->call()
#11 D:\Project\CodeIgniter\Full Panel dr CPANEL\panel_kopma\vendor\codeigniter4\framework\system\CLI\Commands.php(63): CodeIgniter\Commands\Database\MigrateRefresh->run()
#12 D:\Project\CodeIgniter\Full Panel dr CPANEL\panel_kopma\vendor\codeigniter4\framework\system\CLI\CommandRunner.php(65): CodeIgniter\CLI\Commands->run()
#13 D:\Project\CodeIgniter\Full Panel dr CPANEL\panel_kopma\vendor\codeigniter4\framework\system\CLI\CommandRunner.php(51): CodeIgniter\CLI\CommandRunner->index()
#14 D:\Project\CodeIgniter\Full Panel dr CPANEL\panel_kopma\vendor\codeigniter4\framework\system\CodeIgniter.php(900): CodeIgniter\CLI\CommandRunner->_remap()
#15 D:\Project\CodeIgniter\Full Panel dr CPANEL\panel_kopma\vendor\codeigniter4\framework\system\CodeIgniter.php(457): CodeIgniter\CodeIgniter->runController()
#16 D:\Project\CodeIgniter\Full Panel dr CPANEL\panel_kopma\vendor\codeigniter4\framework\system\CodeIgniter.php(336): CodeIgniter\CodeIgniter->handleRequest()
#17 D:\Project\CodeIgniter\Full Panel dr CPANEL\panel_kopma\vendor\codeigniter4\framework\system\CLI\Console.php(48): CodeIgniter\CodeIgniter->run()
#18 D:\Project\CodeIgniter\Full Panel dr CPANEL\panel_kopma\spark(86): CodeIgniter\CLI\Console->run()
#19 {main}
ERROR - 2025-09-07 02:10:51 --> mysqli_sql_exception: Table 'pembayaran_simwa' already exists in D:\Project\CodeIgniter\Full Panel dr CPANEL\panel_kopma\vendor\codeigniter4\framework\system\Database\MySQLi\Connection.php:292
Stack trace:
#0 D:\Project\CodeIgniter\Full Panel dr CPANEL\panel_kopma\vendor\codeigniter4\framework\system\Database\MySQLi\Connection.php(292): mysqli->query()
#1 D:\Project\CodeIgniter\Full Panel dr CPANEL\panel_kopma\vendor\codeigniter4\framework\system\Database\BaseConnection.php(693): CodeIgniter\Database\MySQLi\Connection->execute()
#2 D:\Project\CodeIgniter\Full Panel dr CPANEL\panel_kopma\vendor\codeigniter4\framework\system\Database\BaseConnection.php(620): CodeIgniter\Database\BaseConnection->simpleQuery()
#3 D:\Project\CodeIgniter\Full Panel dr CPANEL\panel_kopma\vendor\codeigniter4\framework\system\Database\Forge.php(509): CodeIgniter\Database\BaseConnection->query()
#4 D:\Project\CodeIgniter\Full Panel dr CPANEL\panel_kopma\app\Database\Migrations\2023-01-01-123612_MainTable.php(453): CodeIgniter\Database\Forge->createTable()
#5 D:\Project\CodeIgniter\Full Panel dr CPANEL\panel_kopma\vendor\codeigniter4\framework\system\Database\MigrationRunner.php(868): App\Database\Migrations\MainTable->up()
#6 D:\Project\CodeIgniter\Full Panel dr CPANEL\panel_kopma\vendor\codeigniter4\framework\system\Database\MigrationRunner.php(187): CodeIgniter\Database\MigrationRunner->migrate()
#7 D:\Project\CodeIgniter\Full Panel dr CPANEL\panel_kopma\vendor\codeigniter4\framework\system\Commands\Database\Migrate.php(84): CodeIgniter\Database\MigrationRunner->latest()
#8 D:\Project\CodeIgniter\Full Panel dr CPANEL\panel_kopma\vendor\codeigniter4\framework\system\CLI\Commands.php(63): CodeIgniter\Commands\Database\Migrate->run()
#9 D:\Project\CodeIgniter\Full Panel dr CPANEL\panel_kopma\vendor\codeigniter4\framework\system\CLI\BaseCommand.php(112): CodeIgniter\CLI\Commands->run()
#10 D:\Project\CodeIgniter\Full Panel dr CPANEL\panel_kopma\vendor\codeigniter4\framework\system\Commands\Database\MigrateRefresh.php(85): CodeIgniter\CLI\BaseCommand->call()
#11 D:\Project\CodeIgniter\Full Panel dr CPANEL\panel_kopma\vendor\codeigniter4\framework\system\CLI\Commands.php(63): CodeIgniter\Commands\Database\MigrateRefresh->run()
#12 D:\Project\CodeIgniter\Full Panel dr CPANEL\panel_kopma\vendor\codeigniter4\framework\system\CLI\CommandRunner.php(65): CodeIgniter\CLI\Commands->run()
#13 D:\Project\CodeIgniter\Full Panel dr CPANEL\panel_kopma\vendor\codeigniter4\framework\system\CLI\CommandRunner.php(51): CodeIgniter\CLI\CommandRunner->index()
#14 D:\Project\CodeIgniter\Full Panel dr CPANEL\panel_kopma\vendor\codeigniter4\framework\system\CodeIgniter.php(900): CodeIgniter\CLI\CommandRunner->_remap()
#15 D:\Project\CodeIgniter\Full Panel dr CPANEL\panel_kopma\vendor\codeigniter4\framework\system\CodeIgniter.php(457): CodeIgniter\CodeIgniter->runController()
#16 D:\Project\CodeIgniter\Full Panel dr CPANEL\panel_kopma\vendor\codeigniter4\framework\system\CodeIgniter.php(336): CodeIgniter\CodeIgniter->handleRequest()
#17 D:\Project\CodeIgniter\Full Panel dr CPANEL\panel_kopma\vendor\codeigniter4\framework\system\CLI\Console.php(48): CodeIgniter\CodeIgniter->run()
#18 D:\Project\CodeIgniter\Full Panel dr CPANEL\panel_kopma\spark(86): CodeIgniter\CLI\Console->run()
#19 {main}
ERROR - 2025-09-07 02:10:57 --> mysqli_sql_exception: Table 'presensi' already exists in D:\Project\CodeIgniter\Full Panel dr CPANEL\panel_kopma\vendor\codeigniter4\framework\system\Database\MySQLi\Connection.php:292
Stack trace:
#0 D:\Project\CodeIgniter\Full Panel dr CPANEL\panel_kopma\vendor\codeigniter4\framework\system\Database\MySQLi\Connection.php(292): mysqli->query()
#1 D:\Project\CodeIgniter\Full Panel dr CPANEL\panel_kopma\vendor\codeigniter4\framework\system\Database\BaseConnection.php(693): CodeIgniter\Database\MySQLi\Connection->execute()
#2 D:\Project\CodeIgniter\Full Panel dr CPANEL\panel_kopma\vendor\codeigniter4\framework\system\Database\BaseConnection.php(620): CodeIgniter\Database\BaseConnection->simpleQuery()
#3 D:\Project\CodeIgniter\Full Panel dr CPANEL\panel_kopma\vendor\codeigniter4\framework\system\Database\Forge.php(509): CodeIgniter\Database\BaseConnection->query()
#4 D:\Project\CodeIgniter\Full Panel dr CPANEL\panel_kopma\app\Database\Migrations\2023-01-01-123612_MainTable.php(489): CodeIgniter\Database\Forge->createTable()
#5 D:\Project\CodeIgniter\Full Panel dr CPANEL\panel_kopma\vendor\codeigniter4\framework\system\Database\MigrationRunner.php(868): App\Database\Migrations\MainTable->up()
#6 D:\Project\CodeIgniter\Full Panel dr CPANEL\panel_kopma\vendor\codeigniter4\framework\system\Database\MigrationRunner.php(187): CodeIgniter\Database\MigrationRunner->migrate()
#7 D:\Project\CodeIgniter\Full Panel dr CPANEL\panel_kopma\vendor\codeigniter4\framework\system\Commands\Database\Migrate.php(84): CodeIgniter\Database\MigrationRunner->latest()
#8 D:\Project\CodeIgniter\Full Panel dr CPANEL\panel_kopma\vendor\codeigniter4\framework\system\CLI\Commands.php(63): CodeIgniter\Commands\Database\Migrate->run()
#9 D:\Project\CodeIgniter\Full Panel dr CPANEL\panel_kopma\vendor\codeigniter4\framework\system\CLI\BaseCommand.php(112): CodeIgniter\CLI\Commands->run()
#10 D:\Project\CodeIgniter\Full Panel dr CPANEL\panel_kopma\vendor\codeigniter4\framework\system\Commands\Database\MigrateRefresh.php(85): CodeIgniter\CLI\BaseCommand->call()
#11 D:\Project\CodeIgniter\Full Panel dr CPANEL\panel_kopma\vendor\codeigniter4\framework\system\CLI\Commands.php(63): CodeIgniter\Commands\Database\MigrateRefresh->run()
#12 D:\Project\CodeIgniter\Full Panel dr CPANEL\panel_kopma\vendor\codeigniter4\framework\system\CLI\CommandRunner.php(65): CodeIgniter\CLI\Commands->run()
#13 D:\Project\CodeIgniter\Full Panel dr CPANEL\panel_kopma\vendor\codeigniter4\framework\system\CLI\CommandRunner.php(51): CodeIgniter\CLI\CommandRunner->index()
#14 D:\Project\CodeIgniter\Full Panel dr CPANEL\panel_kopma\vendor\codeigniter4\framework\system\CodeIgniter.php(900): CodeIgniter\CLI\CommandRunner->_remap()
#15 D:\Project\CodeIgniter\Full Panel dr CPANEL\panel_kopma\vendor\codeigniter4\framework\system\CodeIgniter.php(457): CodeIgniter\CodeIgniter->runController()
#16 D:\Project\CodeIgniter\Full Panel dr CPANEL\panel_kopma\vendor\codeigniter4\framework\system\CodeIgniter.php(336): CodeIgniter\CodeIgniter->handleRequest()
#17 D:\Project\CodeIgniter\Full Panel dr CPANEL\panel_kopma\vendor\codeigniter4\framework\system\CLI\Console.php(48): CodeIgniter\CodeIgniter->run()
#18 D:\Project\CodeIgniter\Full Panel dr CPANEL\panel_kopma\spark(86): CodeIgniter\CLI\Console->run()
#19 {main}
ERROR - 2025-09-07 02:11:06 --> mysqli_sql_exception: Table 'survey_berjalan' already exists in D:\Project\CodeIgniter\Full Panel dr CPANEL\panel_kopma\vendor\codeigniter4\framework\system\Database\MySQLi\Connection.php:292
Stack trace:
#0 D:\Project\CodeIgniter\Full Panel dr CPANEL\panel_kopma\vendor\codeigniter4\framework\system\Database\MySQLi\Connection.php(292): mysqli->query()
#1 D:\Project\CodeIgniter\Full Panel dr CPANEL\panel_kopma\vendor\codeigniter4\framework\system\Database\BaseConnection.php(693): CodeIgniter\Database\MySQLi\Connection->execute()
#2 D:\Project\CodeIgniter\Full Panel dr CPANEL\panel_kopma\vendor\codeigniter4\framework\system\Database\BaseConnection.php(620): CodeIgniter\Database\BaseConnection->simpleQuery()
#3 D:\Project\CodeIgniter\Full Panel dr CPANEL\panel_kopma\vendor\codeigniter4\framework\system\Database\Forge.php(509): CodeIgniter\Database\BaseConnection->query()
#4 D:\Project\CodeIgniter\Full Panel dr CPANEL\panel_kopma\app\Database\Migrations\2023-01-02-170311_Survey.php(49): CodeIgniter\Database\Forge->createTable()
#5 D:\Project\CodeIgniter\Full Panel dr CPANEL\panel_kopma\vendor\codeigniter4\framework\system\Database\MigrationRunner.php(868): App\Database\Migrations\Survey->up()
#6 D:\Project\CodeIgniter\Full Panel dr CPANEL\panel_kopma\vendor\codeigniter4\framework\system\Database\MigrationRunner.php(187): CodeIgniter\Database\MigrationRunner->migrate()
#7 D:\Project\CodeIgniter\Full Panel dr CPANEL\panel_kopma\vendor\codeigniter4\framework\system\Commands\Database\Migrate.php(84): CodeIgniter\Database\MigrationRunner->latest()
#8 D:\Project\CodeIgniter\Full Panel dr CPANEL\panel_kopma\vendor\codeigniter4\framework\system\CLI\Commands.php(63): CodeIgniter\Commands\Database\Migrate->run()
#9 D:\Project\CodeIgniter\Full Panel dr CPANEL\panel_kopma\vendor\codeigniter4\framework\system\CLI\BaseCommand.php(112): CodeIgniter\CLI\Commands->run()
#10 D:\Project\CodeIgniter\Full Panel dr CPANEL\panel_kopma\vendor\codeigniter4\framework\system\Commands\Database\MigrateRefresh.php(85): CodeIgniter\CLI\BaseCommand->call()
#11 D:\Project\CodeIgniter\Full Panel dr CPANEL\panel_kopma\vendor\codeigniter4\framework\system\CLI\Commands.php(63): CodeIgniter\Commands\Database\MigrateRefresh->run()
#12 D:\Project\CodeIgniter\Full Panel dr CPANEL\panel_kopma\vendor\codeigniter4\framework\system\CLI\CommandRunner.php(65): CodeIgniter\CLI\Commands->run()
#13 D:\Project\CodeIgniter\Full Panel dr CPANEL\panel_kopma\vendor\codeigniter4\framework\system\CLI\CommandRunner.php(51): CodeIgniter\CLI\CommandRunner->index()
#14 D:\Project\CodeIgniter\Full Panel dr CPANEL\panel_kopma\vendor\codeigniter4\framework\system\CodeIgniter.php(900): CodeIgniter\CLI\CommandRunner->_remap()
#15 D:\Project\CodeIgniter\Full Panel dr CPANEL\panel_kopma\vendor\codeigniter4\framework\system\CodeIgniter.php(457): CodeIgniter\CodeIgniter->runController()
#16 D:\Project\CodeIgniter\Full Panel dr CPANEL\panel_kopma\vendor\codeigniter4\framework\system\CodeIgniter.php(336): CodeIgniter\CodeIgniter->handleRequest()
#17 D:\Project\CodeIgniter\Full Panel dr CPANEL\panel_kopma\vendor\codeigniter4\framework\system\CLI\Console.php(48): CodeIgniter\CodeIgniter->run()
#18 D:\Project\CodeIgniter\Full Panel dr CPANEL\panel_kopma\spark(86): CodeIgniter\CLI\Console->run()
#19 {main}
ERROR - 2025-09-07 02:11:37 --> mysqli_sql_exception: Table 'survey_berjalan' already exists in D:\Project\CodeIgniter\Full Panel dr CPANEL\panel_kopma\vendor\codeigniter4\framework\system\Database\MySQLi\Connection.php:292
Stack trace:
#0 D:\Project\CodeIgniter\Full Panel dr CPANEL\panel_kopma\vendor\codeigniter4\framework\system\Database\MySQLi\Connection.php(292): mysqli->query()
#1 D:\Project\CodeIgniter\Full Panel dr CPANEL\panel_kopma\vendor\codeigniter4\framework\system\Database\BaseConnection.php(693): CodeIgniter\Database\MySQLi\Connection->execute()
#2 D:\Project\CodeIgniter\Full Panel dr CPANEL\panel_kopma\vendor\codeigniter4\framework\system\Database\BaseConnection.php(620): CodeIgniter\Database\BaseConnection->simpleQuery()
#3 D:\Project\CodeIgniter\Full Panel dr CPANEL\panel_kopma\vendor\codeigniter4\framework\system\Database\Forge.php(509): CodeIgniter\Database\BaseConnection->query()
#4 D:\Project\CodeIgniter\Full Panel dr CPANEL\panel_kopma\app\Database\Migrations\2023-01-02-170311_Survey.php(49): CodeIgniter\Database\Forge->createTable()
#5 D:\Project\CodeIgniter\Full Panel dr CPANEL\panel_kopma\vendor\codeigniter4\framework\system\Database\MigrationRunner.php(868): App\Database\Migrations\Survey->up()
#6 D:\Project\CodeIgniter\Full Panel dr CPANEL\panel_kopma\vendor\codeigniter4\framework\system\Database\MigrationRunner.php(187): CodeIgniter\Database\MigrationRunner->migrate()
#7 D:\Project\CodeIgniter\Full Panel dr CPANEL\panel_kopma\vendor\codeigniter4\framework\system\Commands\Database\Migrate.php(84): CodeIgniter\Database\MigrationRunner->latest()
#8 D:\Project\CodeIgniter\Full Panel dr CPANEL\panel_kopma\vendor\codeigniter4\framework\system\CLI\Commands.php(63): CodeIgniter\Commands\Database\Migrate->run()
#9 D:\Project\CodeIgniter\Full Panel dr CPANEL\panel_kopma\vendor\codeigniter4\framework\system\CLI\BaseCommand.php(112): CodeIgniter\CLI\Commands->run()
#10 D:\Project\CodeIgniter\Full Panel dr CPANEL\panel_kopma\vendor\codeigniter4\framework\system\Commands\Database\MigrateRefresh.php(85): CodeIgniter\CLI\BaseCommand->call()
#11 D:\Project\CodeIgniter\Full Panel dr CPANEL\panel_kopma\vendor\codeigniter4\framework\system\CLI\Commands.php(63): CodeIgniter\Commands\Database\MigrateRefresh->run()
#12 D:\Project\CodeIgniter\Full Panel dr CPANEL\panel_kopma\vendor\codeigniter4\framework\system\CLI\CommandRunner.php(65): CodeIgniter\CLI\Commands->run()
#13 D:\Project\CodeIgniter\Full Panel dr CPANEL\panel_kopma\vendor\codeigniter4\framework\system\CLI\CommandRunner.php(51): CodeIgniter\CLI\CommandRunner->index()
#14 D:\Project\CodeIgniter\Full Panel dr CPANEL\panel_kopma\vendor\codeigniter4\framework\system\CodeIgniter.php(900): CodeIgniter\CLI\CommandRunner->_remap()
#15 D:\Project\CodeIgniter\Full Panel dr CPANEL\panel_kopma\vendor\codeigniter4\framework\system\CodeIgniter.php(457): CodeIgniter\CodeIgniter->runController()
#16 D:\Project\CodeIgniter\Full Panel dr CPANEL\panel_kopma\vendor\codeigniter4\framework\system\CodeIgniter.php(336): CodeIgniter\CodeIgniter->handleRequest()
#17 D:\Project\CodeIgniter\Full Panel dr CPANEL\panel_kopma\vendor\codeigniter4\framework\system\CLI\Console.php(48): CodeIgniter\CodeIgniter->run()
#18 D:\Project\CodeIgniter\Full Panel dr CPANEL\panel_kopma\spark(86): CodeIgniter\CLI\Console->run()
#19 {main}
ERROR - 2025-09-07 02:12:43 --> mysqli_sql_exception: Table 'program_kerja' already exists in D:\Project\CodeIgniter\Full Panel dr CPANEL\panel_kopma\vendor\codeigniter4\framework\system\Database\MySQLi\Connection.php:292
Stack trace:
#0 D:\Project\CodeIgniter\Full Panel dr CPANEL\panel_kopma\vendor\codeigniter4\framework\system\Database\MySQLi\Connection.php(292): mysqli->query()
#1 D:\Project\CodeIgniter\Full Panel dr CPANEL\panel_kopma\vendor\codeigniter4\framework\system\Database\BaseConnection.php(693): CodeIgniter\Database\MySQLi\Connection->execute()
#2 D:\Project\CodeIgniter\Full Panel dr CPANEL\panel_kopma\vendor\codeigniter4\framework\system\Database\BaseConnection.php(620): CodeIgniter\Database\BaseConnection->simpleQuery()
#3 D:\Project\CodeIgniter\Full Panel dr CPANEL\panel_kopma\vendor\codeigniter4\framework\system\Database\Forge.php(509): CodeIgniter\Database\BaseConnection->query()
#4 D:\Project\CodeIgniter\Full Panel dr CPANEL\panel_kopma\app\Database\Migrations\2023-01-02-170311_Survey.php(105): CodeIgniter\Database\Forge->createTable()
#5 D:\Project\CodeIgniter\Full Panel dr CPANEL\panel_kopma\vendor\codeigniter4\framework\system\Database\MigrationRunner.php(868): App\Database\Migrations\Survey->up()
#6 D:\Project\CodeIgniter\Full Panel dr CPANEL\panel_kopma\vendor\codeigniter4\framework\system\Database\MigrationRunner.php(187): CodeIgniter\Database\MigrationRunner->migrate()
#7 D:\Project\CodeIgniter\Full Panel dr CPANEL\panel_kopma\vendor\codeigniter4\framework\system\Commands\Database\Migrate.php(84): CodeIgniter\Database\MigrationRunner->latest()
#8 D:\Project\CodeIgniter\Full Panel dr CPANEL\panel_kopma\vendor\codeigniter4\framework\system\CLI\Commands.php(63): CodeIgniter\Commands\Database\Migrate->run()
#9 D:\Project\CodeIgniter\Full Panel dr CPANEL\panel_kopma\vendor\codeigniter4\framework\system\CLI\BaseCommand.php(112): CodeIgniter\CLI\Commands->run()
#10 D:\Project\CodeIgniter\Full Panel dr CPANEL\panel_kopma\vendor\codeigniter4\framework\system\Commands\Database\MigrateRefresh.php(85): CodeIgniter\CLI\BaseCommand->call()
#11 D:\Project\CodeIgniter\Full Panel dr CPANEL\panel_kopma\vendor\codeigniter4\framework\system\CLI\Commands.php(63): CodeIgniter\Commands\Database\MigrateRefresh->run()
#12 D:\Project\CodeIgniter\Full Panel dr CPANEL\panel_kopma\vendor\codeigniter4\framework\system\CLI\CommandRunner.php(65): CodeIgniter\CLI\Commands->run()
#13 D:\Project\CodeIgniter\Full Panel dr CPANEL\panel_kopma\vendor\codeigniter4\framework\system\CLI\CommandRunner.php(51): CodeIgniter\CLI\CommandRunner->index()
#14 D:\Project\CodeIgniter\Full Panel dr CPANEL\panel_kopma\vendor\codeigniter4\framework\system\CodeIgniter.php(900): CodeIgniter\CLI\CommandRunner->_remap()
#15 D:\Project\CodeIgniter\Full Panel dr CPANEL\panel_kopma\vendor\codeigniter4\framework\system\CodeIgniter.php(457): CodeIgniter\CodeIgniter->runController()
#16 D:\Project\CodeIgniter\Full Panel dr CPANEL\panel_kopma\vendor\codeigniter4\framework\system\CodeIgniter.php(336): CodeIgniter\CodeIgniter->handleRequest()
#17 D:\Project\CodeIgniter\Full Panel dr CPANEL\panel_kopma\vendor\codeigniter4\framework\system\CLI\Console.php(48): CodeIgniter\CodeIgniter->run()
#18 D:\Project\CodeIgniter\Full Panel dr CPANEL\panel_kopma\spark(86): CodeIgniter\CLI\Console->run()
#19 {main}
ERROR - 2025-09-07 02:16:28 --> mysqli_sql_exception: Table 'program_kerja' already exists in D:\Project\CodeIgniter\Full Panel dr CPANEL\panel_kopma\vendor\codeigniter4\framework\system\Database\MySQLi\Connection.php:292
Stack trace:
#0 D:\Project\CodeIgniter\Full Panel dr CPANEL\panel_kopma\vendor\codeigniter4\framework\system\Database\MySQLi\Connection.php(292): mysqli->query()
#1 D:\Project\CodeIgniter\Full Panel dr CPANEL\panel_kopma\vendor\codeigniter4\framework\system\Database\BaseConnection.php(693): CodeIgniter\Database\MySQLi\Connection->execute()
#2 D:\Project\CodeIgniter\Full Panel dr CPANEL\panel_kopma\vendor\codeigniter4\framework\system\Database\BaseConnection.php(620): CodeIgniter\Database\BaseConnection->simpleQuery()
#3 D:\Project\CodeIgniter\Full Panel dr CPANEL\panel_kopma\vendor\codeigniter4\framework\system\Database\Forge.php(509): CodeIgniter\Database\BaseConnection->query()
#4 D:\Project\CodeIgniter\Full Panel dr CPANEL\panel_kopma\app\Database\Migrations\2023-01-02-170311_Survey.php(105): CodeIgniter\Database\Forge->createTable()
#5 D:\Project\CodeIgniter\Full Panel dr CPANEL\panel_kopma\vendor\codeigniter4\framework\system\Database\MigrationRunner.php(868): App\Database\Migrations\Survey->up()
#6 D:\Project\CodeIgniter\Full Panel dr CPANEL\panel_kopma\vendor\codeigniter4\framework\system\Database\MigrationRunner.php(187): CodeIgniter\Database\MigrationRunner->migrate()
#7 D:\Project\CodeIgniter\Full Panel dr CPANEL\panel_kopma\vendor\codeigniter4\framework\system\Commands\Database\Migrate.php(84): CodeIgniter\Database\MigrationRunner->latest()
#8 D:\Project\CodeIgniter\Full Panel dr CPANEL\panel_kopma\vendor\codeigniter4\framework\system\CLI\Commands.php(63): CodeIgniter\Commands\Database\Migrate->run()
#9 D:\Project\CodeIgniter\Full Panel dr CPANEL\panel_kopma\vendor\codeigniter4\framework\system\CLI\BaseCommand.php(112): CodeIgniter\CLI\Commands->run()
#10 D:\Project\CodeIgniter\Full Panel dr CPANEL\panel_kopma\vendor\codeigniter4\framework\system\Commands\Database\MigrateRefresh.php(85): CodeIgniter\CLI\BaseCommand->call()
#11 D:\Project\CodeIgniter\Full Panel dr CPANEL\panel_kopma\vendor\codeigniter4\framework\system\CLI\Commands.php(63): CodeIgniter\Commands\Database\MigrateRefresh->run()
#12 D:\Project\CodeIgniter\Full Panel dr CPANEL\panel_kopma\vendor\codeigniter4\framework\system\CLI\CommandRunner.php(65): CodeIgniter\CLI\Commands->run()
#13 D:\Project\CodeIgniter\Full Panel dr CPANEL\panel_kopma\vendor\codeigniter4\framework\system\CLI\CommandRunner.php(51): CodeIgniter\CLI\CommandRunner->index()
#14 D:\Project\CodeIgniter\Full Panel dr CPANEL\panel_kopma\vendor\codeigniter4\framework\system\CodeIgniter.php(900): CodeIgniter\CLI\CommandRunner->_remap()
#15 D:\Project\CodeIgniter\Full Panel dr CPANEL\panel_kopma\vendor\codeigniter4\framework\system\CodeIgniter.php(457): CodeIgniter\CodeIgniter->runController()
#16 D:\Project\CodeIgniter\Full Panel dr CPANEL\panel_kopma\vendor\codeigniter4\framework\system\CodeIgniter.php(336): CodeIgniter\CodeIgniter->handleRequest()
#17 D:\Project\CodeIgniter\Full Panel dr CPANEL\panel_kopma\vendor\codeigniter4\framework\system\CLI\Console.php(48): CodeIgniter\CodeIgniter->run()
#18 D:\Project\CodeIgniter\Full Panel dr CPANEL\panel_kopma\spark(86): CodeIgniter\CLI\Console->run()
#19 {main}
ERROR - 2025-09-07 02:18:40 --> mysqli_sql_exception: Table 'program_kerja' already exists in D:\Project\CodeIgniter\Full Panel dr CPANEL\panel_kopma\vendor\codeigniter4\framework\system\Database\MySQLi\Connection.php:292
Stack trace:
#0 D:\Project\CodeIgniter\Full Panel dr CPANEL\panel_kopma\vendor\codeigniter4\framework\system\Database\MySQLi\Connection.php(292): mysqli->query()
#1 D:\Project\CodeIgniter\Full Panel dr CPANEL\panel_kopma\vendor\codeigniter4\framework\system\Database\BaseConnection.php(693): CodeIgniter\Database\MySQLi\Connection->execute()
#2 D:\Project\CodeIgniter\Full Panel dr CPANEL\panel_kopma\vendor\codeigniter4\framework\system\Database\BaseConnection.php(620): CodeIgniter\Database\BaseConnection->simpleQuery()
#3 D:\Project\CodeIgniter\Full Panel dr CPANEL\panel_kopma\vendor\codeigniter4\framework\system\Database\Forge.php(509): CodeIgniter\Database\BaseConnection->query()
#4 D:\Project\CodeIgniter\Full Panel dr CPANEL\panel_kopma\app\Database\Migrations\2023-01-02-170311_Survey.php(105): CodeIgniter\Database\Forge->createTable()
#5 D:\Project\CodeIgniter\Full Panel dr CPANEL\panel_kopma\vendor\codeigniter4\framework\system\Database\MigrationRunner.php(868): App\Database\Migrations\Survey->up()
#6 D:\Project\CodeIgniter\Full Panel dr CPANEL\panel_kopma\vendor\codeigniter4\framework\system\Database\MigrationRunner.php(187): CodeIgniter\Database\MigrationRunner->migrate()
#7 D:\Project\CodeIgniter\Full Panel dr CPANEL\panel_kopma\vendor\codeigniter4\framework\system\Commands\Database\Migrate.php(84): CodeIgniter\Database\MigrationRunner->latest()
#8 D:\Project\CodeIgniter\Full Panel dr CPANEL\panel_kopma\vendor\codeigniter4\framework\system\CLI\Commands.php(63): CodeIgniter\Commands\Database\Migrate->run()
#9 D:\Project\CodeIgniter\Full Panel dr CPANEL\panel_kopma\vendor\codeigniter4\framework\system\CLI\CommandRunner.php(65): CodeIgniter\CLI\Commands->run()
#10 D:\Project\CodeIgniter\Full Panel dr CPANEL\panel_kopma\vendor\codeigniter4\framework\system\CLI\CommandRunner.php(51): CodeIgniter\CLI\CommandRunner->index()
#11 D:\Project\CodeIgniter\Full Panel dr CPANEL\panel_kopma\vendor\codeigniter4\framework\system\CodeIgniter.php(900): CodeIgniter\CLI\CommandRunner->_remap()
#12 D:\Project\CodeIgniter\Full Panel dr CPANEL\panel_kopma\vendor\codeigniter4\framework\system\CodeIgniter.php(457): CodeIgniter\CodeIgniter->runController()
#13 D:\Project\CodeIgniter\Full Panel dr CPANEL\panel_kopma\vendor\codeigniter4\framework\system\CodeIgniter.php(336): CodeIgniter\CodeIgniter->handleRequest()
#14 D:\Project\CodeIgniter\Full Panel dr CPANEL\panel_kopma\vendor\codeigniter4\framework\system\CLI\Console.php(48): CodeIgniter\CodeIgniter->run()
#15 D:\Project\CodeIgniter\Full Panel dr CPANEL\panel_kopma\spark(86): CodeIgniter\CLI\Console->run()
#16 {main}
ERROR - 2025-09-07 20:37:27 --> mysqli_sql_exception: Unknown column 'nomor_anggota' in 'field list' in D:\Project\CodeIgniter\Full Panel dr CPANEL\panel_kopma\vendor\codeigniter4\framework\system\Database\MySQLi\Connection.php:292
Stack trace:
#0 D:\Project\CodeIgniter\Full Panel dr CPANEL\panel_kopma\vendor\codeigniter4\framework\system\Database\MySQLi\Connection.php(292): mysqli->query()
#1 D:\Project\CodeIgniter\Full Panel dr CPANEL\panel_kopma\vendor\codeigniter4\framework\system\Database\BaseConnection.php(693): CodeIgniter\Database\MySQLi\Connection->execute()
#2 D:\Project\CodeIgniter\Full Panel dr CPANEL\panel_kopma\vendor\codeigniter4\framework\system\Database\BaseConnection.php(620): CodeIgniter\Database\BaseConnection->simpleQuery()
#3 D:\Project\CodeIgniter\Full Panel dr CPANEL\panel_kopma\vendor\codeigniter4\framework\system\Database\BaseBuilder.php(1916): CodeIgniter\Database\BaseConnection->query()
#4 D:\Project\CodeIgniter\Full Panel dr CPANEL\panel_kopma\vendor\codeigniter4\framework\system\Model.php(279): CodeIgniter\Database\BaseBuilder->insert()
#5 D:\Project\CodeIgniter\Full Panel dr CPANEL\panel_kopma\vendor\codeigniter4\framework\system\BaseModel.php(738): CodeIgniter\Model->doInsert()
#6 D:\Project\CodeIgniter\Full Panel dr CPANEL\panel_kopma\vendor\codeigniter4\framework\system\Model.php(667): CodeIgniter\BaseModel->insert()
#7 D:\Project\CodeIgniter\Full Panel dr CPANEL\panel_kopma\app\Controllers\Psda.php(278): CodeIgniter\Model->insert()
#8 D:\Project\CodeIgniter\Full Panel dr CPANEL\panel_kopma\vendor\codeigniter4\framework\system\CodeIgniter.php(907): App\Controllers\Psda->update_anggota()
#9 D:\Project\CodeIgniter\Full Panel dr CPANEL\panel_kopma\vendor\codeigniter4\framework\system\CodeIgniter.php(457): CodeIgniter\CodeIgniter->runController()
#10 D:\Project\CodeIgniter\Full Panel dr CPANEL\panel_kopma\vendor\codeigniter4\framework\system\CodeIgniter.php(340): CodeIgniter\CodeIgniter->handleRequest()
#11 D:\Project\CodeIgniter\Full Panel dr CPANEL\panel_kopma\public\index.php(55): CodeIgniter\CodeIgniter->run()
#12 D:\Project\CodeIgniter\Full Panel dr CPANEL\panel_kopma\vendor\codeigniter4\framework\system\Commands\Server\rewrite.php(43): require_once('...')
#13 {main}
CRITICAL - 2025-09-07 20:37:27 --> Unknown column 'nomor_anggota' in 'field list'
in SYSTEMPATH\Database\MySQLi\Connection.php on line 292.
 1 SYSTEMPATH\Database\MySQLi\Connection.php(292): mysqli->query()
 2 SYSTEMPATH\Database\BaseConnection.php(693): CodeIgniter\Database\MySQLi\Connection->execute()
 3 SYSTEMPATH\Database\BaseConnection.php(620): CodeIgniter\Database\BaseConnection->simpleQuery()
 4 SYSTEMPATH\Database\BaseBuilder.php(1916): CodeIgniter\Database\BaseConnection->query()
 5 SYSTEMPATH\Model.php(279): CodeIgniter\Database\BaseBuilder->insert()
 6 SYSTEMPATH\BaseModel.php(738): CodeIgniter\Model->doInsert()
 7 SYSTEMPATH\Model.php(667): CodeIgniter\BaseModel->insert()
 8 APPPATH\Controllers\Psda.php(278): CodeIgniter\Model->insert()
 9 SYSTEMPATH\CodeIgniter.php(907): App\Controllers\Psda->update_anggota()
10 SYSTEMPATH\CodeIgniter.php(457): CodeIgniter\CodeIgniter->runController()
11 SYSTEMPATH\CodeIgniter.php(340): CodeIgniter\CodeIgniter->handleRequest()
12 FCPATH\index.php(55): CodeIgniter\CodeIgniter->run()
13 SYSTEMPATH\Commands\Server\rewrite.php(43): require_once('FCPATH\\index.php')
ERROR - 2025-09-07 20:46:27 --> mysqli_sql_exception: Unknown column 'jenis_kelamin' in 'field list' in D:\Project\CodeIgniter\Full Panel dr CPANEL\panel_kopma\vendor\codeigniter4\framework\system\Database\MySQLi\Connection.php:292
Stack trace:
#0 D:\Project\CodeIgniter\Full Panel dr CPANEL\panel_kopma\vendor\codeigniter4\framework\system\Database\MySQLi\Connection.php(292): mysqli->query()
#1 D:\Project\CodeIgniter\Full Panel dr CPANEL\panel_kopma\vendor\codeigniter4\framework\system\Database\BaseConnection.php(693): CodeIgniter\Database\MySQLi\Connection->execute()
#2 D:\Project\CodeIgniter\Full Panel dr CPANEL\panel_kopma\vendor\codeigniter4\framework\system\Database\BaseConnection.php(620): CodeIgniter\Database\BaseConnection->simpleQuery()
#3 D:\Project\CodeIgniter\Full Panel dr CPANEL\panel_kopma\vendor\codeigniter4\framework\system\Database\BaseBuilder.php(1916): CodeIgniter\Database\BaseConnection->query()
#4 D:\Project\CodeIgniter\Full Panel dr CPANEL\panel_kopma\vendor\codeigniter4\framework\system\Model.php(279): CodeIgniter\Database\BaseBuilder->insert()
#5 D:\Project\CodeIgniter\Full Panel dr CPANEL\panel_kopma\vendor\codeigniter4\framework\system\BaseModel.php(738): CodeIgniter\Model->doInsert()
#6 D:\Project\CodeIgniter\Full Panel dr CPANEL\panel_kopma\vendor\codeigniter4\framework\system\Model.php(667): CodeIgniter\BaseModel->insert()
#7 D:\Project\CodeIgniter\Full Panel dr CPANEL\panel_kopma\app\Controllers\Psda.php(278): CodeIgniter\Model->insert()
#8 D:\Project\CodeIgniter\Full Panel dr CPANEL\panel_kopma\vendor\codeigniter4\framework\system\CodeIgniter.php(907): App\Controllers\Psda->update_anggota()
#9 D:\Project\CodeIgniter\Full Panel dr CPANEL\panel_kopma\vendor\codeigniter4\framework\system\CodeIgniter.php(457): CodeIgniter\CodeIgniter->runController()
#10 D:\Project\CodeIgniter\Full Panel dr CPANEL\panel_kopma\vendor\codeigniter4\framework\system\CodeIgniter.php(340): CodeIgniter\CodeIgniter->handleRequest()
#11 D:\Project\CodeIgniter\Full Panel dr CPANEL\panel_kopma\public\index.php(55): CodeIgniter\CodeIgniter->run()
#12 D:\Project\CodeIgniter\Full Panel dr CPANEL\panel_kopma\vendor\codeigniter4\framework\system\Commands\Server\rewrite.php(43): require_once('...')
#13 {main}
CRITICAL - 2025-09-07 20:46:27 --> Unknown column 'jenis_kelamin' in 'field list'
in SYSTEMPATH\Database\MySQLi\Connection.php on line 292.
 1 SYSTEMPATH\Database\MySQLi\Connection.php(292): mysqli->query()
 2 SYSTEMPATH\Database\BaseConnection.php(693): CodeIgniter\Database\MySQLi\Connection->execute()
 3 SYSTEMPATH\Database\BaseConnection.php(620): CodeIgniter\Database\BaseConnection->simpleQuery()
 4 SYSTEMPATH\Database\BaseBuilder.php(1916): CodeIgniter\Database\BaseConnection->query()
 5 SYSTEMPATH\Model.php(279): CodeIgniter\Database\BaseBuilder->insert()
 6 SYSTEMPATH\BaseModel.php(738): CodeIgniter\Model->doInsert()
 7 SYSTEMPATH\Model.php(667): CodeIgniter\BaseModel->insert()
 8 APPPATH\Controllers\Psda.php(278): CodeIgniter\Model->insert()
 9 SYSTEMPATH\CodeIgniter.php(907): App\Controllers\Psda->update_anggota()
10 SYSTEMPATH\CodeIgniter.php(457): CodeIgniter\CodeIgniter->runController()
11 SYSTEMPATH\CodeIgniter.php(340): CodeIgniter\CodeIgniter->handleRequest()
12 FCPATH\index.php(55): CodeIgniter\CodeIgniter->run()
13 SYSTEMPATH\Commands\Server\rewrite.php(43): require_once('FCPATH\\index.php')
ERROR - 2025-09-07 21:51:53 --> Error connecting to the database: mysqli_sql_exception: No connection could be made because the target machine actively refused it in D:\Project\CodeIgniter\Full Panel dr CPANEL\panel_kopma\vendor\codeigniter4\framework\system\Database\MySQLi\Connection.php:170
Stack trace:
#0 D:\Project\CodeIgniter\Full Panel dr CPANEL\panel_kopma\vendor\codeigniter4\framework\system\Database\MySQLi\Connection.php(170): mysqli->real_connect()
#1 D:\Project\CodeIgniter\Full Panel dr CPANEL\panel_kopma\vendor\codeigniter4\framework\system\Database\BaseConnection.php(382): CodeIgniter\Database\MySQLi\Connection->connect()
#2 D:\Project\CodeIgniter\Full Panel dr CPANEL\panel_kopma\vendor\codeigniter4\framework\system\Database\BaseConnection.php(588): CodeIgniter\Database\BaseConnection->initialize()
#3 D:\Project\CodeIgniter\Full Panel dr CPANEL\panel_kopma\vendor\codeigniter4\framework\system\Database\BaseBuilder.php(1585): CodeIgniter\Database\BaseConnection->query()
#4 D:\Project\CodeIgniter\Full Panel dr CPANEL\panel_kopma\vendor\codeigniter4\framework\system\Model.php(182): CodeIgniter\Database\BaseBuilder->get()
#5 D:\Project\CodeIgniter\Full Panel dr CPANEL\panel_kopma\vendor\codeigniter4\framework\system\BaseModel.php(523): CodeIgniter\Model->doFind()
#6 D:\Project\CodeIgniter\Full Panel dr CPANEL\panel_kopma\vendor\myth\auth\src\Authentication\AuthenticationBase.php(130): CodeIgniter\BaseModel->find()
#7 D:\Project\CodeIgniter\Full Panel dr CPANEL\panel_kopma\vendor\myth\auth\src\Authentication\LocalAuthenticator.php(67): Myth\Auth\Authentication\AuthenticationBase->isLoggedIn()
#8 D:\Project\CodeIgniter\Full Panel dr CPANEL\panel_kopma\vendor\myth\auth\src\Filters\LoginFilter.php(31): Myth\Auth\Authentication\LocalAuthenticator->check()
#9 D:\Project\CodeIgniter\Full Panel dr CPANEL\panel_kopma\vendor\codeigniter4\framework\system\Filters\Filters.php(173): Myth\Auth\Filters\LoginFilter->before()
#10 D:\Project\CodeIgniter\Full Panel dr CPANEL\panel_kopma\vendor\codeigniter4\framework\system\CodeIgniter.php(431): CodeIgniter\Filters\Filters->run()
#11 D:\Project\CodeIgniter\Full Panel dr CPANEL\panel_kopma\vendor\codeigniter4\framework\system\CodeIgniter.php(340): CodeIgniter\CodeIgniter->handleRequest()
#12 D:\Project\CodeIgniter\Full Panel dr CPANEL\panel_kopma\public\index.php(55): CodeIgniter\CodeIgniter->run()
#13 D:\Project\CodeIgniter\Full Panel dr CPANEL\panel_kopma\vendor\codeigniter4\framework\system\Commands\Server\rewrite.php(43): require_once('...')
#14 {main}

Next CodeIgniter\Database\Exceptions\DatabaseException: No connection could be made because the target machine actively refused it in D:\Project\CodeIgniter\Full Panel dr CPANEL\panel_kopma\vendor\codeigniter4\framework\system\Database\MySQLi\Connection.php:215
Stack trace:
#0 D:\Project\CodeIgniter\Full Panel dr CPANEL\panel_kopma\vendor\codeigniter4\framework\system\Database\BaseConnection.php(382): CodeIgniter\Database\MySQLi\Connection->connect()
#1 D:\Project\CodeIgniter\Full Panel dr CPANEL\panel_kopma\vendor\codeigniter4\framework\system\Database\BaseConnection.php(588): CodeIgniter\Database\BaseConnection->initialize()
#2 D:\Project\CodeIgniter\Full Panel dr CPANEL\panel_kopma\vendor\codeigniter4\framework\system\Database\BaseBuilder.php(1585): CodeIgniter\Database\BaseConnection->query()
#3 D:\Project\CodeIgniter\Full Panel dr CPANEL\panel_kopma\vendor\codeigniter4\framework\system\Model.php(182): CodeIgniter\Database\BaseBuilder->get()
#4 D:\Project\CodeIgniter\Full Panel dr CPANEL\panel_kopma\vendor\codeigniter4\framework\system\BaseModel.php(523): CodeIgniter\Model->doFind()
#5 D:\Project\CodeIgniter\Full Panel dr CPANEL\panel_kopma\vendor\myth\auth\src\Authentication\AuthenticationBase.php(130): CodeIgniter\BaseModel->find()
#6 D:\Project\CodeIgniter\Full Panel dr CPANEL\panel_kopma\vendor\myth\auth\src\Authentication\LocalAuthenticator.php(67): Myth\Auth\Authentication\AuthenticationBase->isLoggedIn()
#7 D:\Project\CodeIgniter\Full Panel dr CPANEL\panel_kopma\vendor\myth\auth\src\Filters\LoginFilter.php(31): Myth\Auth\Authentication\LocalAuthenticator->check()
#8 D:\Project\CodeIgniter\Full Panel dr CPANEL\panel_kopma\vendor\codeigniter4\framework\system\Filters\Filters.php(173): Myth\Auth\Filters\LoginFilter->before()
#9 D:\Project\CodeIgniter\Full Panel dr CPANEL\panel_kopma\vendor\codeigniter4\framework\system\CodeIgniter.php(431): CodeIgniter\Filters\Filters->run()
#10 D:\Project\CodeIgniter\Full Panel dr CPANEL\panel_kopma\vendor\codeigniter4\framework\system\CodeIgniter.php(340): CodeIgniter\CodeIgniter->handleRequest()
#11 D:\Project\CodeIgniter\Full Panel dr CPANEL\panel_kopma\public\index.php(55): CodeIgniter\CodeIgniter->run()
#12 D:\Project\CodeIgniter\Full Panel dr CPANEL\panel_kopma\vendor\codeigniter4\framework\system\Commands\Server\rewrite.php(43): require_once('...')
#13 {main}
CRITICAL - 2025-09-07 21:51:53 --> Unable to connect to the database.
Main connection [MySQLi]: No connection could be made because the target machine actively refused it
in SYSTEMPATH\Database\BaseConnection.php on line 418.
 1 SYSTEMPATH\Database\BaseConnection.php(588): CodeIgniter\Database\BaseConnection->initialize()
 2 SYSTEMPATH\Database\BaseBuilder.php(1585): CodeIgniter\Database\BaseConnection->query()
 3 SYSTEMPATH\Model.php(182): CodeIgniter\Database\BaseBuilder->get()
 4 SYSTEMPATH\BaseModel.php(523): CodeIgniter\Model->doFind()
 5 VENDORPATH\myth\auth\src\Authentication\AuthenticationBase.php(130): CodeIgniter\BaseModel->find()
 6 VENDORPATH\myth\auth\src\Authentication\LocalAuthenticator.php(67): Myth\Auth\Authentication\AuthenticationBase->isLoggedIn()
 7 VENDORPATH\myth\auth\src\Filters\LoginFilter.php(31): Myth\Auth\Authentication\LocalAuthenticator->check()
 8 SYSTEMPATH\Filters\Filters.php(173): Myth\Auth\Filters\LoginFilter->before()
 9 SYSTEMPATH\CodeIgniter.php(431): CodeIgniter\Filters\Filters->run()
10 SYSTEMPATH\CodeIgniter.php(340): CodeIgniter\CodeIgniter->handleRequest()
11 FCPATH\index.php(55): CodeIgniter\CodeIgniter->run()
12 SYSTEMPATH\Commands\Server\rewrite.php(43): require_once('FCPATH\\index.php')
