CRITICAL - 2022-09-17 13:34:39 --> Trying to access array offset on value of type null
in APPPATH\Views\psda\edit_anggota.php on line 20.
 1 APPPATH\Views\psda\edit_anggota.php(20): CodeIgniter\Debug\Exceptions->errorHandler(8, 'Trying to access array offset on value of type null', 'APPPATH\\Views\\psda\\edit_anggota.php', 20, [...])
 2 SYSTEMPATH\View\View.php(213): include('APPPATH\\Views\\psda\\edit_anggota.php')
 3 SYSTEMPATH\View\View.php(216): CodeIgniter\View\View->CodeIgniter\View\{closure}()
 4 SYSTEMPATH\Common.php(1135): CodeIgniter\View\View->render('/psda/edit_anggota', [], true)
 5 APPPATH\Controllers\Psda.php(107): view('/psda/edit_anggota', [...])
 6 SYSTEMPATH\CodeIgniter.php(896): App\Controllers\Psda->edit_anggota('FCPATH\\js', 'jsfunctions.js')
 7 SYSTEMPATH\CodeIgniter.php(466): CodeIgniter\CodeIgniter->runController(Object(App\Controllers\Psda))
 8 SYSTEMPATH\CodeIgniter.php(349): CodeIgniter\CodeIgniter->handleRequest(null, Object(Config\Cache), false)
 9 FCPATH\index.php(55): CodeIgniter\CodeIgniter->run()
10 SYSTEMPATH\Commands\Server\rewrite.php(43): require_once('FCPATH\\index.php')
CRITICAL - 2022-09-17 13:34:40 --> Trying to access array offset on value of type null
in APPPATH\Views\psda\edit_anggota.php on line 20.
 1 APPPATH\Views\psda\edit_anggota.php(20): CodeIgniter\Debug\Exceptions->errorHandler(8, 'Trying to access array offset on value of type null', 'APPPATH\\Views\\psda\\edit_anggota.php', 20, [...])
 2 SYSTEMPATH\View\View.php(213): include('APPPATH\\Views\\psda\\edit_anggota.php')
 3 SYSTEMPATH\View\View.php(216): CodeIgniter\View\View->CodeIgniter\View\{closure}()
 4 SYSTEMPATH\Common.php(1135): CodeIgniter\View\View->render('/psda/edit_anggota', [], true)
 5 APPPATH\Controllers\Psda.php(107): view('/psda/edit_anggota', [...])
 6 SYSTEMPATH\CodeIgniter.php(896): App\Controllers\Psda->edit_anggota('FCPATH\\js', 'qrcode.js')
 7 SYSTEMPATH\CodeIgniter.php(466): CodeIgniter\CodeIgniter->runController(Object(App\Controllers\Psda))
 8 SYSTEMPATH\CodeIgniter.php(349): CodeIgniter\CodeIgniter->handleRequest(null, Object(Config\Cache), false)
 9 FCPATH\index.php(55): CodeIgniter\CodeIgniter->run()
10 SYSTEMPATH\Commands\Server\rewrite.php(43): require_once('FCPATH\\index.php')
CRITICAL - 2022-09-17 14:03:00 --> Trying to access array offset on value of type null
in APPPATH\Views\psda\edit_anggota.php on line 20.
 1 APPPATH\Views\psda\edit_anggota.php(20): CodeIgniter\Debug\Exceptions->errorHandler(8, 'Trying to access array offset on value of type null', 'APPPATH\\Views\\psda\\edit_anggota.php', 20, [...])
 2 SYSTEMPATH\View\View.php(213): include('APPPATH\\Views\\psda\\edit_anggota.php')
 3 SYSTEMPATH\View\View.php(216): CodeIgniter\View\View->CodeIgniter\View\{closure}()
 4 SYSTEMPATH\Common.php(1135): CodeIgniter\View\View->render('/psda/edit_anggota', [], true)
 5 APPPATH\Controllers\Psda.php(108): view('/psda/edit_anggota', [...])
 6 SYSTEMPATH\CodeIgniter.php(896): App\Controllers\Psda->edit_anggota('FCPATH\\js', 'jsfunctions.js')
 7 SYSTEMPATH\CodeIgniter.php(466): CodeIgniter\CodeIgniter->runController(Object(App\Controllers\Psda))
 8 SYSTEMPATH\CodeIgniter.php(349): CodeIgniter\CodeIgniter->handleRequest(null, Object(Config\Cache), false)
 9 FCPATH\index.php(55): CodeIgniter\CodeIgniter->run()
10 SYSTEMPATH\Commands\Server\rewrite.php(43): require_once('FCPATH\\index.php')
CRITICAL - 2022-09-17 14:03:00 --> Trying to access array offset on value of type null
in APPPATH\Views\psda\edit_anggota.php on line 20.
 1 APPPATH\Views\psda\edit_anggota.php(20): CodeIgniter\Debug\Exceptions->errorHandler(8, 'Trying to access array offset on value of type null', 'APPPATH\\Views\\psda\\edit_anggota.php', 20, [...])
 2 SYSTEMPATH\View\View.php(213): include('APPPATH\\Views\\psda\\edit_anggota.php')
 3 SYSTEMPATH\View\View.php(216): CodeIgniter\View\View->CodeIgniter\View\{closure}()
 4 SYSTEMPATH\Common.php(1135): CodeIgniter\View\View->render('/psda/edit_anggota', [], true)
 5 APPPATH\Controllers\Psda.php(108): view('/psda/edit_anggota', [...])
 6 SYSTEMPATH\CodeIgniter.php(896): App\Controllers\Psda->edit_anggota('FCPATH\\js', 'qrcode.js')
 7 SYSTEMPATH\CodeIgniter.php(466): CodeIgniter\CodeIgniter->runController(Object(App\Controllers\Psda))
 8 SYSTEMPATH\CodeIgniter.php(349): CodeIgniter\CodeIgniter->handleRequest(null, Object(Config\Cache), false)
 9 FCPATH\index.php(55): CodeIgniter\CodeIgniter->run()
10 SYSTEMPATH\Commands\Server\rewrite.php(43): require_once('FCPATH\\index.php')
CRITICAL - 2022-09-17 14:03:09 --> Trying to access array offset on value of type null
in APPPATH\Views\psda\edit_anggota.php on line 20.
 1 APPPATH\Views\psda\edit_anggota.php(20): CodeIgniter\Debug\Exceptions->errorHandler(8, 'Trying to access array offset on value of type null', 'APPPATH\\Views\\psda\\edit_anggota.php', 20, [...])
 2 SYSTEMPATH\View\View.php(213): include('APPPATH\\Views\\psda\\edit_anggota.php')
 3 SYSTEMPATH\View\View.php(216): CodeIgniter\View\View->CodeIgniter\View\{closure}()
 4 SYSTEMPATH\Common.php(1135): CodeIgniter\View\View->render('/psda/edit_anggota', [], true)
 5 APPPATH\Controllers\Psda.php(108): view('/psda/edit_anggota', [...])
 6 SYSTEMPATH\CodeIgniter.php(896): App\Controllers\Psda->edit_anggota('FCPATH\\js', 'jsfunctions.js')
 7 SYSTEMPATH\CodeIgniter.php(466): CodeIgniter\CodeIgniter->runController(Object(App\Controllers\Psda))
 8 SYSTEMPATH\CodeIgniter.php(349): CodeIgniter\CodeIgniter->handleRequest(null, Object(Config\Cache), false)
 9 FCPATH\index.php(55): CodeIgniter\CodeIgniter->run()
10 SYSTEMPATH\Commands\Server\rewrite.php(43): require_once('FCPATH\\index.php')
CRITICAL - 2022-09-17 14:03:10 --> Trying to access array offset on value of type null
in APPPATH\Views\psda\edit_anggota.php on line 20.
 1 APPPATH\Views\psda\edit_anggota.php(20): CodeIgniter\Debug\Exceptions->errorHandler(8, 'Trying to access array offset on value of type null', 'APPPATH\\Views\\psda\\edit_anggota.php', 20, [...])
 2 SYSTEMPATH\View\View.php(213): include('APPPATH\\Views\\psda\\edit_anggota.php')
 3 SYSTEMPATH\View\View.php(216): CodeIgniter\View\View->CodeIgniter\View\{closure}()
 4 SYSTEMPATH\Common.php(1135): CodeIgniter\View\View->render('/psda/edit_anggota', [], true)
 5 APPPATH\Controllers\Psda.php(108): view('/psda/edit_anggota', [...])
 6 SYSTEMPATH\CodeIgniter.php(896): App\Controllers\Psda->edit_anggota('FCPATH\\js', 'qrcode.js')
 7 SYSTEMPATH\CodeIgniter.php(466): CodeIgniter\CodeIgniter->runController(Object(App\Controllers\Psda))
 8 SYSTEMPATH\CodeIgniter.php(349): CodeIgniter\CodeIgniter->handleRequest(null, Object(Config\Cache), false)
 9 FCPATH\index.php(55): CodeIgniter\CodeIgniter->run()
10 SYSTEMPATH\Commands\Server\rewrite.php(43): require_once('FCPATH\\index.php')
CRITICAL - 2022-09-17 14:05:52 --> Trying to access array offset on value of type null
in APPPATH\Views\psda\edit_anggota.php on line 20.
 1 APPPATH\Views\psda\edit_anggota.php(20): CodeIgniter\Debug\Exceptions->errorHandler(8, 'Trying to access array offset on value of type null', 'APPPATH\\Views\\psda\\edit_anggota.php', 20, [...])
 2 SYSTEMPATH\View\View.php(213): include('APPPATH\\Views\\psda\\edit_anggota.php')
 3 SYSTEMPATH\View\View.php(216): CodeIgniter\View\View->CodeIgniter\View\{closure}()
 4 SYSTEMPATH\Common.php(1135): CodeIgniter\View\View->render('/psda/edit_anggota', [], true)
 5 APPPATH\Controllers\Psda.php(108): view('/psda/edit_anggota', [...])
 6 SYSTEMPATH\CodeIgniter.php(896): App\Controllers\Psda->edit_anggota('FCPATH\\js', 'jsfunctions.js')
 7 SYSTEMPATH\CodeIgniter.php(466): CodeIgniter\CodeIgniter->runController(Object(App\Controllers\Psda))
 8 SYSTEMPATH\CodeIgniter.php(349): CodeIgniter\CodeIgniter->handleRequest(null, Object(Config\Cache), false)
 9 FCPATH\index.php(55): CodeIgniter\CodeIgniter->run()
10 SYSTEMPATH\Commands\Server\rewrite.php(43): require_once('FCPATH\\index.php')
CRITICAL - 2022-09-17 14:05:52 --> Trying to access array offset on value of type null
in APPPATH\Views\psda\edit_anggota.php on line 20.
 1 APPPATH\Views\psda\edit_anggota.php(20): CodeIgniter\Debug\Exceptions->errorHandler(8, 'Trying to access array offset on value of type null', 'APPPATH\\Views\\psda\\edit_anggota.php', 20, [...])
 2 SYSTEMPATH\View\View.php(213): include('APPPATH\\Views\\psda\\edit_anggota.php')
 3 SYSTEMPATH\View\View.php(216): CodeIgniter\View\View->CodeIgniter\View\{closure}()
 4 SYSTEMPATH\Common.php(1135): CodeIgniter\View\View->render('/psda/edit_anggota', [], true)
 5 APPPATH\Controllers\Psda.php(108): view('/psda/edit_anggota', [...])
 6 SYSTEMPATH\CodeIgniter.php(896): App\Controllers\Psda->edit_anggota('FCPATH\\js', 'qrcode.js')
 7 SYSTEMPATH\CodeIgniter.php(466): CodeIgniter\CodeIgniter->runController(Object(App\Controllers\Psda))
 8 SYSTEMPATH\CodeIgniter.php(349): CodeIgniter\CodeIgniter->handleRequest(null, Object(Config\Cache), false)
 9 FCPATH\index.php(55): CodeIgniter\CodeIgniter->run()
10 SYSTEMPATH\Commands\Server\rewrite.php(43): require_once('FCPATH\\index.php')
CRITICAL - 2022-09-17 14:06:09 --> Trying to access array offset on value of type null
in APPPATH\Views\psda\edit_anggota.php on line 20.
 1 APPPATH\Views\psda\edit_anggota.php(20): CodeIgniter\Debug\Exceptions->errorHandler(8, 'Trying to access array offset on value of type null', 'APPPATH\\Views\\psda\\edit_anggota.php', 20, [...])
 2 SYSTEMPATH\View\View.php(213): include('APPPATH\\Views\\psda\\edit_anggota.php')
 3 SYSTEMPATH\View\View.php(216): CodeIgniter\View\View->CodeIgniter\View\{closure}()
 4 SYSTEMPATH\Common.php(1135): CodeIgniter\View\View->render('/psda/edit_anggota', [], true)
 5 APPPATH\Controllers\Psda.php(108): view('/psda/edit_anggota', [...])
 6 SYSTEMPATH\CodeIgniter.php(896): App\Controllers\Psda->edit_anggota('update_anggota')
 7 SYSTEMPATH\CodeIgniter.php(466): CodeIgniter\CodeIgniter->runController(Object(App\Controllers\Psda))
 8 SYSTEMPATH\CodeIgniter.php(349): CodeIgniter\CodeIgniter->handleRequest(null, Object(Config\Cache), false)
 9 FCPATH\index.php(55): CodeIgniter\CodeIgniter->run()
10 SYSTEMPATH\Commands\Server\rewrite.php(43): require_once('FCPATH\\index.php')
CRITICAL - 2022-09-17 14:12:45 --> Invalid argument supplied for foreach()
in APPPATH\Views\psda\data_anggota.php on line 69.
 1 APPPATH\Views\psda\data_anggota.php(69): CodeIgniter\Debug\Exceptions->errorHandler(2, 'Invalid argument supplied for foreach()', 'APPPATH\\Views\\psda\\data_anggota.php', 69, [...])
 2 SYSTEMPATH\View\View.php(213): include('APPPATH\\Views\\psda\\data_anggota.php')
 3 SYSTEMPATH\View\View.php(216): CodeIgniter\View\View->CodeIgniter\View\{closure}()
 4 SYSTEMPATH\Common.php(1135): CodeIgniter\View\View->render('/psda/data_anggota', [], true)
 5 APPPATH\Controllers\Psda.php(109): view('/psda/data_anggota', [...])
 6 SYSTEMPATH\CodeIgniter.php(896): App\Controllers\Psda->edit_anggota('update_anggota')
 7 SYSTEMPATH\CodeIgniter.php(466): CodeIgniter\CodeIgniter->runController(Object(App\Controllers\Psda))
 8 SYSTEMPATH\CodeIgniter.php(349): CodeIgniter\CodeIgniter->handleRequest(null, Object(Config\Cache), false)
 9 FCPATH\index.php(55): CodeIgniter\CodeIgniter->run()
10 SYSTEMPATH\Commands\Server\rewrite.php(43): require_once('FCPATH\\index.php')
CRITICAL - 2022-09-17 14:12:48 --> Illegal string offset 'npm'
in APPPATH\Views\psda\data_anggota.php on line 70.
 1 APPPATH\Views\psda\data_anggota.php(70): CodeIgniter\Debug\Exceptions->errorHandler(2, 'Illegal string offset \'npm\'', 'APPPATH\\Views\\psda\\data_anggota.php', 70, [...])
 2 SYSTEMPATH\View\View.php(213): include('APPPATH\\Views\\psda\\data_anggota.php')
 3 SYSTEMPATH\View\View.php(216): CodeIgniter\View\View->CodeIgniter\View\{closure}()
 4 SYSTEMPATH\Common.php(1135): CodeIgniter\View\View->render('/psda/data_anggota', [], true)
 5 APPPATH\Controllers\Psda.php(109): view('/psda/data_anggota', [...])
 6 SYSTEMPATH\CodeIgniter.php(896): App\Controllers\Psda->edit_anggota('12344264')
 7 SYSTEMPATH\CodeIgniter.php(466): CodeIgniter\CodeIgniter->runController(Object(App\Controllers\Psda))
 8 SYSTEMPATH\CodeIgniter.php(349): CodeIgniter\CodeIgniter->handleRequest(null, Object(Config\Cache), false)
 9 FCPATH\index.php(55): CodeIgniter\CodeIgniter->run()
10 SYSTEMPATH\Commands\Server\rewrite.php(43): require_once('FCPATH\\index.php')
CRITICAL - 2022-09-17 14:14:15 --> Illegal string offset 'npm'
in APPPATH\Views\psda\data_anggota.php on line 59.
 1 APPPATH\Views\psda\data_anggota.php(59): CodeIgniter\Debug\Exceptions->errorHandler(2, 'Illegal string offset \'npm\'', 'APPPATH\\Views\\psda\\data_anggota.php', 59, [...])
 2 SYSTEMPATH\View\View.php(213): include('APPPATH\\Views\\psda\\data_anggota.php')
 3 SYSTEMPATH\View\View.php(216): CodeIgniter\View\View->CodeIgniter\View\{closure}()
 4 SYSTEMPATH\Common.php(1135): CodeIgniter\View\View->render('/psda/data_anggota', [], true)
 5 APPPATH\Controllers\Psda.php(109): view('/psda/data_anggota', [...])
 6 SYSTEMPATH\CodeIgniter.php(896): App\Controllers\Psda->edit_anggota('12344264')
 7 SYSTEMPATH\CodeIgniter.php(466): CodeIgniter\CodeIgniter->runController(Object(App\Controllers\Psda))
 8 SYSTEMPATH\CodeIgniter.php(349): CodeIgniter\CodeIgniter->handleRequest(null, Object(Config\Cache), false)
 9 FCPATH\index.php(55): CodeIgniter\CodeIgniter->run()
10 SYSTEMPATH\Commands\Server\rewrite.php(43): require_once('FCPATH\\index.php')
CRITICAL - 2022-09-17 14:14:30 --> Illegal string offset 'npm'
in APPPATH\Views\psda\data_anggota.php on line 59.
 1 APPPATH\Views\psda\data_anggota.php(59): CodeIgniter\Debug\Exceptions->errorHandler(2, 'Illegal string offset \'npm\'', 'APPPATH\\Views\\psda\\data_anggota.php', 59, [...])
 2 SYSTEMPATH\View\View.php(213): include('APPPATH\\Views\\psda\\data_anggota.php')
 3 SYSTEMPATH\View\View.php(216): CodeIgniter\View\View->CodeIgniter\View\{closure}()
 4 SYSTEMPATH\Common.php(1135): CodeIgniter\View\View->render('/psda/data_anggota', [], true)
 5 APPPATH\Controllers\Psda.php(109): view('/psda/data_anggota', [...])
 6 SYSTEMPATH\CodeIgniter.php(896): App\Controllers\Psda->edit_anggota('12344264')
 7 SYSTEMPATH\CodeIgniter.php(466): CodeIgniter\CodeIgniter->runController(Object(App\Controllers\Psda))
 8 SYSTEMPATH\CodeIgniter.php(349): CodeIgniter\CodeIgniter->handleRequest(null, Object(Config\Cache), false)
 9 FCPATH\index.php(55): CodeIgniter\CodeIgniter->run()
10 SYSTEMPATH\Commands\Server\rewrite.php(43): require_once('FCPATH\\index.php')
CRITICAL - 2022-09-17 14:15:53 --> Illegal string offset 'npm'
in APPPATH\Views\psda\data_anggota.php on line 61.
 1 APPPATH\Views\psda\data_anggota.php(61): CodeIgniter\Debug\Exceptions->errorHandler(2, 'Illegal string offset \'npm\'', 'APPPATH\\Views\\psda\\data_anggota.php', 61, [...])
 2 SYSTEMPATH\View\View.php(213): include('APPPATH\\Views\\psda\\data_anggota.php')
 3 SYSTEMPATH\View\View.php(216): CodeIgniter\View\View->CodeIgniter\View\{closure}()
 4 SYSTEMPATH\Common.php(1135): CodeIgniter\View\View->render('/psda/data_anggota', [], true)
 5 APPPATH\Controllers\Psda.php(109): view('/psda/data_anggota', [...])
 6 SYSTEMPATH\CodeIgniter.php(896): App\Controllers\Psda->edit_anggota('13586')
 7 SYSTEMPATH\CodeIgniter.php(466): CodeIgniter\CodeIgniter->runController(Object(App\Controllers\Psda))
 8 SYSTEMPATH\CodeIgniter.php(349): CodeIgniter\CodeIgniter->handleRequest(null, Object(Config\Cache), false)
 9 FCPATH\index.php(55): CodeIgniter\CodeIgniter->run()
10 SYSTEMPATH\Commands\Server\rewrite.php(43): require_once('FCPATH\\index.php')
CRITICAL - 2022-09-17 14:16:21 --> Illegal string offset 'npm'
in APPPATH\Views\psda\data_anggota.php on line 61.
 1 APPPATH\Views\psda\data_anggota.php(61): CodeIgniter\Debug\Exceptions->errorHandler(2, 'Illegal string offset \'npm\'', 'APPPATH\\Views\\psda\\data_anggota.php', 61, [...])
 2 SYSTEMPATH\View\View.php(213): include('APPPATH\\Views\\psda\\data_anggota.php')
 3 SYSTEMPATH\View\View.php(216): CodeIgniter\View\View->CodeIgniter\View\{closure}()
 4 SYSTEMPATH\Common.php(1135): CodeIgniter\View\View->render('/psda/data_anggota', [], true)
 5 APPPATH\Controllers\Psda.php(108): view('/psda/data_anggota', [...])
 6 SYSTEMPATH\CodeIgniter.php(896): App\Controllers\Psda->edit_anggota('13586')
 7 SYSTEMPATH\CodeIgniter.php(466): CodeIgniter\CodeIgniter->runController(Object(App\Controllers\Psda))
 8 SYSTEMPATH\CodeIgniter.php(349): CodeIgniter\CodeIgniter->handleRequest(null, Object(Config\Cache), false)
 9 FCPATH\index.php(55): CodeIgniter\CodeIgniter->run()
10 SYSTEMPATH\Commands\Server\rewrite.php(43): require_once('FCPATH\\index.php')
CRITICAL - 2022-09-17 14:16:27 --> Illegal string offset 'npm'
in APPPATH\Views\psda\data_anggota.php on line 61.
 1 APPPATH\Views\psda\data_anggota.php(61): CodeIgniter\Debug\Exceptions->errorHandler(2, 'Illegal string offset \'npm\'', 'APPPATH\\Views\\psda\\data_anggota.php', 61, [...])
 2 SYSTEMPATH\View\View.php(213): include('APPPATH\\Views\\psda\\data_anggota.php')
 3 SYSTEMPATH\View\View.php(216): CodeIgniter\View\View->CodeIgniter\View\{closure}()
 4 SYSTEMPATH\Common.php(1135): CodeIgniter\View\View->render('/psda/data_anggota', [], true)
 5 APPPATH\Controllers\Psda.php(108): view('/psda/data_anggota', [...])
 6 SYSTEMPATH\CodeIgniter.php(896): App\Controllers\Psda->edit_anggota('13586')
 7 SYSTEMPATH\CodeIgniter.php(466): CodeIgniter\CodeIgniter->runController(Object(App\Controllers\Psda))
 8 SYSTEMPATH\CodeIgniter.php(349): CodeIgniter\CodeIgniter->handleRequest(null, Object(Config\Cache), false)
 9 FCPATH\index.php(55): CodeIgniter\CodeIgniter->run()
10 SYSTEMPATH\Commands\Server\rewrite.php(43): require_once('FCPATH\\index.php')
CRITICAL - 2022-09-17 14:17:15 --> Illegal string offset 'npm'
in APPPATH\Views\psda\data_anggota.php on line 61.
 1 APPPATH\Views\psda\data_anggota.php(61): CodeIgniter\Debug\Exceptions->errorHandler(2, 'Illegal string offset \'npm\'', 'APPPATH\\Views\\psda\\data_anggota.php', 61, [...])
 2 SYSTEMPATH\View\View.php(213): include('APPPATH\\Views\\psda\\data_anggota.php')
 3 SYSTEMPATH\View\View.php(216): CodeIgniter\View\View->CodeIgniter\View\{closure}()
 4 SYSTEMPATH\Common.php(1135): CodeIgniter\View\View->render('/psda/data_anggota', [], true)
 5 APPPATH\Controllers\Psda.php(108): view('/psda/data_anggota', [...])
 6 SYSTEMPATH\CodeIgniter.php(896): App\Controllers\Psda->edit_anggota('13586')
 7 SYSTEMPATH\CodeIgniter.php(466): CodeIgniter\CodeIgniter->runController(Object(App\Controllers\Psda))
 8 SYSTEMPATH\CodeIgniter.php(349): CodeIgniter\CodeIgniter->handleRequest(null, Object(Config\Cache), false)
 9 FCPATH\index.php(55): CodeIgniter\CodeIgniter->run()
10 SYSTEMPATH\Commands\Server\rewrite.php(43): require_once('FCPATH\\index.php')
CRITICAL - 2022-09-17 14:19:19 --> Illegal string offset 'npm'
in APPPATH\Views\psda\data_anggota.php on line 61.
 1 APPPATH\Views\psda\data_anggota.php(61): CodeIgniter\Debug\Exceptions->errorHandler(2, 'Illegal string offset \'npm\'', 'APPPATH\\Views\\psda\\data_anggota.php', 61, [...])
 2 SYSTEMPATH\View\View.php(213): include('APPPATH\\Views\\psda\\data_anggota.php')
 3 SYSTEMPATH\View\View.php(216): CodeIgniter\View\View->CodeIgniter\View\{closure}()
 4 SYSTEMPATH\Common.php(1135): CodeIgniter\View\View->render('/psda/data_anggota', [], true)
 5 APPPATH\Controllers\Psda.php(108): view('/psda/data_anggota', [...])
 6 SYSTEMPATH\CodeIgniter.php(896): App\Controllers\Psda->edit_anggota('13586')
 7 SYSTEMPATH\CodeIgniter.php(466): CodeIgniter\CodeIgniter->runController(Object(App\Controllers\Psda))
 8 SYSTEMPATH\CodeIgniter.php(349): CodeIgniter\CodeIgniter->handleRequest(null, Object(Config\Cache), false)
 9 FCPATH\index.php(55): CodeIgniter\CodeIgniter->run()
10 SYSTEMPATH\Commands\Server\rewrite.php(43): require_once('FCPATH\\index.php')
CRITICAL - 2022-09-17 14:19:51 --> Illegal string offset 'npm'
in APPPATH\Views\psda\data_anggota.php on line 61.
 1 APPPATH\Views\psda\data_anggota.php(61): CodeIgniter\Debug\Exceptions->errorHandler(2, 'Illegal string offset \'npm\'', 'APPPATH\\Views\\psda\\data_anggota.php', 61, [...])
 2 SYSTEMPATH\View\View.php(213): include('APPPATH\\Views\\psda\\data_anggota.php')
 3 SYSTEMPATH\View\View.php(216): CodeIgniter\View\View->CodeIgniter\View\{closure}()
 4 SYSTEMPATH\Common.php(1135): CodeIgniter\View\View->render('/psda/data_anggota', [], true)
 5 APPPATH\Controllers\Psda.php(108): view('/psda/data_anggota', [...])
 6 SYSTEMPATH\CodeIgniter.php(896): App\Controllers\Psda->edit_anggota('13586')
 7 SYSTEMPATH\CodeIgniter.php(466): CodeIgniter\CodeIgniter->runController(Object(App\Controllers\Psda))
 8 SYSTEMPATH\CodeIgniter.php(349): CodeIgniter\CodeIgniter->handleRequest(null, Object(Config\Cache), false)
 9 FCPATH\index.php(55): CodeIgniter\CodeIgniter->run()
10 SYSTEMPATH\Commands\Server\rewrite.php(43): require_once('FCPATH\\index.php')
CRITICAL - 2022-09-17 14:20:30 --> Trying to access array offset on value of type null
in APPPATH\Views\psda\edit_anggota.php on line 20.
 1 APPPATH\Views\psda\edit_anggota.php(20): CodeIgniter\Debug\Exceptions->errorHandler(8, 'Trying to access array offset on value of type null', 'APPPATH\\Views\\psda\\edit_anggota.php', 20, [...])
 2 SYSTEMPATH\View\View.php(213): include('APPPATH\\Views\\psda\\edit_anggota.php')
 3 SYSTEMPATH\View\View.php(216): CodeIgniter\View\View->CodeIgniter\View\{closure}()
 4 SYSTEMPATH\Common.php(1135): CodeIgniter\View\View->render('/psda/edit_anggota', [], true)
 5 APPPATH\Controllers\Psda.php(107): view('/psda/edit_anggota', [...])
 6 SYSTEMPATH\CodeIgniter.php(896): App\Controllers\Psda->edit_anggota('FCPATH\\js', 'jsfunctions.js')
 7 SYSTEMPATH\CodeIgniter.php(466): CodeIgniter\CodeIgniter->runController(Object(App\Controllers\Psda))
 8 SYSTEMPATH\CodeIgniter.php(349): CodeIgniter\CodeIgniter->handleRequest(null, Object(Config\Cache), false)
 9 FCPATH\index.php(55): CodeIgniter\CodeIgniter->run()
10 SYSTEMPATH\Commands\Server\rewrite.php(43): require_once('FCPATH\\index.php')
CRITICAL - 2022-09-17 14:20:30 --> Trying to access array offset on value of type null
in APPPATH\Views\psda\edit_anggota.php on line 20.
 1 APPPATH\Views\psda\edit_anggota.php(20): CodeIgniter\Debug\Exceptions->errorHandler(8, 'Trying to access array offset on value of type null', 'APPPATH\\Views\\psda\\edit_anggota.php', 20, [...])
 2 SYSTEMPATH\View\View.php(213): include('APPPATH\\Views\\psda\\edit_anggota.php')
 3 SYSTEMPATH\View\View.php(216): CodeIgniter\View\View->CodeIgniter\View\{closure}()
 4 SYSTEMPATH\Common.php(1135): CodeIgniter\View\View->render('/psda/edit_anggota', [], true)
 5 APPPATH\Controllers\Psda.php(107): view('/psda/edit_anggota', [...])
 6 SYSTEMPATH\CodeIgniter.php(896): App\Controllers\Psda->edit_anggota('FCPATH\\js', 'qrcode.js')
 7 SYSTEMPATH\CodeIgniter.php(466): CodeIgniter\CodeIgniter->runController(Object(App\Controllers\Psda))
 8 SYSTEMPATH\CodeIgniter.php(349): CodeIgniter\CodeIgniter->handleRequest(null, Object(Config\Cache), false)
 9 FCPATH\index.php(55): CodeIgniter\CodeIgniter->run()
10 SYSTEMPATH\Commands\Server\rewrite.php(43): require_once('FCPATH\\index.php')
CRITICAL - 2022-09-17 14:26:21 --> Trying to access array offset on value of type null
in APPPATH\Views\psda\edit_anggota.php on line 20.
 1 APPPATH\Views\psda\edit_anggota.php(20): CodeIgniter\Debug\Exceptions->errorHandler(8, 'Trying to access array offset on value of type null', 'APPPATH\\Views\\psda\\edit_anggota.php', 20, [...])
 2 SYSTEMPATH\View\View.php(213): include('APPPATH\\Views\\psda\\edit_anggota.php')
 3 SYSTEMPATH\View\View.php(216): CodeIgniter\View\View->CodeIgniter\View\{closure}()
 4 SYSTEMPATH\Common.php(1135): CodeIgniter\View\View->render('/psda/edit_anggota', [], true)
 5 APPPATH\Controllers\Psda.php(107): view('/psda/edit_anggota', [...])
 6 SYSTEMPATH\CodeIgniter.php(896): App\Controllers\Psda->edit_anggota('FCPATH\\js', 'jsfunctions.js')
 7 SYSTEMPATH\CodeIgniter.php(466): CodeIgniter\CodeIgniter->runController(Object(App\Controllers\Psda))
 8 SYSTEMPATH\CodeIgniter.php(349): CodeIgniter\CodeIgniter->handleRequest(null, Object(Config\Cache), false)
 9 FCPATH\index.php(55): CodeIgniter\CodeIgniter->run()
10 SYSTEMPATH\Commands\Server\rewrite.php(43): require_once('FCPATH\\index.php')
CRITICAL - 2022-09-17 14:26:22 --> Trying to access array offset on value of type null
in APPPATH\Views\psda\edit_anggota.php on line 20.
 1 APPPATH\Views\psda\edit_anggota.php(20): CodeIgniter\Debug\Exceptions->errorHandler(8, 'Trying to access array offset on value of type null', 'APPPATH\\Views\\psda\\edit_anggota.php', 20, [...])
 2 SYSTEMPATH\View\View.php(213): include('APPPATH\\Views\\psda\\edit_anggota.php')
 3 SYSTEMPATH\View\View.php(216): CodeIgniter\View\View->CodeIgniter\View\{closure}()
 4 SYSTEMPATH\Common.php(1135): CodeIgniter\View\View->render('/psda/edit_anggota', [], true)
 5 APPPATH\Controllers\Psda.php(107): view('/psda/edit_anggota', [...])
 6 SYSTEMPATH\CodeIgniter.php(896): App\Controllers\Psda->edit_anggota('FCPATH\\js', 'qrcode.js')
 7 SYSTEMPATH\CodeIgniter.php(466): CodeIgniter\CodeIgniter->runController(Object(App\Controllers\Psda))
 8 SYSTEMPATH\CodeIgniter.php(349): CodeIgniter\CodeIgniter->handleRequest(null, Object(Config\Cache), false)
 9 FCPATH\index.php(55): CodeIgniter\CodeIgniter->run()
10 SYSTEMPATH\Commands\Server\rewrite.php(43): require_once('FCPATH\\index.php')
CRITICAL - 2022-09-17 14:26:34 --> Trying to access array offset on value of type null
in APPPATH\Views\psda\edit_anggota.php on line 20.
 1 APPPATH\Views\psda\edit_anggota.php(20): CodeIgniter\Debug\Exceptions->errorHandler(8, 'Trying to access array offset on value of type null', 'APPPATH\\Views\\psda\\edit_anggota.php', 20, [...])
 2 SYSTEMPATH\View\View.php(213): include('APPPATH\\Views\\psda\\edit_anggota.php')
 3 SYSTEMPATH\View\View.php(216): CodeIgniter\View\View->CodeIgniter\View\{closure}()
 4 SYSTEMPATH\Common.php(1135): CodeIgniter\View\View->render('/psda/edit_anggota', [], true)
 5 APPPATH\Controllers\Psda.php(107): view('/psda/edit_anggota', [...])
 6 SYSTEMPATH\CodeIgniter.php(896): App\Controllers\Psda->edit_anggota('update_anggota')
 7 SYSTEMPATH\CodeIgniter.php(466): CodeIgniter\CodeIgniter->runController(Object(App\Controllers\Psda))
 8 SYSTEMPATH\CodeIgniter.php(349): CodeIgniter\CodeIgniter->handleRequest(null, Object(Config\Cache), false)
 9 FCPATH\index.php(55): CodeIgniter\CodeIgniter->run()
10 SYSTEMPATH\Commands\Server\rewrite.php(43): require_once('FCPATH\\index.php')
CRITICAL - 2022-09-17 14:27:09 --> Trying to access array offset on value of type null
in APPPATH\Views\psda\edit_anggota.php on line 20.
 1 APPPATH\Views\psda\edit_anggota.php(20): CodeIgniter\Debug\Exceptions->errorHandler(8, 'Trying to access array offset on value of type null', 'APPPATH\\Views\\psda\\edit_anggota.php', 20, [...])
 2 SYSTEMPATH\View\View.php(213): include('APPPATH\\Views\\psda\\edit_anggota.php')
 3 SYSTEMPATH\View\View.php(216): CodeIgniter\View\View->CodeIgniter\View\{closure}()
 4 SYSTEMPATH\Common.php(1135): CodeIgniter\View\View->render('/psda/edit_anggota', [], true)
 5 APPPATH\Controllers\Psda.php(107): view('/psda/edit_anggota', [...])
 6 SYSTEMPATH\CodeIgniter.php(896): App\Controllers\Psda->edit_anggota('FCPATH\\js', 'jsfunctions.js')
 7 SYSTEMPATH\CodeIgniter.php(466): CodeIgniter\CodeIgniter->runController(Object(App\Controllers\Psda))
 8 SYSTEMPATH\CodeIgniter.php(349): CodeIgniter\CodeIgniter->handleRequest(null, Object(Config\Cache), false)
 9 FCPATH\index.php(55): CodeIgniter\CodeIgniter->run()
10 SYSTEMPATH\Commands\Server\rewrite.php(43): require_once('FCPATH\\index.php')
CRITICAL - 2022-09-17 14:27:09 --> Trying to access array offset on value of type null
in APPPATH\Views\psda\edit_anggota.php on line 20.
 1 APPPATH\Views\psda\edit_anggota.php(20): CodeIgniter\Debug\Exceptions->errorHandler(8, 'Trying to access array offset on value of type null', 'APPPATH\\Views\\psda\\edit_anggota.php', 20, [...])
 2 SYSTEMPATH\View\View.php(213): include('APPPATH\\Views\\psda\\edit_anggota.php')
 3 SYSTEMPATH\View\View.php(216): CodeIgniter\View\View->CodeIgniter\View\{closure}()
 4 SYSTEMPATH\Common.php(1135): CodeIgniter\View\View->render('/psda/edit_anggota', [], true)
 5 APPPATH\Controllers\Psda.php(107): view('/psda/edit_anggota', [...])
 6 SYSTEMPATH\CodeIgniter.php(896): App\Controllers\Psda->edit_anggota('FCPATH\\js', 'qrcode.js')
 7 SYSTEMPATH\CodeIgniter.php(466): CodeIgniter\CodeIgniter->runController(Object(App\Controllers\Psda))
 8 SYSTEMPATH\CodeIgniter.php(349): CodeIgniter\CodeIgniter->handleRequest(null, Object(Config\Cache), false)
 9 FCPATH\index.php(55): CodeIgniter\CodeIgniter->run()
10 SYSTEMPATH\Commands\Server\rewrite.php(43): require_once('FCPATH\\index.php')
CRITICAL - 2022-09-17 14:27:59 --> Trying to access array offset on value of type null
in APPPATH\Views\psda\edit_anggota.php on line 20.
 1 APPPATH\Views\psda\edit_anggota.php(20): CodeIgniter\Debug\Exceptions->errorHandler(8, 'Trying to access array offset on value of type null', 'APPPATH\\Views\\psda\\edit_anggota.php', 20, [...])
 2 SYSTEMPATH\View\View.php(213): include('APPPATH\\Views\\psda\\edit_anggota.php')
 3 SYSTEMPATH\View\View.php(216): CodeIgniter\View\View->CodeIgniter\View\{closure}()
 4 SYSTEMPATH\Common.php(1135): CodeIgniter\View\View->render('/psda/edit_anggota', [], true)
 5 APPPATH\Controllers\Psda.php(107): view('/psda/edit_anggota', [...])
 6 SYSTEMPATH\CodeIgniter.php(896): App\Controllers\Psda->edit_anggota('FCPATH\\js', 'jsfunctions.js')
 7 SYSTEMPATH\CodeIgniter.php(466): CodeIgniter\CodeIgniter->runController(Object(App\Controllers\Psda))
 8 SYSTEMPATH\CodeIgniter.php(349): CodeIgniter\CodeIgniter->handleRequest(null, Object(Config\Cache), false)
 9 FCPATH\index.php(55): CodeIgniter\CodeIgniter->run()
10 SYSTEMPATH\Commands\Server\rewrite.php(43): require_once('FCPATH\\index.php')
CRITICAL - 2022-09-17 14:27:59 --> Trying to access array offset on value of type null
in APPPATH\Views\psda\edit_anggota.php on line 20.
 1 APPPATH\Views\psda\edit_anggota.php(20): CodeIgniter\Debug\Exceptions->errorHandler(8, 'Trying to access array offset on value of type null', 'APPPATH\\Views\\psda\\edit_anggota.php', 20, [...])
 2 SYSTEMPATH\View\View.php(213): include('APPPATH\\Views\\psda\\edit_anggota.php')
 3 SYSTEMPATH\View\View.php(216): CodeIgniter\View\View->CodeIgniter\View\{closure}()
 4 SYSTEMPATH\Common.php(1135): CodeIgniter\View\View->render('/psda/edit_anggota', [], true)
 5 APPPATH\Controllers\Psda.php(107): view('/psda/edit_anggota', [...])
 6 SYSTEMPATH\CodeIgniter.php(896): App\Controllers\Psda->edit_anggota('FCPATH\\js', 'qrcode.js')
 7 SYSTEMPATH\CodeIgniter.php(466): CodeIgniter\CodeIgniter->runController(Object(App\Controllers\Psda))
 8 SYSTEMPATH\CodeIgniter.php(349): CodeIgniter\CodeIgniter->handleRequest(null, Object(Config\Cache), false)
 9 FCPATH\index.php(55): CodeIgniter\CodeIgniter->run()
10 SYSTEMPATH\Commands\Server\rewrite.php(43): require_once('FCPATH\\index.php')
CRITICAL - 2022-09-17 14:28:19 --> Trying to access array offset on value of type null
in APPPATH\Views\psda\edit_anggota.php on line 20.
 1 APPPATH\Views\psda\edit_anggota.php(20): CodeIgniter\Debug\Exceptions->errorHandler(8, 'Trying to access array offset on value of type null', 'APPPATH\\Views\\psda\\edit_anggota.php', 20, [...])
 2 SYSTEMPATH\View\View.php(213): include('APPPATH\\Views\\psda\\edit_anggota.php')
 3 SYSTEMPATH\View\View.php(216): CodeIgniter\View\View->CodeIgniter\View\{closure}()
 4 SYSTEMPATH\Common.php(1135): CodeIgniter\View\View->render('/psda/edit_anggota', [], true)
 5 APPPATH\Controllers\Psda.php(107): view('/psda/edit_anggota', [...])
 6 SYSTEMPATH\CodeIgniter.php(896): App\Controllers\Psda->edit_anggota('FCPATH\\js', 'jsfunctions.js')
 7 SYSTEMPATH\CodeIgniter.php(466): CodeIgniter\CodeIgniter->runController(Object(App\Controllers\Psda))
 8 SYSTEMPATH\CodeIgniter.php(349): CodeIgniter\CodeIgniter->handleRequest(null, Object(Config\Cache), false)
 9 FCPATH\index.php(55): CodeIgniter\CodeIgniter->run()
10 SYSTEMPATH\Commands\Server\rewrite.php(43): require_once('FCPATH\\index.php')
CRITICAL - 2022-09-17 14:28:19 --> Trying to access array offset on value of type null
in APPPATH\Views\psda\edit_anggota.php on line 20.
 1 APPPATH\Views\psda\edit_anggota.php(20): CodeIgniter\Debug\Exceptions->errorHandler(8, 'Trying to access array offset on value of type null', 'APPPATH\\Views\\psda\\edit_anggota.php', 20, [...])
 2 SYSTEMPATH\View\View.php(213): include('APPPATH\\Views\\psda\\edit_anggota.php')
 3 SYSTEMPATH\View\View.php(216): CodeIgniter\View\View->CodeIgniter\View\{closure}()
 4 SYSTEMPATH\Common.php(1135): CodeIgniter\View\View->render('/psda/edit_anggota', [], true)
 5 APPPATH\Controllers\Psda.php(107): view('/psda/edit_anggota', [...])
 6 SYSTEMPATH\CodeIgniter.php(896): App\Controllers\Psda->edit_anggota('FCPATH\\js', 'qrcode.js')
 7 SYSTEMPATH\CodeIgniter.php(466): CodeIgniter\CodeIgniter->runController(Object(App\Controllers\Psda))
 8 SYSTEMPATH\CodeIgniter.php(349): CodeIgniter\CodeIgniter->handleRequest(null, Object(Config\Cache), false)
 9 FCPATH\index.php(55): CodeIgniter\CodeIgniter->run()
10 SYSTEMPATH\Commands\Server\rewrite.php(43): require_once('FCPATH\\index.php')
CRITICAL - 2022-09-17 14:31:35 --> Trying to access array offset on value of type null
in APPPATH\Views\psda\edit_anggota.php on line 20.
 1 APPPATH\Views\psda\edit_anggota.php(20): CodeIgniter\Debug\Exceptions->errorHandler(8, 'Trying to access array offset on value of type null', 'APPPATH\\Views\\psda\\edit_anggota.php', 20, [...])
 2 SYSTEMPATH\View\View.php(213): include('APPPATH\\Views\\psda\\edit_anggota.php')
 3 SYSTEMPATH\View\View.php(216): CodeIgniter\View\View->CodeIgniter\View\{closure}()
 4 SYSTEMPATH\Common.php(1135): CodeIgniter\View\View->render('/psda/edit_anggota', [], true)
 5 APPPATH\Controllers\Psda.php(107): view('/psda/edit_anggota', [...])
 6 SYSTEMPATH\CodeIgniter.php(896): App\Controllers\Psda->edit_anggota('FCPATH\\js', 'jsfunctions.js')
 7 SYSTEMPATH\CodeIgniter.php(466): CodeIgniter\CodeIgniter->runController(Object(App\Controllers\Psda))
 8 SYSTEMPATH\CodeIgniter.php(349): CodeIgniter\CodeIgniter->handleRequest(null, Object(Config\Cache), false)
 9 FCPATH\index.php(55): CodeIgniter\CodeIgniter->run()
10 SYSTEMPATH\Commands\Server\rewrite.php(43): require_once('FCPATH\\index.php')
CRITICAL - 2022-09-17 14:31:35 --> Trying to access array offset on value of type null
in APPPATH\Views\psda\edit_anggota.php on line 20.
 1 APPPATH\Views\psda\edit_anggota.php(20): CodeIgniter\Debug\Exceptions->errorHandler(8, 'Trying to access array offset on value of type null', 'APPPATH\\Views\\psda\\edit_anggota.php', 20, [...])
 2 SYSTEMPATH\View\View.php(213): include('APPPATH\\Views\\psda\\edit_anggota.php')
 3 SYSTEMPATH\View\View.php(216): CodeIgniter\View\View->CodeIgniter\View\{closure}()
 4 SYSTEMPATH\Common.php(1135): CodeIgniter\View\View->render('/psda/edit_anggota', [], true)
 5 APPPATH\Controllers\Psda.php(107): view('/psda/edit_anggota', [...])
 6 SYSTEMPATH\CodeIgniter.php(896): App\Controllers\Psda->edit_anggota('FCPATH\\js', 'qrcode.js')
 7 SYSTEMPATH\CodeIgniter.php(466): CodeIgniter\CodeIgniter->runController(Object(App\Controllers\Psda))
 8 SYSTEMPATH\CodeIgniter.php(349): CodeIgniter\CodeIgniter->handleRequest(null, Object(Config\Cache), false)
 9 FCPATH\index.php(55): CodeIgniter\CodeIgniter->run()
10 SYSTEMPATH\Commands\Server\rewrite.php(43): require_once('FCPATH\\index.php')
ERROR - 2022-09-17 15:16:05 --> Error connecting to the database: No connection could be made because the target machine actively refused it.

CRITICAL - 2022-09-17 15:16:05 --> Unable to connect to the database.
Main connection [MySQLi]: No connection could be made because the target machine actively refused it.

in SYSTEMPATH\Database\BaseConnection.php on line 416.
 1 SYSTEMPATH\Database\BaseConnection.php(586): CodeIgniter\Database\BaseConnection->initialize()
 2 SYSTEMPATH\Database\BaseBuilder.php(1585): CodeIgniter\Database\BaseConnection->query('SELECT *
FROM `data_kegiatan`', [], false)
 3 SYSTEMPATH\Model.php(222): CodeIgniter\Database\BaseBuilder->get()
 4 SYSTEMPATH\BaseModel.php(584): CodeIgniter\Model->doFindAll(0, 0)
 5 APPPATH\Models\KegiatanModel.php(16): CodeIgniter\BaseModel->findAll()
 6 APPPATH\Controllers\Psda.php(151): App\Models\KegiatanModel->getKegiatan()
 7 SYSTEMPATH\CodeIgniter.php(896): App\Controllers\Psda->data_kegiatan()
 8 SYSTEMPATH\CodeIgniter.php(466): CodeIgniter\CodeIgniter->runController(Object(App\Controllers\Psda))
 9 SYSTEMPATH\CodeIgniter.php(349): CodeIgniter\CodeIgniter->handleRequest(null, Object(Config\Cache), false)
10 FCPATH\index.php(55): CodeIgniter\CodeIgniter->run()
11 SYSTEMPATH\Commands\Server\rewrite.php(43): require_once('FCPATH\\index.php')
CRITICAL - 2022-09-17 15:18:57 --> Invalid file: dashboard/data_kegiatan.php
in SYSTEMPATH\Exceptions\FrameworkException.php on line 33.
 1 SYSTEMPATH\View\View.php(201): CodeIgniter\Exceptions\FrameworkException::forInvalidFile('dashboard/data_kegiatan.php')
 2 SYSTEMPATH\Common.php(1135): CodeIgniter\View\View->render('dashboard/data_kegiatan', [], true)
 3 APPPATH\Controllers\Dashboard.php(54): view('dashboard/data_kegiatan', [...])
 4 SYSTEMPATH\CodeIgniter.php(896): App\Controllers\Dashboard->data_kegiatan()
 5 SYSTEMPATH\CodeIgniter.php(466): CodeIgniter\CodeIgniter->runController(Object(App\Controllers\Dashboard))
 6 SYSTEMPATH\CodeIgniter.php(349): CodeIgniter\CodeIgniter->handleRequest(null, Object(Config\Cache), false)
 7 FCPATH\index.php(55): CodeIgniter\CodeIgniter->run()
 8 SYSTEMPATH\Commands\Server\rewrite.php(43): require_once('FCPATH\\index.php')
CRITICAL - 2022-09-17 15:20:36 --> Trying to access array offset on value of type null
in APPPATH\Views\dashboard\qr_code.php on line 6.
 1 APPPATH\Views\dashboard\qr_code.php(6): CodeIgniter\Debug\Exceptions->errorHandler(8, 'Trying to access array offset on value of type null', 'APPPATH\\Views\\dashboard\\qr_code.php', 6, [...])
 2 SYSTEMPATH\View\View.php(213): include('APPPATH\\Views\\dashboard\\qr_code.php')
 3 SYSTEMPATH\View\View.php(216): CodeIgniter\View\View->CodeIgniter\View\{closure}()
 4 SYSTEMPATH\Common.php(1135): CodeIgniter\View\View->render('dashboard/qr_code', [], true)
 5 APPPATH\Controllers\Dashboard.php(119): view('dashboard/qr_code', [...])
 6 SYSTEMPATH\CodeIgniter.php(896): App\Controllers\Dashboard->qr_code('FCPATH\\js', 'jsfunctions.js')
 7 SYSTEMPATH\CodeIgniter.php(466): CodeIgniter\CodeIgniter->runController(Object(App\Controllers\Dashboard))
 8 SYSTEMPATH\CodeIgniter.php(349): CodeIgniter\CodeIgniter->handleRequest(null, Object(Config\Cache), false)
 9 FCPATH\index.php(55): CodeIgniter\CodeIgniter->run()
10 SYSTEMPATH\Commands\Server\rewrite.php(43): require_once('FCPATH\\index.php')
CRITICAL - 2022-09-17 15:20:36 --> Trying to access array offset on value of type null
in APPPATH\Views\dashboard\qr_code.php on line 6.
 1 APPPATH\Views\dashboard\qr_code.php(6): CodeIgniter\Debug\Exceptions->errorHandler(8, 'Trying to access array offset on value of type null', 'APPPATH\\Views\\dashboard\\qr_code.php', 6, [...])
 2 SYSTEMPATH\View\View.php(213): include('APPPATH\\Views\\dashboard\\qr_code.php')
 3 SYSTEMPATH\View\View.php(216): CodeIgniter\View\View->CodeIgniter\View\{closure}()
 4 SYSTEMPATH\Common.php(1135): CodeIgniter\View\View->render('dashboard/qr_code', [], true)
 5 APPPATH\Controllers\Dashboard.php(119): view('dashboard/qr_code', [...])
 6 SYSTEMPATH\CodeIgniter.php(896): App\Controllers\Dashboard->qr_code('FCPATH\\js', 'qrcode.js')
 7 SYSTEMPATH\CodeIgniter.php(466): CodeIgniter\CodeIgniter->runController(Object(App\Controllers\Dashboard))
 8 SYSTEMPATH\CodeIgniter.php(349): CodeIgniter\CodeIgniter->handleRequest(null, Object(Config\Cache), false)
 9 FCPATH\index.php(55): CodeIgniter\CodeIgniter->run()
10 SYSTEMPATH\Commands\Server\rewrite.php(43): require_once('FCPATH\\index.php')
CRITICAL - 2022-09-17 15:20:49 --> Trying to access array offset on value of type null
in APPPATH\Views\dashboard\qr_code.php on line 6.
 1 APPPATH\Views\dashboard\qr_code.php(6): CodeIgniter\Debug\Exceptions->errorHandler(8, 'Trying to access array offset on value of type null', 'APPPATH\\Views\\dashboard\\qr_code.php', 6, [...])
 2 SYSTEMPATH\View\View.php(213): include('APPPATH\\Views\\dashboard\\qr_code.php')
 3 SYSTEMPATH\View\View.php(216): CodeIgniter\View\View->CodeIgniter\View\{closure}()
 4 SYSTEMPATH\Common.php(1135): CodeIgniter\View\View->render('dashboard/qr_code', [], true)
 5 APPPATH\Controllers\Dashboard.php(119): view('dashboard/qr_code', [...])
 6 SYSTEMPATH\CodeIgniter.php(896): App\Controllers\Dashboard->qr_code('FCPATH\\js', 'jsfunctions.js')
 7 SYSTEMPATH\CodeIgniter.php(466): CodeIgniter\CodeIgniter->runController(Object(App\Controllers\Dashboard))
 8 SYSTEMPATH\CodeIgniter.php(349): CodeIgniter\CodeIgniter->handleRequest(null, Object(Config\Cache), false)
 9 FCPATH\index.php(55): CodeIgniter\CodeIgniter->run()
10 SYSTEMPATH\Commands\Server\rewrite.php(43): require_once('FCPATH\\index.php')
CRITICAL - 2022-09-17 15:20:49 --> Trying to access array offset on value of type null
in APPPATH\Views\dashboard\qr_code.php on line 6.
 1 APPPATH\Views\dashboard\qr_code.php(6): CodeIgniter\Debug\Exceptions->errorHandler(8, 'Trying to access array offset on value of type null', 'APPPATH\\Views\\dashboard\\qr_code.php', 6, [...])
 2 SYSTEMPATH\View\View.php(213): include('APPPATH\\Views\\dashboard\\qr_code.php')
 3 SYSTEMPATH\View\View.php(216): CodeIgniter\View\View->CodeIgniter\View\{closure}()
 4 SYSTEMPATH\Common.php(1135): CodeIgniter\View\View->render('dashboard/qr_code', [], true)
 5 APPPATH\Controllers\Dashboard.php(119): view('dashboard/qr_code', [...])
 6 SYSTEMPATH\CodeIgniter.php(896): App\Controllers\Dashboard->qr_code('FCPATH\\js', 'qrcode.js')
 7 SYSTEMPATH\CodeIgniter.php(466): CodeIgniter\CodeIgniter->runController(Object(App\Controllers\Dashboard))
 8 SYSTEMPATH\CodeIgniter.php(349): CodeIgniter\CodeIgniter->handleRequest(null, Object(Config\Cache), false)
 9 FCPATH\index.php(55): CodeIgniter\CodeIgniter->run()
10 SYSTEMPATH\Commands\Server\rewrite.php(43): require_once('FCPATH\\index.php')
CRITICAL - 2022-09-17 15:21:03 --> Trying to access array offset on value of type null
in APPPATH\Views\dashboard\qr_code.php on line 6.
 1 APPPATH\Views\dashboard\qr_code.php(6): CodeIgniter\Debug\Exceptions->errorHandler(8, 'Trying to access array offset on value of type null', 'APPPATH\\Views\\dashboard\\qr_code.php', 6, [...])
 2 SYSTEMPATH\View\View.php(213): include('APPPATH\\Views\\dashboard\\qr_code.php')
 3 SYSTEMPATH\View\View.php(216): CodeIgniter\View\View->CodeIgniter\View\{closure}()
 4 SYSTEMPATH\Common.php(1135): CodeIgniter\View\View->render('dashboard/qr_code', [], true)
 5 APPPATH\Controllers\Dashboard.php(119): view('dashboard/qr_code', [...])
 6 SYSTEMPATH\CodeIgniter.php(896): App\Controllers\Dashboard->qr_code('FCPATH\\js', 'jsfunctions.js')
 7 SYSTEMPATH\CodeIgniter.php(466): CodeIgniter\CodeIgniter->runController(Object(App\Controllers\Dashboard))
 8 SYSTEMPATH\CodeIgniter.php(349): CodeIgniter\CodeIgniter->handleRequest(null, Object(Config\Cache), false)
 9 FCPATH\index.php(55): CodeIgniter\CodeIgniter->run()
10 SYSTEMPATH\Commands\Server\rewrite.php(43): require_once('FCPATH\\index.php')
CRITICAL - 2022-09-17 15:21:03 --> Trying to access array offset on value of type null
in APPPATH\Views\dashboard\qr_code.php on line 6.
 1 APPPATH\Views\dashboard\qr_code.php(6): CodeIgniter\Debug\Exceptions->errorHandler(8, 'Trying to access array offset on value of type null', 'APPPATH\\Views\\dashboard\\qr_code.php', 6, [...])
 2 SYSTEMPATH\View\View.php(213): include('APPPATH\\Views\\dashboard\\qr_code.php')
 3 SYSTEMPATH\View\View.php(216): CodeIgniter\View\View->CodeIgniter\View\{closure}()
 4 SYSTEMPATH\Common.php(1135): CodeIgniter\View\View->render('dashboard/qr_code', [], true)
 5 APPPATH\Controllers\Dashboard.php(119): view('dashboard/qr_code', [...])
 6 SYSTEMPATH\CodeIgniter.php(896): App\Controllers\Dashboard->qr_code('FCPATH\\js', 'qrcode.js')
 7 SYSTEMPATH\CodeIgniter.php(466): CodeIgniter\CodeIgniter->runController(Object(App\Controllers\Dashboard))
 8 SYSTEMPATH\CodeIgniter.php(349): CodeIgniter\CodeIgniter->handleRequest(null, Object(Config\Cache), false)
 9 FCPATH\index.php(55): CodeIgniter\CodeIgniter->run()
10 SYSTEMPATH\Commands\Server\rewrite.php(43): require_once('FCPATH\\index.php')
CRITICAL - 2022-09-17 15:21:22 --> Trying to access array offset on value of type null
in APPPATH\Views\dashboard\qr_code.php on line 6.
 1 APPPATH\Views\dashboard\qr_code.php(6): CodeIgniter\Debug\Exceptions->errorHandler(8, 'Trying to access array offset on value of type null', 'APPPATH\\Views\\dashboard\\qr_code.php', 6, [...])
 2 SYSTEMPATH\View\View.php(213): include('APPPATH\\Views\\dashboard\\qr_code.php')
 3 SYSTEMPATH\View\View.php(216): CodeIgniter\View\View->CodeIgniter\View\{closure}()
 4 SYSTEMPATH\Common.php(1135): CodeIgniter\View\View->render('dashboard/qr_code', [], true)
 5 APPPATH\Controllers\Dashboard.php(119): view('dashboard/qr_code', [...])
 6 SYSTEMPATH\CodeIgniter.php(896): App\Controllers\Dashboard->qr_code('FCPATH\\js', 'jsfunctions.js')
 7 SYSTEMPATH\CodeIgniter.php(466): CodeIgniter\CodeIgniter->runController(Object(App\Controllers\Dashboard))
 8 SYSTEMPATH\CodeIgniter.php(349): CodeIgniter\CodeIgniter->handleRequest(null, Object(Config\Cache), false)
 9 FCPATH\index.php(55): CodeIgniter\CodeIgniter->run()
10 SYSTEMPATH\Commands\Server\rewrite.php(43): require_once('FCPATH\\index.php')
CRITICAL - 2022-09-17 15:21:22 --> Trying to access array offset on value of type null
in APPPATH\Views\dashboard\qr_code.php on line 6.
 1 APPPATH\Views\dashboard\qr_code.php(6): CodeIgniter\Debug\Exceptions->errorHandler(8, 'Trying to access array offset on value of type null', 'APPPATH\\Views\\dashboard\\qr_code.php', 6, [...])
 2 SYSTEMPATH\View\View.php(213): include('APPPATH\\Views\\dashboard\\qr_code.php')
 3 SYSTEMPATH\View\View.php(216): CodeIgniter\View\View->CodeIgniter\View\{closure}()
 4 SYSTEMPATH\Common.php(1135): CodeIgniter\View\View->render('dashboard/qr_code', [], true)
 5 APPPATH\Controllers\Dashboard.php(119): view('dashboard/qr_code', [...])
 6 SYSTEMPATH\CodeIgniter.php(896): App\Controllers\Dashboard->qr_code('FCPATH\\js', 'qrcode.js')
 7 SYSTEMPATH\CodeIgniter.php(466): CodeIgniter\CodeIgniter->runController(Object(App\Controllers\Dashboard))
 8 SYSTEMPATH\CodeIgniter.php(349): CodeIgniter\CodeIgniter->handleRequest(null, Object(Config\Cache), false)
 9 FCPATH\index.php(55): CodeIgniter\CodeIgniter->run()
10 SYSTEMPATH\Commands\Server\rewrite.php(43): require_once('FCPATH\\index.php')
CRITICAL - 2022-09-17 15:21:26 --> Trying to access array offset on value of type null
in APPPATH\Views\dashboard\presensi.php on line 6.
 1 APPPATH\Views\dashboard\presensi.php(6): CodeIgniter\Debug\Exceptions->errorHandler(8, 'Trying to access array offset on value of type null', 'APPPATH\\Views\\dashboard\\presensi.php', 6, [...])
 2 SYSTEMPATH\View\View.php(213): include('APPPATH\\Views\\dashboard\\presensi.php')
 3 SYSTEMPATH\View\View.php(216): CodeIgniter\View\View->CodeIgniter\View\{closure}()
 4 SYSTEMPATH\Common.php(1135): CodeIgniter\View\View->render('dashboard/presensi', [], true)
 5 APPPATH\Controllers\Dashboard.php(87): view('dashboard/presensi', [...])
 6 SYSTEMPATH\CodeIgniter.php(896): App\Controllers\Dashboard->presensi('FCPATH\\js', 'jsfunctions.js')
 7 SYSTEMPATH\CodeIgniter.php(466): CodeIgniter\CodeIgniter->runController(Object(App\Controllers\Dashboard))
 8 SYSTEMPATH\CodeIgniter.php(349): CodeIgniter\CodeIgniter->handleRequest(null, Object(Config\Cache), false)
 9 FCPATH\index.php(55): CodeIgniter\CodeIgniter->run()
10 SYSTEMPATH\Commands\Server\rewrite.php(43): require_once('FCPATH\\index.php')
CRITICAL - 2022-09-17 15:21:26 --> Trying to access array offset on value of type null
in APPPATH\Views\dashboard\presensi.php on line 6.
 1 APPPATH\Views\dashboard\presensi.php(6): CodeIgniter\Debug\Exceptions->errorHandler(8, 'Trying to access array offset on value of type null', 'APPPATH\\Views\\dashboard\\presensi.php', 6, [...])
 2 SYSTEMPATH\View\View.php(213): include('APPPATH\\Views\\dashboard\\presensi.php')
 3 SYSTEMPATH\View\View.php(216): CodeIgniter\View\View->CodeIgniter\View\{closure}()
 4 SYSTEMPATH\Common.php(1135): CodeIgniter\View\View->render('dashboard/presensi', [], true)
 5 APPPATH\Controllers\Dashboard.php(87): view('dashboard/presensi', [...])
 6 SYSTEMPATH\CodeIgniter.php(896): App\Controllers\Dashboard->presensi('FCPATH\\js', 'qrcode.js')
 7 SYSTEMPATH\CodeIgniter.php(466): CodeIgniter\CodeIgniter->runController(Object(App\Controllers\Dashboard))
 8 SYSTEMPATH\CodeIgniter.php(349): CodeIgniter\CodeIgniter->handleRequest(null, Object(Config\Cache), false)
 9 FCPATH\index.php(55): CodeIgniter\CodeIgniter->run()
10 SYSTEMPATH\Commands\Server\rewrite.php(43): require_once('FCPATH\\index.php')
CRITICAL - 2022-09-17 15:21:43 --> Trying to access array offset on value of type null
in APPPATH\Views\dashboard\presensi.php on line 6.
 1 APPPATH\Views\dashboard\presensi.php(6): CodeIgniter\Debug\Exceptions->errorHandler(8, 'Trying to access array offset on value of type null', 'APPPATH\\Views\\dashboard\\presensi.php', 6, [...])
 2 SYSTEMPATH\View\View.php(213): include('APPPATH\\Views\\dashboard\\presensi.php')
 3 SYSTEMPATH\View\View.php(216): CodeIgniter\View\View->CodeIgniter\View\{closure}()
 4 SYSTEMPATH\Common.php(1135): CodeIgniter\View\View->render('dashboard/presensi', [], true)
 5 APPPATH\Controllers\Dashboard.php(87): view('dashboard/presensi', [...])
 6 SYSTEMPATH\CodeIgniter.php(896): App\Controllers\Dashboard->presensi('FCPATH\\js', 'jsfunctions.js')
 7 SYSTEMPATH\CodeIgniter.php(466): CodeIgniter\CodeIgniter->runController(Object(App\Controllers\Dashboard))
 8 SYSTEMPATH\CodeIgniter.php(349): CodeIgniter\CodeIgniter->handleRequest(null, Object(Config\Cache), false)
 9 FCPATH\index.php(55): CodeIgniter\CodeIgniter->run()
10 SYSTEMPATH\Commands\Server\rewrite.php(43): require_once('FCPATH\\index.php')
CRITICAL - 2022-09-17 15:21:43 --> Trying to access array offset on value of type null
in APPPATH\Views\dashboard\presensi.php on line 6.
 1 APPPATH\Views\dashboard\presensi.php(6): CodeIgniter\Debug\Exceptions->errorHandler(8, 'Trying to access array offset on value of type null', 'APPPATH\\Views\\dashboard\\presensi.php', 6, [...])
 2 SYSTEMPATH\View\View.php(213): include('APPPATH\\Views\\dashboard\\presensi.php')
 3 SYSTEMPATH\View\View.php(216): CodeIgniter\View\View->CodeIgniter\View\{closure}()
 4 SYSTEMPATH\Common.php(1135): CodeIgniter\View\View->render('dashboard/presensi', [], true)
 5 APPPATH\Controllers\Dashboard.php(87): view('dashboard/presensi', [...])
 6 SYSTEMPATH\CodeIgniter.php(896): App\Controllers\Dashboard->presensi('FCPATH\\js', 'qrcode.js')
 7 SYSTEMPATH\CodeIgniter.php(466): CodeIgniter\CodeIgniter->runController(Object(App\Controllers\Dashboard))
 8 SYSTEMPATH\CodeIgniter.php(349): CodeIgniter\CodeIgniter->handleRequest(null, Object(Config\Cache), false)
 9 FCPATH\index.php(55): CodeIgniter\CodeIgniter->run()
10 SYSTEMPATH\Commands\Server\rewrite.php(43): require_once('FCPATH\\index.php')
CRITICAL - 2022-09-17 15:36:30 --> Trying to access array offset on value of type null
in APPPATH\Views\dashboard\edit_kegiatan.php on line 17.
 1 APPPATH\Views\dashboard\edit_kegiatan.php(17): CodeIgniter\Debug\Exceptions->errorHandler(8, 'Trying to access array offset on value of type null', 'APPPATH\\Views\\dashboard\\edit_kegiatan.php', 17, [...])
 2 SYSTEMPATH\View\View.php(213): include('APPPATH\\Views\\dashboard\\edit_kegiatan.php')
 3 SYSTEMPATH\View\View.php(216): CodeIgniter\View\View->CodeIgniter\View\{closure}()
 4 SYSTEMPATH\Common.php(1135): CodeIgniter\View\View->render('dashboard/edit_kegiatan', [], true)
 5 APPPATH\Controllers\Dashboard.php(71): view('dashboard/edit_kegiatan', [...])
 6 SYSTEMPATH\CodeIgniter.php(896): App\Controllers\Dashboard->edit_kegiatan('FCPATH\\js', 'jsfunctions.js')
 7 SYSTEMPATH\CodeIgniter.php(466): CodeIgniter\CodeIgniter->runController(Object(App\Controllers\Dashboard))
 8 SYSTEMPATH\CodeIgniter.php(349): CodeIgniter\CodeIgniter->handleRequest(null, Object(Config\Cache), false)
 9 FCPATH\index.php(55): CodeIgniter\CodeIgniter->run()
10 SYSTEMPATH\Commands\Server\rewrite.php(43): require_once('FCPATH\\index.php')
CRITICAL - 2022-09-17 15:36:30 --> Trying to access array offset on value of type null
in APPPATH\Views\dashboard\edit_kegiatan.php on line 17.
 1 APPPATH\Views\dashboard\edit_kegiatan.php(17): CodeIgniter\Debug\Exceptions->errorHandler(8, 'Trying to access array offset on value of type null', 'APPPATH\\Views\\dashboard\\edit_kegiatan.php', 17, [...])
 2 SYSTEMPATH\View\View.php(213): include('APPPATH\\Views\\dashboard\\edit_kegiatan.php')
 3 SYSTEMPATH\View\View.php(216): CodeIgniter\View\View->CodeIgniter\View\{closure}()
 4 SYSTEMPATH\Common.php(1135): CodeIgniter\View\View->render('dashboard/edit_kegiatan', [], true)
 5 APPPATH\Controllers\Dashboard.php(71): view('dashboard/edit_kegiatan', [...])
 6 SYSTEMPATH\CodeIgniter.php(896): App\Controllers\Dashboard->edit_kegiatan('FCPATH\\js', 'qrcode.js')
 7 SYSTEMPATH\CodeIgniter.php(466): CodeIgniter\CodeIgniter->runController(Object(App\Controllers\Dashboard))
 8 SYSTEMPATH\CodeIgniter.php(349): CodeIgniter\CodeIgniter->handleRequest(null, Object(Config\Cache), false)
 9 FCPATH\index.php(55): CodeIgniter\CodeIgniter->run()
10 SYSTEMPATH\Commands\Server\rewrite.php(43): require_once('FCPATH\\index.php')
CRITICAL - 2022-09-17 15:37:35 --> Trying to access array offset on value of type null
in APPPATH\Views\dashboard\edit_kegiatan.php on line 17.
 1 APPPATH\Views\dashboard\edit_kegiatan.php(17): CodeIgniter\Debug\Exceptions->errorHandler(8, 'Trying to access array offset on value of type null', 'APPPATH\\Views\\dashboard\\edit_kegiatan.php', 17, [...])
 2 SYSTEMPATH\View\View.php(213): include('APPPATH\\Views\\dashboard\\edit_kegiatan.php')
 3 SYSTEMPATH\View\View.php(216): CodeIgniter\View\View->CodeIgniter\View\{closure}()
 4 SYSTEMPATH\Common.php(1135): CodeIgniter\View\View->render('dashboard/edit_kegiatan', [], true)
 5 APPPATH\Controllers\Dashboard.php(71): view('dashboard/edit_kegiatan', [...])
 6 SYSTEMPATH\CodeIgniter.php(896): App\Controllers\Dashboard->edit_kegiatan('data_kegiatan')
 7 SYSTEMPATH\CodeIgniter.php(466): CodeIgniter\CodeIgniter->runController(Object(App\Controllers\Dashboard))
 8 SYSTEMPATH\CodeIgniter.php(349): CodeIgniter\CodeIgniter->handleRequest(null, Object(Config\Cache), false)
 9 FCPATH\index.php(55): CodeIgniter\CodeIgniter->run()
10 SYSTEMPATH\Commands\Server\rewrite.php(43): require_once('FCPATH\\index.php')
CRITICAL - 2022-09-17 15:42:19 --> Trying to access array offset on value of type null
in APPPATH\Views\dashboard\edit_kegiatan.php on line 17.
 1 APPPATH\Views\dashboard\edit_kegiatan.php(17): CodeIgniter\Debug\Exceptions->errorHandler(8, 'Trying to access array offset on value of type null', 'APPPATH\\Views\\dashboard\\edit_kegiatan.php', 17, [...])
 2 SYSTEMPATH\View\View.php(213): include('APPPATH\\Views\\dashboard\\edit_kegiatan.php')
 3 SYSTEMPATH\View\View.php(216): CodeIgniter\View\View->CodeIgniter\View\{closure}()
 4 SYSTEMPATH\Common.php(1135): CodeIgniter\View\View->render('dashboard/edit_kegiatan', [], true)
 5 APPPATH\Controllers\Dashboard.php(71): view('dashboard/edit_kegiatan', [...])
 6 SYSTEMPATH\CodeIgniter.php(896): App\Controllers\Dashboard->edit_kegiatan('data_kegiatan')
 7 SYSTEMPATH\CodeIgniter.php(466): CodeIgniter\CodeIgniter->runController(Object(App\Controllers\Dashboard))
 8 SYSTEMPATH\CodeIgniter.php(349): CodeIgniter\CodeIgniter->handleRequest(null, Object(Config\Cache), false)
 9 FCPATH\index.php(55): CodeIgniter\CodeIgniter->run()
10 SYSTEMPATH\Commands\Server\rewrite.php(43): require_once('FCPATH\\index.php')
CRITICAL - 2022-09-17 15:42:29 --> Trying to access array offset on value of type null
in APPPATH\Views\dashboard\edit_kegiatan.php on line 17.
 1 APPPATH\Views\dashboard\edit_kegiatan.php(17): CodeIgniter\Debug\Exceptions->errorHandler(8, 'Trying to access array offset on value of type null', 'APPPATH\\Views\\dashboard\\edit_kegiatan.php', 17, [...])
 2 SYSTEMPATH\View\View.php(213): include('APPPATH\\Views\\dashboard\\edit_kegiatan.php')
 3 SYSTEMPATH\View\View.php(216): CodeIgniter\View\View->CodeIgniter\View\{closure}()
 4 SYSTEMPATH\Common.php(1135): CodeIgniter\View\View->render('dashboard/edit_kegiatan', [], true)
 5 APPPATH\Controllers\Dashboard.php(71): view('dashboard/edit_kegiatan', [...])
 6 SYSTEMPATH\CodeIgniter.php(896): App\Controllers\Dashboard->edit_kegiatan('FCPATH\\js', 'jsfunctions.js')
 7 SYSTEMPATH\CodeIgniter.php(466): CodeIgniter\CodeIgniter->runController(Object(App\Controllers\Dashboard))
 8 SYSTEMPATH\CodeIgniter.php(349): CodeIgniter\CodeIgniter->handleRequest(null, Object(Config\Cache), false)
 9 FCPATH\index.php(55): CodeIgniter\CodeIgniter->run()
10 SYSTEMPATH\Commands\Server\rewrite.php(43): require_once('FCPATH\\index.php')
CRITICAL - 2022-09-17 15:42:29 --> Trying to access array offset on value of type null
in APPPATH\Views\dashboard\edit_kegiatan.php on line 17.
 1 APPPATH\Views\dashboard\edit_kegiatan.php(17): CodeIgniter\Debug\Exceptions->errorHandler(8, 'Trying to access array offset on value of type null', 'APPPATH\\Views\\dashboard\\edit_kegiatan.php', 17, [...])
 2 SYSTEMPATH\View\View.php(213): include('APPPATH\\Views\\dashboard\\edit_kegiatan.php')
 3 SYSTEMPATH\View\View.php(216): CodeIgniter\View\View->CodeIgniter\View\{closure}()
 4 SYSTEMPATH\Common.php(1135): CodeIgniter\View\View->render('dashboard/edit_kegiatan', [], true)
 5 APPPATH\Controllers\Dashboard.php(71): view('dashboard/edit_kegiatan', [...])
 6 SYSTEMPATH\CodeIgniter.php(896): App\Controllers\Dashboard->edit_kegiatan('FCPATH\\js', 'qrcode.js')
 7 SYSTEMPATH\CodeIgniter.php(466): CodeIgniter\CodeIgniter->runController(Object(App\Controllers\Dashboard))
 8 SYSTEMPATH\CodeIgniter.php(349): CodeIgniter\CodeIgniter->handleRequest(null, Object(Config\Cache), false)
 9 FCPATH\index.php(55): CodeIgniter\CodeIgniter->run()
10 SYSTEMPATH\Commands\Server\rewrite.php(43): require_once('FCPATH\\index.php')
CRITICAL - 2022-09-17 15:42:32 --> Trying to access array offset on value of type null
in APPPATH\Views\dashboard\edit_kegiatan.php on line 17.
 1 APPPATH\Views\dashboard\edit_kegiatan.php(17): CodeIgniter\Debug\Exceptions->errorHandler(8, 'Trying to access array offset on value of type null', 'APPPATH\\Views\\dashboard\\edit_kegiatan.php', 17, [...])
 2 SYSTEMPATH\View\View.php(213): include('APPPATH\\Views\\dashboard\\edit_kegiatan.php')
 3 SYSTEMPATH\View\View.php(216): CodeIgniter\View\View->CodeIgniter\View\{closure}()
 4 SYSTEMPATH\Common.php(1135): CodeIgniter\View\View->render('dashboard/edit_kegiatan', [], true)
 5 APPPATH\Controllers\Dashboard.php(71): view('dashboard/edit_kegiatan', [...])
 6 SYSTEMPATH\CodeIgniter.php(896): App\Controllers\Dashboard->edit_kegiatan('FCPATH\\js', 'jsfunctions.js')
 7 SYSTEMPATH\CodeIgniter.php(466): CodeIgniter\CodeIgniter->runController(Object(App\Controllers\Dashboard))
 8 SYSTEMPATH\CodeIgniter.php(349): CodeIgniter\CodeIgniter->handleRequest(null, Object(Config\Cache), false)
 9 FCPATH\index.php(55): CodeIgniter\CodeIgniter->run()
10 SYSTEMPATH\Commands\Server\rewrite.php(43): require_once('FCPATH\\index.php')
CRITICAL - 2022-09-17 15:42:33 --> Trying to access array offset on value of type null
in APPPATH\Views\dashboard\edit_kegiatan.php on line 17.
 1 APPPATH\Views\dashboard\edit_kegiatan.php(17): CodeIgniter\Debug\Exceptions->errorHandler(8, 'Trying to access array offset on value of type null', 'APPPATH\\Views\\dashboard\\edit_kegiatan.php', 17, [...])
 2 SYSTEMPATH\View\View.php(213): include('APPPATH\\Views\\dashboard\\edit_kegiatan.php')
 3 SYSTEMPATH\View\View.php(216): CodeIgniter\View\View->CodeIgniter\View\{closure}()
 4 SYSTEMPATH\Common.php(1135): CodeIgniter\View\View->render('dashboard/edit_kegiatan', [], true)
 5 APPPATH\Controllers\Dashboard.php(71): view('dashboard/edit_kegiatan', [...])
 6 SYSTEMPATH\CodeIgniter.php(896): App\Controllers\Dashboard->edit_kegiatan('FCPATH\\js', 'qrcode.js')
 7 SYSTEMPATH\CodeIgniter.php(466): CodeIgniter\CodeIgniter->runController(Object(App\Controllers\Dashboard))
 8 SYSTEMPATH\CodeIgniter.php(349): CodeIgniter\CodeIgniter->handleRequest(null, Object(Config\Cache), false)
 9 FCPATH\index.php(55): CodeIgniter\CodeIgniter->run()
10 SYSTEMPATH\Commands\Server\rewrite.php(43): require_once('FCPATH\\index.php')
CRITICAL - 2022-09-17 15:42:38 --> Trying to access array offset on value of type null
in APPPATH\Views\dashboard\edit_kegiatan.php on line 17.
 1 APPPATH\Views\dashboard\edit_kegiatan.php(17): CodeIgniter\Debug\Exceptions->errorHandler(8, 'Trying to access array offset on value of type null', 'APPPATH\\Views\\dashboard\\edit_kegiatan.php', 17, [...])
 2 SYSTEMPATH\View\View.php(213): include('APPPATH\\Views\\dashboard\\edit_kegiatan.php')
 3 SYSTEMPATH\View\View.php(216): CodeIgniter\View\View->CodeIgniter\View\{closure}()
 4 SYSTEMPATH\Common.php(1135): CodeIgniter\View\View->render('dashboard/edit_kegiatan', [], true)
 5 APPPATH\Controllers\Dashboard.php(71): view('dashboard/edit_kegiatan', [...])
 6 SYSTEMPATH\CodeIgniter.php(896): App\Controllers\Dashboard->edit_kegiatan('update_kegiatan')
 7 SYSTEMPATH\CodeIgniter.php(466): CodeIgniter\CodeIgniter->runController(Object(App\Controllers\Dashboard))
 8 SYSTEMPATH\CodeIgniter.php(349): CodeIgniter\CodeIgniter->handleRequest(null, Object(Config\Cache), false)
 9 FCPATH\index.php(55): CodeIgniter\CodeIgniter->run()
10 SYSTEMPATH\Commands\Server\rewrite.php(43): require_once('FCPATH\\index.php')
CRITICAL - 2022-09-17 15:44:35 --> Trying to access array offset on value of type null
in APPPATH\Views\dashboard\edit_kegiatan.php on line 17.
 1 APPPATH\Views\dashboard\edit_kegiatan.php(17): CodeIgniter\Debug\Exceptions->errorHandler(8, 'Trying to access array offset on value of type null', 'APPPATH\\Views\\dashboard\\edit_kegiatan.php', 17, [...])
 2 SYSTEMPATH\View\View.php(213): include('APPPATH\\Views\\dashboard\\edit_kegiatan.php')
 3 SYSTEMPATH\View\View.php(216): CodeIgniter\View\View->CodeIgniter\View\{closure}()
 4 SYSTEMPATH\Common.php(1135): CodeIgniter\View\View->render('dashboard/edit_kegiatan', [], true)
 5 APPPATH\Controllers\Dashboard.php(71): view('dashboard/edit_kegiatan', [...])
 6 SYSTEMPATH\CodeIgniter.php(896): App\Controllers\Dashboard->edit_kegiatan('FCPATH\\js', 'jsfunctions.js')
 7 SYSTEMPATH\CodeIgniter.php(466): CodeIgniter\CodeIgniter->runController(Object(App\Controllers\Dashboard))
 8 SYSTEMPATH\CodeIgniter.php(349): CodeIgniter\CodeIgniter->handleRequest(null, Object(Config\Cache), false)
 9 FCPATH\index.php(55): CodeIgniter\CodeIgniter->run()
10 SYSTEMPATH\Commands\Server\rewrite.php(43): require_once('FCPATH\\index.php')
CRITICAL - 2022-09-17 15:44:35 --> Trying to access array offset on value of type null
in APPPATH\Views\dashboard\edit_kegiatan.php on line 17.
 1 APPPATH\Views\dashboard\edit_kegiatan.php(17): CodeIgniter\Debug\Exceptions->errorHandler(8, 'Trying to access array offset on value of type null', 'APPPATH\\Views\\dashboard\\edit_kegiatan.php', 17, [...])
 2 SYSTEMPATH\View\View.php(213): include('APPPATH\\Views\\dashboard\\edit_kegiatan.php')
 3 SYSTEMPATH\View\View.php(216): CodeIgniter\View\View->CodeIgniter\View\{closure}()
 4 SYSTEMPATH\Common.php(1135): CodeIgniter\View\View->render('dashboard/edit_kegiatan', [], true)
 5 APPPATH\Controllers\Dashboard.php(71): view('dashboard/edit_kegiatan', [...])
 6 SYSTEMPATH\CodeIgniter.php(896): App\Controllers\Dashboard->edit_kegiatan('FCPATH\\js', 'qrcode.js')
 7 SYSTEMPATH\CodeIgniter.php(466): CodeIgniter\CodeIgniter->runController(Object(App\Controllers\Dashboard))
 8 SYSTEMPATH\CodeIgniter.php(349): CodeIgniter\CodeIgniter->handleRequest(null, Object(Config\Cache), false)
 9 FCPATH\index.php(55): CodeIgniter\CodeIgniter->run()
10 SYSTEMPATH\Commands\Server\rewrite.php(43): require_once('FCPATH\\index.php')
CRITICAL - 2022-09-17 15:45:30 --> Trying to access array offset on value of type null
in APPPATH\Views\dashboard\edit_kegiatan.php on line 17.
 1 APPPATH\Views\dashboard\edit_kegiatan.php(17): CodeIgniter\Debug\Exceptions->errorHandler(8, 'Trying to access array offset on value of type null', 'APPPATH\\Views\\dashboard\\edit_kegiatan.php', 17, [...])
 2 SYSTEMPATH\View\View.php(213): include('APPPATH\\Views\\dashboard\\edit_kegiatan.php')
 3 SYSTEMPATH\View\View.php(216): CodeIgniter\View\View->CodeIgniter\View\{closure}()
 4 SYSTEMPATH\Common.php(1135): CodeIgniter\View\View->render('dashboard/edit_kegiatan', [], true)
 5 APPPATH\Controllers\Dashboard.php(71): view('dashboard/edit_kegiatan', [...])
 6 SYSTEMPATH\CodeIgniter.php(896): App\Controllers\Dashboard->edit_kegiatan('FCPATH\\js', 'jsfunctions.js')
 7 SYSTEMPATH\CodeIgniter.php(466): CodeIgniter\CodeIgniter->runController(Object(App\Controllers\Dashboard))
 8 SYSTEMPATH\CodeIgniter.php(349): CodeIgniter\CodeIgniter->handleRequest(null, Object(Config\Cache), false)
 9 FCPATH\index.php(55): CodeIgniter\CodeIgniter->run()
10 SYSTEMPATH\Commands\Server\rewrite.php(43): require_once('FCPATH\\index.php')
CRITICAL - 2022-09-17 15:45:30 --> Trying to access array offset on value of type null
in APPPATH\Views\dashboard\edit_kegiatan.php on line 17.
 1 APPPATH\Views\dashboard\edit_kegiatan.php(17): CodeIgniter\Debug\Exceptions->errorHandler(8, 'Trying to access array offset on value of type null', 'APPPATH\\Views\\dashboard\\edit_kegiatan.php', 17, [...])
 2 SYSTEMPATH\View\View.php(213): include('APPPATH\\Views\\dashboard\\edit_kegiatan.php')
 3 SYSTEMPATH\View\View.php(216): CodeIgniter\View\View->CodeIgniter\View\{closure}()
 4 SYSTEMPATH\Common.php(1135): CodeIgniter\View\View->render('dashboard/edit_kegiatan', [], true)
 5 APPPATH\Controllers\Dashboard.php(71): view('dashboard/edit_kegiatan', [...])
 6 SYSTEMPATH\CodeIgniter.php(896): App\Controllers\Dashboard->edit_kegiatan('FCPATH\\js', 'qrcode.js')
 7 SYSTEMPATH\CodeIgniter.php(466): CodeIgniter\CodeIgniter->runController(Object(App\Controllers\Dashboard))
 8 SYSTEMPATH\CodeIgniter.php(349): CodeIgniter\CodeIgniter->handleRequest(null, Object(Config\Cache), false)
 9 FCPATH\index.php(55): CodeIgniter\CodeIgniter->run()
10 SYSTEMPATH\Commands\Server\rewrite.php(43): require_once('FCPATH\\index.php')
CRITICAL - 2022-09-17 15:45:58 --> Trying to access array offset on value of type null
in APPPATH\Views\dashboard\edit_kegiatan.php on line 17.
 1 APPPATH\Views\dashboard\edit_kegiatan.php(17): CodeIgniter\Debug\Exceptions->errorHandler(8, 'Trying to access array offset on value of type null', 'APPPATH\\Views\\dashboard\\edit_kegiatan.php', 17, [...])
 2 SYSTEMPATH\View\View.php(213): include('APPPATH\\Views\\dashboard\\edit_kegiatan.php')
 3 SYSTEMPATH\View\View.php(216): CodeIgniter\View\View->CodeIgniter\View\{closure}()
 4 SYSTEMPATH\Common.php(1135): CodeIgniter\View\View->render('dashboard/edit_kegiatan', [], true)
 5 APPPATH\Controllers\Dashboard.php(71): view('dashboard/edit_kegiatan', [...])
 6 SYSTEMPATH\CodeIgniter.php(896): App\Controllers\Dashboard->edit_kegiatan('FCPATH\\js', 'jsfunctions.js')
 7 SYSTEMPATH\CodeIgniter.php(466): CodeIgniter\CodeIgniter->runController(Object(App\Controllers\Dashboard))
 8 SYSTEMPATH\CodeIgniter.php(349): CodeIgniter\CodeIgniter->handleRequest(null, Object(Config\Cache), false)
 9 FCPATH\index.php(55): CodeIgniter\CodeIgniter->run()
10 SYSTEMPATH\Commands\Server\rewrite.php(43): require_once('FCPATH\\index.php')
CRITICAL - 2022-09-17 15:45:58 --> Trying to access array offset on value of type null
in APPPATH\Views\dashboard\edit_kegiatan.php on line 17.
 1 APPPATH\Views\dashboard\edit_kegiatan.php(17): CodeIgniter\Debug\Exceptions->errorHandler(8, 'Trying to access array offset on value of type null', 'APPPATH\\Views\\dashboard\\edit_kegiatan.php', 17, [...])
 2 SYSTEMPATH\View\View.php(213): include('APPPATH\\Views\\dashboard\\edit_kegiatan.php')
 3 SYSTEMPATH\View\View.php(216): CodeIgniter\View\View->CodeIgniter\View\{closure}()
 4 SYSTEMPATH\Common.php(1135): CodeIgniter\View\View->render('dashboard/edit_kegiatan', [], true)
 5 APPPATH\Controllers\Dashboard.php(71): view('dashboard/edit_kegiatan', [...])
 6 SYSTEMPATH\CodeIgniter.php(896): App\Controllers\Dashboard->edit_kegiatan('FCPATH\\js', 'qrcode.js')
 7 SYSTEMPATH\CodeIgniter.php(466): CodeIgniter\CodeIgniter->runController(Object(App\Controllers\Dashboard))
 8 SYSTEMPATH\CodeIgniter.php(349): CodeIgniter\CodeIgniter->handleRequest(null, Object(Config\Cache), false)
 9 FCPATH\index.php(55): CodeIgniter\CodeIgniter->run()
10 SYSTEMPATH\Commands\Server\rewrite.php(43): require_once('FCPATH\\index.php')
CRITICAL - 2022-09-17 15:46:07 --> Trying to access array offset on value of type null
in APPPATH\Views\dashboard\edit_kegiatan.php on line 17.
 1 APPPATH\Views\dashboard\edit_kegiatan.php(17): CodeIgniter\Debug\Exceptions->errorHandler(8, 'Trying to access array offset on value of type null', 'APPPATH\\Views\\dashboard\\edit_kegiatan.php', 17, [...])
 2 SYSTEMPATH\View\View.php(213): include('APPPATH\\Views\\dashboard\\edit_kegiatan.php')
 3 SYSTEMPATH\View\View.php(216): CodeIgniter\View\View->CodeIgniter\View\{closure}()
 4 SYSTEMPATH\Common.php(1135): CodeIgniter\View\View->render('dashboard/edit_kegiatan', [], true)
 5 APPPATH\Controllers\Dashboard.php(71): view('dashboard/edit_kegiatan', [...])
 6 SYSTEMPATH\CodeIgniter.php(896): App\Controllers\Dashboard->edit_kegiatan('FCPATH\\js', 'jsfunctions.js')
 7 SYSTEMPATH\CodeIgniter.php(466): CodeIgniter\CodeIgniter->runController(Object(App\Controllers\Dashboard))
 8 SYSTEMPATH\CodeIgniter.php(349): CodeIgniter\CodeIgniter->handleRequest(null, Object(Config\Cache), false)
 9 FCPATH\index.php(55): CodeIgniter\CodeIgniter->run()
10 SYSTEMPATH\Commands\Server\rewrite.php(43): require_once('FCPATH\\index.php')
CRITICAL - 2022-09-17 15:46:07 --> Trying to access array offset on value of type null
in APPPATH\Views\dashboard\edit_kegiatan.php on line 17.
 1 APPPATH\Views\dashboard\edit_kegiatan.php(17): CodeIgniter\Debug\Exceptions->errorHandler(8, 'Trying to access array offset on value of type null', 'APPPATH\\Views\\dashboard\\edit_kegiatan.php', 17, [...])
 2 SYSTEMPATH\View\View.php(213): include('APPPATH\\Views\\dashboard\\edit_kegiatan.php')
 3 SYSTEMPATH\View\View.php(216): CodeIgniter\View\View->CodeIgniter\View\{closure}()
 4 SYSTEMPATH\Common.php(1135): CodeIgniter\View\View->render('dashboard/edit_kegiatan', [], true)
 5 APPPATH\Controllers\Dashboard.php(71): view('dashboard/edit_kegiatan', [...])
 6 SYSTEMPATH\CodeIgniter.php(896): App\Controllers\Dashboard->edit_kegiatan('FCPATH\\js', 'qrcode.js')
 7 SYSTEMPATH\CodeIgniter.php(466): CodeIgniter\CodeIgniter->runController(Object(App\Controllers\Dashboard))
 8 SYSTEMPATH\CodeIgniter.php(349): CodeIgniter\CodeIgniter->handleRequest(null, Object(Config\Cache), false)
 9 FCPATH\index.php(55): CodeIgniter\CodeIgniter->run()
10 SYSTEMPATH\Commands\Server\rewrite.php(43): require_once('FCPATH\\index.php')
CRITICAL - 2022-09-17 15:46:34 --> Trying to access array offset on value of type null
in APPPATH\Views\dashboard\presensi.php on line 6.
 1 APPPATH\Views\dashboard\presensi.php(6): CodeIgniter\Debug\Exceptions->errorHandler(8, 'Trying to access array offset on value of type null', 'APPPATH\\Views\\dashboard\\presensi.php', 6, [...])
 2 SYSTEMPATH\View\View.php(213): include('APPPATH\\Views\\dashboard\\presensi.php')
 3 SYSTEMPATH\View\View.php(216): CodeIgniter\View\View->CodeIgniter\View\{closure}()
 4 SYSTEMPATH\Common.php(1135): CodeIgniter\View\View->render('dashboard/presensi', [], true)
 5 APPPATH\Controllers\Dashboard.php(110): view('dashboard/presensi', [...])
 6 SYSTEMPATH\CodeIgniter.php(896): App\Controllers\Dashboard->presensi('FCPATH\\js', 'jsfunctions.js')
 7 SYSTEMPATH\CodeIgniter.php(466): CodeIgniter\CodeIgniter->runController(Object(App\Controllers\Dashboard))
 8 SYSTEMPATH\CodeIgniter.php(349): CodeIgniter\CodeIgniter->handleRequest(null, Object(Config\Cache), false)
 9 FCPATH\index.php(55): CodeIgniter\CodeIgniter->run()
10 SYSTEMPATH\Commands\Server\rewrite.php(43): require_once('FCPATH\\index.php')
CRITICAL - 2022-09-17 15:46:34 --> Trying to access array offset on value of type null
in APPPATH\Views\dashboard\presensi.php on line 6.
 1 APPPATH\Views\dashboard\presensi.php(6): CodeIgniter\Debug\Exceptions->errorHandler(8, 'Trying to access array offset on value of type null', 'APPPATH\\Views\\dashboard\\presensi.php', 6, [...])
 2 SYSTEMPATH\View\View.php(213): include('APPPATH\\Views\\dashboard\\presensi.php')
 3 SYSTEMPATH\View\View.php(216): CodeIgniter\View\View->CodeIgniter\View\{closure}()
 4 SYSTEMPATH\Common.php(1135): CodeIgniter\View\View->render('dashboard/presensi', [], true)
 5 APPPATH\Controllers\Dashboard.php(110): view('dashboard/presensi', [...])
 6 SYSTEMPATH\CodeIgniter.php(896): App\Controllers\Dashboard->presensi('FCPATH\\js', 'qrcode.js')
 7 SYSTEMPATH\CodeIgniter.php(466): CodeIgniter\CodeIgniter->runController(Object(App\Controllers\Dashboard))
 8 SYSTEMPATH\CodeIgniter.php(349): CodeIgniter\CodeIgniter->handleRequest(null, Object(Config\Cache), false)
 9 FCPATH\index.php(55): CodeIgniter\CodeIgniter->run()
10 SYSTEMPATH\Commands\Server\rewrite.php(43): require_once('FCPATH\\index.php')
CRITICAL - 2022-09-17 15:46:39 --> Trying to access array offset on value of type null
in APPPATH\Views\dashboard\presensi.php on line 6.
 1 APPPATH\Views\dashboard\presensi.php(6): CodeIgniter\Debug\Exceptions->errorHandler(8, 'Trying to access array offset on value of type null', 'APPPATH\\Views\\dashboard\\presensi.php', 6, [...])
 2 SYSTEMPATH\View\View.php(213): include('APPPATH\\Views\\dashboard\\presensi.php')
 3 SYSTEMPATH\View\View.php(216): CodeIgniter\View\View->CodeIgniter\View\{closure}()
 4 SYSTEMPATH\Common.php(1135): CodeIgniter\View\View->render('dashboard/presensi', [], true)
 5 APPPATH\Controllers\Dashboard.php(110): view('dashboard/presensi', [...])
 6 SYSTEMPATH\CodeIgniter.php(896): App\Controllers\Dashboard->presensi('FCPATH\\js', 'jsfunctions.js')
 7 SYSTEMPATH\CodeIgniter.php(466): CodeIgniter\CodeIgniter->runController(Object(App\Controllers\Dashboard))
 8 SYSTEMPATH\CodeIgniter.php(349): CodeIgniter\CodeIgniter->handleRequest(null, Object(Config\Cache), false)
 9 FCPATH\index.php(55): CodeIgniter\CodeIgniter->run()
10 SYSTEMPATH\Commands\Server\rewrite.php(43): require_once('FCPATH\\index.php')
CRITICAL - 2022-09-17 15:46:39 --> Trying to access array offset on value of type null
in APPPATH\Views\dashboard\presensi.php on line 6.
 1 APPPATH\Views\dashboard\presensi.php(6): CodeIgniter\Debug\Exceptions->errorHandler(8, 'Trying to access array offset on value of type null', 'APPPATH\\Views\\dashboard\\presensi.php', 6, [...])
 2 SYSTEMPATH\View\View.php(213): include('APPPATH\\Views\\dashboard\\presensi.php')
 3 SYSTEMPATH\View\View.php(216): CodeIgniter\View\View->CodeIgniter\View\{closure}()
 4 SYSTEMPATH\Common.php(1135): CodeIgniter\View\View->render('dashboard/presensi', [], true)
 5 APPPATH\Controllers\Dashboard.php(110): view('dashboard/presensi', [...])
 6 SYSTEMPATH\CodeIgniter.php(896): App\Controllers\Dashboard->presensi('FCPATH\\js', 'qrcode.js')
 7 SYSTEMPATH\CodeIgniter.php(466): CodeIgniter\CodeIgniter->runController(Object(App\Controllers\Dashboard))
 8 SYSTEMPATH\CodeIgniter.php(349): CodeIgniter\CodeIgniter->handleRequest(null, Object(Config\Cache), false)
 9 FCPATH\index.php(55): CodeIgniter\CodeIgniter->run()
10 SYSTEMPATH\Commands\Server\rewrite.php(43): require_once('FCPATH\\index.php')
CRITICAL - 2022-09-17 15:47:27 --> Trying to access array offset on value of type null
in APPPATH\Views\dashboard\presensi.php on line 6.
 1 APPPATH\Views\dashboard\presensi.php(6): CodeIgniter\Debug\Exceptions->errorHandler(8, 'Trying to access array offset on value of type null', 'APPPATH\\Views\\dashboard\\presensi.php', 6, [...])
 2 SYSTEMPATH\View\View.php(213): include('APPPATH\\Views\\dashboard\\presensi.php')
 3 SYSTEMPATH\View\View.php(216): CodeIgniter\View\View->CodeIgniter\View\{closure}()
 4 SYSTEMPATH\Common.php(1135): CodeIgniter\View\View->render('dashboard/presensi', [], true)
 5 APPPATH\Controllers\Dashboard.php(110): view('dashboard/presensi', [...])
 6 SYSTEMPATH\CodeIgniter.php(896): App\Controllers\Dashboard->presensi('FCPATH\\js', 'jsfunctions.js')
 7 SYSTEMPATH\CodeIgniter.php(466): CodeIgniter\CodeIgniter->runController(Object(App\Controllers\Dashboard))
 8 SYSTEMPATH\CodeIgniter.php(349): CodeIgniter\CodeIgniter->handleRequest(null, Object(Config\Cache), false)
 9 FCPATH\index.php(55): CodeIgniter\CodeIgniter->run()
10 SYSTEMPATH\Commands\Server\rewrite.php(43): require_once('FCPATH\\index.php')
CRITICAL - 2022-09-17 15:47:27 --> Trying to access array offset on value of type null
in APPPATH\Views\dashboard\presensi.php on line 6.
 1 APPPATH\Views\dashboard\presensi.php(6): CodeIgniter\Debug\Exceptions->errorHandler(8, 'Trying to access array offset on value of type null', 'APPPATH\\Views\\dashboard\\presensi.php', 6, [...])
 2 SYSTEMPATH\View\View.php(213): include('APPPATH\\Views\\dashboard\\presensi.php')
 3 SYSTEMPATH\View\View.php(216): CodeIgniter\View\View->CodeIgniter\View\{closure}()
 4 SYSTEMPATH\Common.php(1135): CodeIgniter\View\View->render('dashboard/presensi', [], true)
 5 APPPATH\Controllers\Dashboard.php(110): view('dashboard/presensi', [...])
 6 SYSTEMPATH\CodeIgniter.php(896): App\Controllers\Dashboard->presensi('FCPATH\\js', 'qrcode.js')
 7 SYSTEMPATH\CodeIgniter.php(466): CodeIgniter\CodeIgniter->runController(Object(App\Controllers\Dashboard))
 8 SYSTEMPATH\CodeIgniter.php(349): CodeIgniter\CodeIgniter->handleRequest(null, Object(Config\Cache), false)
 9 FCPATH\index.php(55): CodeIgniter\CodeIgniter->run()
10 SYSTEMPATH\Commands\Server\rewrite.php(43): require_once('FCPATH\\index.php')
CRITICAL - 2022-09-17 15:47:50 --> Trying to access array offset on value of type null
in APPPATH\Views\dashboard\presensi.php on line 6.
 1 APPPATH\Views\dashboard\presensi.php(6): CodeIgniter\Debug\Exceptions->errorHandler(8, 'Trying to access array offset on value of type null', 'APPPATH\\Views\\dashboard\\presensi.php', 6, [...])
 2 SYSTEMPATH\View\View.php(213): include('APPPATH\\Views\\dashboard\\presensi.php')
 3 SYSTEMPATH\View\View.php(216): CodeIgniter\View\View->CodeIgniter\View\{closure}()
 4 SYSTEMPATH\Common.php(1135): CodeIgniter\View\View->render('dashboard/presensi', [], true)
 5 APPPATH\Controllers\Dashboard.php(110): view('dashboard/presensi', [...])
 6 SYSTEMPATH\CodeIgniter.php(896): App\Controllers\Dashboard->presensi('FCPATH\\js', 'jsfunctions.js')
 7 SYSTEMPATH\CodeIgniter.php(466): CodeIgniter\CodeIgniter->runController(Object(App\Controllers\Dashboard))
 8 SYSTEMPATH\CodeIgniter.php(349): CodeIgniter\CodeIgniter->handleRequest(null, Object(Config\Cache), false)
 9 FCPATH\index.php(55): CodeIgniter\CodeIgniter->run()
10 SYSTEMPATH\Commands\Server\rewrite.php(43): require_once('FCPATH\\index.php')
CRITICAL - 2022-09-17 15:47:50 --> Trying to access array offset on value of type null
in APPPATH\Views\dashboard\presensi.php on line 6.
 1 APPPATH\Views\dashboard\presensi.php(6): CodeIgniter\Debug\Exceptions->errorHandler(8, 'Trying to access array offset on value of type null', 'APPPATH\\Views\\dashboard\\presensi.php', 6, [...])
 2 SYSTEMPATH\View\View.php(213): include('APPPATH\\Views\\dashboard\\presensi.php')
 3 SYSTEMPATH\View\View.php(216): CodeIgniter\View\View->CodeIgniter\View\{closure}()
 4 SYSTEMPATH\Common.php(1135): CodeIgniter\View\View->render('dashboard/presensi', [], true)
 5 APPPATH\Controllers\Dashboard.php(110): view('dashboard/presensi', [...])
 6 SYSTEMPATH\CodeIgniter.php(896): App\Controllers\Dashboard->presensi('FCPATH\\js', 'qrcode.js')
 7 SYSTEMPATH\CodeIgniter.php(466): CodeIgniter\CodeIgniter->runController(Object(App\Controllers\Dashboard))
 8 SYSTEMPATH\CodeIgniter.php(349): CodeIgniter\CodeIgniter->handleRequest(null, Object(Config\Cache), false)
 9 FCPATH\index.php(55): CodeIgniter\CodeIgniter->run()
10 SYSTEMPATH\Commands\Server\rewrite.php(43): require_once('FCPATH\\index.php')
CRITICAL - 2022-09-17 15:48:07 --> Trying to access array offset on value of type null
in APPPATH\Views\dashboard\presensi.php on line 6.
 1 APPPATH\Views\dashboard\presensi.php(6): CodeIgniter\Debug\Exceptions->errorHandler(8, 'Trying to access array offset on value of type null', 'APPPATH\\Views\\dashboard\\presensi.php', 6, [...])
 2 SYSTEMPATH\View\View.php(213): include('APPPATH\\Views\\dashboard\\presensi.php')
 3 SYSTEMPATH\View\View.php(216): CodeIgniter\View\View->CodeIgniter\View\{closure}()
 4 SYSTEMPATH\Common.php(1135): CodeIgniter\View\View->render('dashboard/presensi', [], true)
 5 APPPATH\Controllers\Dashboard.php(110): view('dashboard/presensi', [...])
 6 SYSTEMPATH\CodeIgniter.php(896): App\Controllers\Dashboard->presensi('FCPATH\\js', 'jsfunctions.js')
 7 SYSTEMPATH\CodeIgniter.php(466): CodeIgniter\CodeIgniter->runController(Object(App\Controllers\Dashboard))
 8 SYSTEMPATH\CodeIgniter.php(349): CodeIgniter\CodeIgniter->handleRequest(null, Object(Config\Cache), false)
 9 FCPATH\index.php(55): CodeIgniter\CodeIgniter->run()
10 SYSTEMPATH\Commands\Server\rewrite.php(43): require_once('FCPATH\\index.php')
CRITICAL - 2022-09-17 15:48:08 --> Trying to access array offset on value of type null
in APPPATH\Views\dashboard\presensi.php on line 6.
 1 APPPATH\Views\dashboard\presensi.php(6): CodeIgniter\Debug\Exceptions->errorHandler(8, 'Trying to access array offset on value of type null', 'APPPATH\\Views\\dashboard\\presensi.php', 6, [...])
 2 SYSTEMPATH\View\View.php(213): include('APPPATH\\Views\\dashboard\\presensi.php')
 3 SYSTEMPATH\View\View.php(216): CodeIgniter\View\View->CodeIgniter\View\{closure}()
 4 SYSTEMPATH\Common.php(1135): CodeIgniter\View\View->render('dashboard/presensi', [], true)
 5 APPPATH\Controllers\Dashboard.php(110): view('dashboard/presensi', [...])
 6 SYSTEMPATH\CodeIgniter.php(896): App\Controllers\Dashboard->presensi('FCPATH\\js', 'qrcode.js')
 7 SYSTEMPATH\CodeIgniter.php(466): CodeIgniter\CodeIgniter->runController(Object(App\Controllers\Dashboard))
 8 SYSTEMPATH\CodeIgniter.php(349): CodeIgniter\CodeIgniter->handleRequest(null, Object(Config\Cache), false)
 9 FCPATH\index.php(55): CodeIgniter\CodeIgniter->run()
10 SYSTEMPATH\Commands\Server\rewrite.php(43): require_once('FCPATH\\index.php')
CRITICAL - 2022-09-17 15:48:24 --> Trying to access array offset on value of type null
in APPPATH\Views\dashboard\presensi.php on line 6.
 1 APPPATH\Views\dashboard\presensi.php(6): CodeIgniter\Debug\Exceptions->errorHandler(8, 'Trying to access array offset on value of type null', 'APPPATH\\Views\\dashboard\\presensi.php', 6, [...])
 2 SYSTEMPATH\View\View.php(213): include('APPPATH\\Views\\dashboard\\presensi.php')
 3 SYSTEMPATH\View\View.php(216): CodeIgniter\View\View->CodeIgniter\View\{closure}()
 4 SYSTEMPATH\Common.php(1135): CodeIgniter\View\View->render('dashboard/presensi', [], true)
 5 APPPATH\Controllers\Dashboard.php(110): view('dashboard/presensi', [...])
 6 SYSTEMPATH\CodeIgniter.php(896): App\Controllers\Dashboard->presensi('FCPATH\\js', 'jsfunctions.js')
 7 SYSTEMPATH\CodeIgniter.php(466): CodeIgniter\CodeIgniter->runController(Object(App\Controllers\Dashboard))
 8 SYSTEMPATH\CodeIgniter.php(349): CodeIgniter\CodeIgniter->handleRequest(null, Object(Config\Cache), false)
 9 FCPATH\index.php(55): CodeIgniter\CodeIgniter->run()
10 SYSTEMPATH\Commands\Server\rewrite.php(43): require_once('FCPATH\\index.php')
CRITICAL - 2022-09-17 15:48:24 --> Trying to access array offset on value of type null
in APPPATH\Views\dashboard\presensi.php on line 6.
 1 APPPATH\Views\dashboard\presensi.php(6): CodeIgniter\Debug\Exceptions->errorHandler(8, 'Trying to access array offset on value of type null', 'APPPATH\\Views\\dashboard\\presensi.php', 6, [...])
 2 SYSTEMPATH\View\View.php(213): include('APPPATH\\Views\\dashboard\\presensi.php')
 3 SYSTEMPATH\View\View.php(216): CodeIgniter\View\View->CodeIgniter\View\{closure}()
 4 SYSTEMPATH\Common.php(1135): CodeIgniter\View\View->render('dashboard/presensi', [], true)
 5 APPPATH\Controllers\Dashboard.php(110): view('dashboard/presensi', [...])
 6 SYSTEMPATH\CodeIgniter.php(896): App\Controllers\Dashboard->presensi('FCPATH\\js', 'qrcode.js')
 7 SYSTEMPATH\CodeIgniter.php(466): CodeIgniter\CodeIgniter->runController(Object(App\Controllers\Dashboard))
 8 SYSTEMPATH\CodeIgniter.php(349): CodeIgniter\CodeIgniter->handleRequest(null, Object(Config\Cache), false)
 9 FCPATH\index.php(55): CodeIgniter\CodeIgniter->run()
10 SYSTEMPATH\Commands\Server\rewrite.php(43): require_once('FCPATH\\index.php')
CRITICAL - 2022-09-17 15:48:33 --> Trying to access array offset on value of type null
in APPPATH\Views\dashboard\presensi.php on line 6.
 1 APPPATH\Views\dashboard\presensi.php(6): CodeIgniter\Debug\Exceptions->errorHandler(8, 'Trying to access array offset on value of type null', 'APPPATH\\Views\\dashboard\\presensi.php', 6, [...])
 2 SYSTEMPATH\View\View.php(213): include('APPPATH\\Views\\dashboard\\presensi.php')
 3 SYSTEMPATH\View\View.php(216): CodeIgniter\View\View->CodeIgniter\View\{closure}()
 4 SYSTEMPATH\Common.php(1135): CodeIgniter\View\View->render('dashboard/presensi', [], true)
 5 APPPATH\Controllers\Dashboard.php(110): view('dashboard/presensi', [...])
 6 SYSTEMPATH\CodeIgniter.php(896): App\Controllers\Dashboard->presensi('FCPATH\\js', 'jsfunctions.js')
 7 SYSTEMPATH\CodeIgniter.php(466): CodeIgniter\CodeIgniter->runController(Object(App\Controllers\Dashboard))
 8 SYSTEMPATH\CodeIgniter.php(349): CodeIgniter\CodeIgniter->handleRequest(null, Object(Config\Cache), false)
 9 FCPATH\index.php(55): CodeIgniter\CodeIgniter->run()
10 SYSTEMPATH\Commands\Server\rewrite.php(43): require_once('FCPATH\\index.php')
CRITICAL - 2022-09-17 15:48:33 --> Trying to access array offset on value of type null
in APPPATH\Views\dashboard\presensi.php on line 6.
 1 APPPATH\Views\dashboard\presensi.php(6): CodeIgniter\Debug\Exceptions->errorHandler(8, 'Trying to access array offset on value of type null', 'APPPATH\\Views\\dashboard\\presensi.php', 6, [...])
 2 SYSTEMPATH\View\View.php(213): include('APPPATH\\Views\\dashboard\\presensi.php')
 3 SYSTEMPATH\View\View.php(216): CodeIgniter\View\View->CodeIgniter\View\{closure}()
 4 SYSTEMPATH\Common.php(1135): CodeIgniter\View\View->render('dashboard/presensi', [], true)
 5 APPPATH\Controllers\Dashboard.php(110): view('dashboard/presensi', [...])
 6 SYSTEMPATH\CodeIgniter.php(896): App\Controllers\Dashboard->presensi('FCPATH\\js', 'qrcode.js')
 7 SYSTEMPATH\CodeIgniter.php(466): CodeIgniter\CodeIgniter->runController(Object(App\Controllers\Dashboard))
 8 SYSTEMPATH\CodeIgniter.php(349): CodeIgniter\CodeIgniter->handleRequest(null, Object(Config\Cache), false)
 9 FCPATH\index.php(55): CodeIgniter\CodeIgniter->run()
10 SYSTEMPATH\Commands\Server\rewrite.php(43): require_once('FCPATH\\index.php')
CRITICAL - 2022-09-17 15:48:39 --> Trying to access array offset on value of type null
in APPPATH\Views\dashboard\presensi.php on line 6.
 1 APPPATH\Views\dashboard\presensi.php(6): CodeIgniter\Debug\Exceptions->errorHandler(8, 'Trying to access array offset on value of type null', 'APPPATH\\Views\\dashboard\\presensi.php', 6, [...])
 2 SYSTEMPATH\View\View.php(213): include('APPPATH\\Views\\dashboard\\presensi.php')
 3 SYSTEMPATH\View\View.php(216): CodeIgniter\View\View->CodeIgniter\View\{closure}()
 4 SYSTEMPATH\Common.php(1135): CodeIgniter\View\View->render('dashboard/presensi', [], true)
 5 APPPATH\Controllers\Dashboard.php(110): view('dashboard/presensi', [...])
 6 SYSTEMPATH\CodeIgniter.php(896): App\Controllers\Dashboard->presensi('FCPATH\\js', 'jsfunctions.js')
 7 SYSTEMPATH\CodeIgniter.php(466): CodeIgniter\CodeIgniter->runController(Object(App\Controllers\Dashboard))
 8 SYSTEMPATH\CodeIgniter.php(349): CodeIgniter\CodeIgniter->handleRequest(null, Object(Config\Cache), false)
 9 FCPATH\index.php(55): CodeIgniter\CodeIgniter->run()
10 SYSTEMPATH\Commands\Server\rewrite.php(43): require_once('FCPATH\\index.php')
CRITICAL - 2022-09-17 15:48:39 --> Trying to access array offset on value of type null
in APPPATH\Views\dashboard\presensi.php on line 6.
 1 APPPATH\Views\dashboard\presensi.php(6): CodeIgniter\Debug\Exceptions->errorHandler(8, 'Trying to access array offset on value of type null', 'APPPATH\\Views\\dashboard\\presensi.php', 6, [...])
 2 SYSTEMPATH\View\View.php(213): include('APPPATH\\Views\\dashboard\\presensi.php')
 3 SYSTEMPATH\View\View.php(216): CodeIgniter\View\View->CodeIgniter\View\{closure}()
 4 SYSTEMPATH\Common.php(1135): CodeIgniter\View\View->render('dashboard/presensi', [], true)
 5 APPPATH\Controllers\Dashboard.php(110): view('dashboard/presensi', [...])
 6 SYSTEMPATH\CodeIgniter.php(896): App\Controllers\Dashboard->presensi('FCPATH\\js', 'qrcode.js')
 7 SYSTEMPATH\CodeIgniter.php(466): CodeIgniter\CodeIgniter->runController(Object(App\Controllers\Dashboard))
 8 SYSTEMPATH\CodeIgniter.php(349): CodeIgniter\CodeIgniter->handleRequest(null, Object(Config\Cache), false)
 9 FCPATH\index.php(55): CodeIgniter\CodeIgniter->run()
10 SYSTEMPATH\Commands\Server\rewrite.php(43): require_once('FCPATH\\index.php')
CRITICAL - 2022-09-17 15:48:49 --> Trying to access array offset on value of type null
in APPPATH\Views\dashboard\presensi.php on line 6.
 1 APPPATH\Views\dashboard\presensi.php(6): CodeIgniter\Debug\Exceptions->errorHandler(8, 'Trying to access array offset on value of type null', 'APPPATH\\Views\\dashboard\\presensi.php', 6, [...])
 2 SYSTEMPATH\View\View.php(213): include('APPPATH\\Views\\dashboard\\presensi.php')
 3 SYSTEMPATH\View\View.php(216): CodeIgniter\View\View->CodeIgniter\View\{closure}()
 4 SYSTEMPATH\Common.php(1135): CodeIgniter\View\View->render('dashboard/presensi', [], true)
 5 APPPATH\Controllers\Dashboard.php(110): view('dashboard/presensi', [...])
 6 SYSTEMPATH\CodeIgniter.php(896): App\Controllers\Dashboard->presensi('FCPATH\\js', 'jsfunctions.js')
 7 SYSTEMPATH\CodeIgniter.php(466): CodeIgniter\CodeIgniter->runController(Object(App\Controllers\Dashboard))
 8 SYSTEMPATH\CodeIgniter.php(349): CodeIgniter\CodeIgniter->handleRequest(null, Object(Config\Cache), false)
 9 FCPATH\index.php(55): CodeIgniter\CodeIgniter->run()
10 SYSTEMPATH\Commands\Server\rewrite.php(43): require_once('FCPATH\\index.php')
CRITICAL - 2022-09-17 15:48:49 --> Trying to access array offset on value of type null
in APPPATH\Views\dashboard\presensi.php on line 6.
 1 APPPATH\Views\dashboard\presensi.php(6): CodeIgniter\Debug\Exceptions->errorHandler(8, 'Trying to access array offset on value of type null', 'APPPATH\\Views\\dashboard\\presensi.php', 6, [...])
 2 SYSTEMPATH\View\View.php(213): include('APPPATH\\Views\\dashboard\\presensi.php')
 3 SYSTEMPATH\View\View.php(216): CodeIgniter\View\View->CodeIgniter\View\{closure}()
 4 SYSTEMPATH\Common.php(1135): CodeIgniter\View\View->render('dashboard/presensi', [], true)
 5 APPPATH\Controllers\Dashboard.php(110): view('dashboard/presensi', [...])
 6 SYSTEMPATH\CodeIgniter.php(896): App\Controllers\Dashboard->presensi('FCPATH\\js', 'qrcode.js')
 7 SYSTEMPATH\CodeIgniter.php(466): CodeIgniter\CodeIgniter->runController(Object(App\Controllers\Dashboard))
 8 SYSTEMPATH\CodeIgniter.php(349): CodeIgniter\CodeIgniter->handleRequest(null, Object(Config\Cache), false)
 9 FCPATH\index.php(55): CodeIgniter\CodeIgniter->run()
10 SYSTEMPATH\Commands\Server\rewrite.php(43): require_once('FCPATH\\index.php')
CRITICAL - 2022-09-17 15:49:02 --> Trying to access array offset on value of type null
in APPPATH\Views\dashboard\presensi.php on line 6.
 1 APPPATH\Views\dashboard\presensi.php(6): CodeIgniter\Debug\Exceptions->errorHandler(8, 'Trying to access array offset on value of type null', 'APPPATH\\Views\\dashboard\\presensi.php', 6, [...])
 2 SYSTEMPATH\View\View.php(213): include('APPPATH\\Views\\dashboard\\presensi.php')
 3 SYSTEMPATH\View\View.php(216): CodeIgniter\View\View->CodeIgniter\View\{closure}()
 4 SYSTEMPATH\Common.php(1135): CodeIgniter\View\View->render('dashboard/presensi', [], true)
 5 APPPATH\Controllers\Dashboard.php(110): view('dashboard/presensi', [...])
 6 SYSTEMPATH\CodeIgniter.php(896): App\Controllers\Dashboard->presensi('FCPATH\\js', 'jsfunctions.js')
 7 SYSTEMPATH\CodeIgniter.php(466): CodeIgniter\CodeIgniter->runController(Object(App\Controllers\Dashboard))
 8 SYSTEMPATH\CodeIgniter.php(349): CodeIgniter\CodeIgniter->handleRequest(null, Object(Config\Cache), false)
 9 FCPATH\index.php(55): CodeIgniter\CodeIgniter->run()
10 SYSTEMPATH\Commands\Server\rewrite.php(43): require_once('FCPATH\\index.php')
CRITICAL - 2022-09-17 15:49:02 --> Trying to access array offset on value of type null
in APPPATH\Views\dashboard\presensi.php on line 6.
 1 APPPATH\Views\dashboard\presensi.php(6): CodeIgniter\Debug\Exceptions->errorHandler(8, 'Trying to access array offset on value of type null', 'APPPATH\\Views\\dashboard\\presensi.php', 6, [...])
 2 SYSTEMPATH\View\View.php(213): include('APPPATH\\Views\\dashboard\\presensi.php')
 3 SYSTEMPATH\View\View.php(216): CodeIgniter\View\View->CodeIgniter\View\{closure}()
 4 SYSTEMPATH\Common.php(1135): CodeIgniter\View\View->render('dashboard/presensi', [], true)
 5 APPPATH\Controllers\Dashboard.php(110): view('dashboard/presensi', [...])
 6 SYSTEMPATH\CodeIgniter.php(896): App\Controllers\Dashboard->presensi('FCPATH\\js', 'qrcode.js')
 7 SYSTEMPATH\CodeIgniter.php(466): CodeIgniter\CodeIgniter->runController(Object(App\Controllers\Dashboard))
 8 SYSTEMPATH\CodeIgniter.php(349): CodeIgniter\CodeIgniter->handleRequest(null, Object(Config\Cache), false)
 9 FCPATH\index.php(55): CodeIgniter\CodeIgniter->run()
10 SYSTEMPATH\Commands\Server\rewrite.php(43): require_once('FCPATH\\index.php')
CRITICAL - 2022-09-17 15:49:07 --> Trying to access array offset on value of type null
in APPPATH\Views\dashboard\presensi.php on line 6.
 1 APPPATH\Views\dashboard\presensi.php(6): CodeIgniter\Debug\Exceptions->errorHandler(8, 'Trying to access array offset on value of type null', 'APPPATH\\Views\\dashboard\\presensi.php', 6, [...])
 2 SYSTEMPATH\View\View.php(213): include('APPPATH\\Views\\dashboard\\presensi.php')
 3 SYSTEMPATH\View\View.php(216): CodeIgniter\View\View->CodeIgniter\View\{closure}()
 4 SYSTEMPATH\Common.php(1135): CodeIgniter\View\View->render('dashboard/presensi', [], true)
 5 APPPATH\Controllers\Dashboard.php(110): view('dashboard/presensi', [...])
 6 SYSTEMPATH\CodeIgniter.php(896): App\Controllers\Dashboard->presensi('FCPATH\\js', 'jsfunctions.js')
 7 SYSTEMPATH\CodeIgniter.php(466): CodeIgniter\CodeIgniter->runController(Object(App\Controllers\Dashboard))
 8 SYSTEMPATH\CodeIgniter.php(349): CodeIgniter\CodeIgniter->handleRequest(null, Object(Config\Cache), false)
 9 FCPATH\index.php(55): CodeIgniter\CodeIgniter->run()
10 SYSTEMPATH\Commands\Server\rewrite.php(43): require_once('FCPATH\\index.php')
CRITICAL - 2022-09-17 15:49:07 --> Trying to access array offset on value of type null
in APPPATH\Views\dashboard\presensi.php on line 6.
 1 APPPATH\Views\dashboard\presensi.php(6): CodeIgniter\Debug\Exceptions->errorHandler(8, 'Trying to access array offset on value of type null', 'APPPATH\\Views\\dashboard\\presensi.php', 6, [...])
 2 SYSTEMPATH\View\View.php(213): include('APPPATH\\Views\\dashboard\\presensi.php')
 3 SYSTEMPATH\View\View.php(216): CodeIgniter\View\View->CodeIgniter\View\{closure}()
 4 SYSTEMPATH\Common.php(1135): CodeIgniter\View\View->render('dashboard/presensi', [], true)
 5 APPPATH\Controllers\Dashboard.php(110): view('dashboard/presensi', [...])
 6 SYSTEMPATH\CodeIgniter.php(896): App\Controllers\Dashboard->presensi('FCPATH\\js', 'qrcode.js')
 7 SYSTEMPATH\CodeIgniter.php(466): CodeIgniter\CodeIgniter->runController(Object(App\Controllers\Dashboard))
 8 SYSTEMPATH\CodeIgniter.php(349): CodeIgniter\CodeIgniter->handleRequest(null, Object(Config\Cache), false)
 9 FCPATH\index.php(55): CodeIgniter\CodeIgniter->run()
10 SYSTEMPATH\Commands\Server\rewrite.php(43): require_once('FCPATH\\index.php')
CRITICAL - 2022-09-17 15:49:10 --> Trying to access array offset on value of type null
in APPPATH\Views\dashboard\presensi.php on line 6.
 1 APPPATH\Views\dashboard\presensi.php(6): CodeIgniter\Debug\Exceptions->errorHandler(8, 'Trying to access array offset on value of type null', 'APPPATH\\Views\\dashboard\\presensi.php', 6, [...])
 2 SYSTEMPATH\View\View.php(213): include('APPPATH\\Views\\dashboard\\presensi.php')
 3 SYSTEMPATH\View\View.php(216): CodeIgniter\View\View->CodeIgniter\View\{closure}()
 4 SYSTEMPATH\Common.php(1135): CodeIgniter\View\View->render('dashboard/presensi', [], true)
 5 APPPATH\Controllers\Dashboard.php(110): view('dashboard/presensi', [...])
 6 SYSTEMPATH\CodeIgniter.php(896): App\Controllers\Dashboard->presensi('FCPATH\\js', 'jsfunctions.js')
 7 SYSTEMPATH\CodeIgniter.php(466): CodeIgniter\CodeIgniter->runController(Object(App\Controllers\Dashboard))
 8 SYSTEMPATH\CodeIgniter.php(349): CodeIgniter\CodeIgniter->handleRequest(null, Object(Config\Cache), false)
 9 FCPATH\index.php(55): CodeIgniter\CodeIgniter->run()
10 SYSTEMPATH\Commands\Server\rewrite.php(43): require_once('FCPATH\\index.php')
CRITICAL - 2022-09-17 15:49:10 --> Trying to access array offset on value of type null
in APPPATH\Views\dashboard\presensi.php on line 6.
 1 APPPATH\Views\dashboard\presensi.php(6): CodeIgniter\Debug\Exceptions->errorHandler(8, 'Trying to access array offset on value of type null', 'APPPATH\\Views\\dashboard\\presensi.php', 6, [...])
 2 SYSTEMPATH\View\View.php(213): include('APPPATH\\Views\\dashboard\\presensi.php')
 3 SYSTEMPATH\View\View.php(216): CodeIgniter\View\View->CodeIgniter\View\{closure}()
 4 SYSTEMPATH\Common.php(1135): CodeIgniter\View\View->render('dashboard/presensi', [], true)
 5 APPPATH\Controllers\Dashboard.php(110): view('dashboard/presensi', [...])
 6 SYSTEMPATH\CodeIgniter.php(896): App\Controllers\Dashboard->presensi('FCPATH\\js', 'qrcode.js')
 7 SYSTEMPATH\CodeIgniter.php(466): CodeIgniter\CodeIgniter->runController(Object(App\Controllers\Dashboard))
 8 SYSTEMPATH\CodeIgniter.php(349): CodeIgniter\CodeIgniter->handleRequest(null, Object(Config\Cache), false)
 9 FCPATH\index.php(55): CodeIgniter\CodeIgniter->run()
10 SYSTEMPATH\Commands\Server\rewrite.php(43): require_once('FCPATH\\index.php')
CRITICAL - 2022-09-17 15:49:22 --> Trying to access array offset on value of type null
in APPPATH\Views\dashboard\presensi.php on line 6.
 1 APPPATH\Views\dashboard\presensi.php(6): CodeIgniter\Debug\Exceptions->errorHandler(8, 'Trying to access array offset on value of type null', 'APPPATH\\Views\\dashboard\\presensi.php', 6, [...])
 2 SYSTEMPATH\View\View.php(213): include('APPPATH\\Views\\dashboard\\presensi.php')
 3 SYSTEMPATH\View\View.php(216): CodeIgniter\View\View->CodeIgniter\View\{closure}()
 4 SYSTEMPATH\Common.php(1135): CodeIgniter\View\View->render('dashboard/presensi', [], true)
 5 APPPATH\Controllers\Dashboard.php(110): view('dashboard/presensi', [...])
 6 SYSTEMPATH\CodeIgniter.php(896): App\Controllers\Dashboard->presensi('FCPATH\\js', 'jsfunctions.js')
 7 SYSTEMPATH\CodeIgniter.php(466): CodeIgniter\CodeIgniter->runController(Object(App\Controllers\Dashboard))
 8 SYSTEMPATH\CodeIgniter.php(349): CodeIgniter\CodeIgniter->handleRequest(null, Object(Config\Cache), false)
 9 FCPATH\index.php(55): CodeIgniter\CodeIgniter->run()
10 SYSTEMPATH\Commands\Server\rewrite.php(43): require_once('FCPATH\\index.php')
CRITICAL - 2022-09-17 15:49:22 --> Trying to access array offset on value of type null
in APPPATH\Views\dashboard\presensi.php on line 6.
 1 APPPATH\Views\dashboard\presensi.php(6): CodeIgniter\Debug\Exceptions->errorHandler(8, 'Trying to access array offset on value of type null', 'APPPATH\\Views\\dashboard\\presensi.php', 6, [...])
 2 SYSTEMPATH\View\View.php(213): include('APPPATH\\Views\\dashboard\\presensi.php')
 3 SYSTEMPATH\View\View.php(216): CodeIgniter\View\View->CodeIgniter\View\{closure}()
 4 SYSTEMPATH\Common.php(1135): CodeIgniter\View\View->render('dashboard/presensi', [], true)
 5 APPPATH\Controllers\Dashboard.php(110): view('dashboard/presensi', [...])
 6 SYSTEMPATH\CodeIgniter.php(896): App\Controllers\Dashboard->presensi('FCPATH\\js', 'qrcode.js')
 7 SYSTEMPATH\CodeIgniter.php(466): CodeIgniter\CodeIgniter->runController(Object(App\Controllers\Dashboard))
 8 SYSTEMPATH\CodeIgniter.php(349): CodeIgniter\CodeIgniter->handleRequest(null, Object(Config\Cache), false)
 9 FCPATH\index.php(55): CodeIgniter\CodeIgniter->run()
10 SYSTEMPATH\Commands\Server\rewrite.php(43): require_once('FCPATH\\index.php')
CRITICAL - 2022-09-17 15:50:17 --> Trying to access array offset on value of type null
in APPPATH\Views\dashboard\presensi.php on line 6.
 1 APPPATH\Views\dashboard\presensi.php(6): CodeIgniter\Debug\Exceptions->errorHandler(8, 'Trying to access array offset on value of type null', 'APPPATH\\Views\\dashboard\\presensi.php', 6, [...])
 2 SYSTEMPATH\View\View.php(213): include('APPPATH\\Views\\dashboard\\presensi.php')
 3 SYSTEMPATH\View\View.php(216): CodeIgniter\View\View->CodeIgniter\View\{closure}()
 4 SYSTEMPATH\Common.php(1135): CodeIgniter\View\View->render('dashboard/presensi', [], true)
 5 APPPATH\Controllers\Dashboard.php(110): view('dashboard/presensi', [...])
 6 SYSTEMPATH\CodeIgniter.php(896): App\Controllers\Dashboard->presensi('FCPATH\\js', 'qrcode.js')
 7 SYSTEMPATH\CodeIgniter.php(466): CodeIgniter\CodeIgniter->runController(Object(App\Controllers\Dashboard))
 8 SYSTEMPATH\CodeIgniter.php(349): CodeIgniter\CodeIgniter->handleRequest(null, Object(Config\Cache), false)
 9 FCPATH\index.php(55): CodeIgniter\CodeIgniter->run()
10 SYSTEMPATH\Commands\Server\rewrite.php(43): require_once('FCPATH\\index.php')
CRITICAL - 2022-09-17 15:50:17 --> Trying to access array offset on value of type null
in APPPATH\Views\dashboard\presensi.php on line 6.
 1 APPPATH\Views\dashboard\presensi.php(6): CodeIgniter\Debug\Exceptions->errorHandler(8, 'Trying to access array offset on value of type null', 'APPPATH\\Views\\dashboard\\presensi.php', 6, [...])
 2 SYSTEMPATH\View\View.php(213): include('APPPATH\\Views\\dashboard\\presensi.php')
 3 SYSTEMPATH\View\View.php(216): CodeIgniter\View\View->CodeIgniter\View\{closure}()
 4 SYSTEMPATH\Common.php(1135): CodeIgniter\View\View->render('dashboard/presensi', [], true)
 5 APPPATH\Controllers\Dashboard.php(110): view('dashboard/presensi', [...])
 6 SYSTEMPATH\CodeIgniter.php(896): App\Controllers\Dashboard->presensi('FCPATH\\js', 'jsfunctions.js')
 7 SYSTEMPATH\CodeIgniter.php(466): CodeIgniter\CodeIgniter->runController(Object(App\Controllers\Dashboard))
 8 SYSTEMPATH\CodeIgniter.php(349): CodeIgniter\CodeIgniter->handleRequest(null, Object(Config\Cache), false)
 9 FCPATH\index.php(55): CodeIgniter\CodeIgniter->run()
10 SYSTEMPATH\Commands\Server\rewrite.php(43): require_once('FCPATH\\index.php')
CRITICAL - 2022-09-17 15:50:54 --> Trying to access array offset on value of type null
in APPPATH\Views\dashboard\presensi.php on line 6.
 1 APPPATH\Views\dashboard\presensi.php(6): CodeIgniter\Debug\Exceptions->errorHandler(8, 'Trying to access array offset on value of type null', 'APPPATH\\Views\\dashboard\\presensi.php', 6, [...])
 2 SYSTEMPATH\View\View.php(213): include('APPPATH\\Views\\dashboard\\presensi.php')
 3 SYSTEMPATH\View\View.php(216): CodeIgniter\View\View->CodeIgniter\View\{closure}()
 4 SYSTEMPATH\Common.php(1135): CodeIgniter\View\View->render('dashboard/presensi', [], true)
 5 APPPATH\Controllers\Dashboard.php(110): view('dashboard/presensi', [...])
 6 SYSTEMPATH\CodeIgniter.php(896): App\Controllers\Dashboard->presensi('FCPATH\\js', 'jsfunctions.js')
 7 SYSTEMPATH\CodeIgniter.php(466): CodeIgniter\CodeIgniter->runController(Object(App\Controllers\Dashboard))
 8 SYSTEMPATH\CodeIgniter.php(349): CodeIgniter\CodeIgniter->handleRequest(null, Object(Config\Cache), false)
 9 FCPATH\index.php(55): CodeIgniter\CodeIgniter->run()
10 SYSTEMPATH\Commands\Server\rewrite.php(43): require_once('FCPATH\\index.php')
CRITICAL - 2022-09-17 15:50:54 --> Trying to access array offset on value of type null
in APPPATH\Views\dashboard\presensi.php on line 6.
 1 APPPATH\Views\dashboard\presensi.php(6): CodeIgniter\Debug\Exceptions->errorHandler(8, 'Trying to access array offset on value of type null', 'APPPATH\\Views\\dashboard\\presensi.php', 6, [...])
 2 SYSTEMPATH\View\View.php(213): include('APPPATH\\Views\\dashboard\\presensi.php')
 3 SYSTEMPATH\View\View.php(216): CodeIgniter\View\View->CodeIgniter\View\{closure}()
 4 SYSTEMPATH\Common.php(1135): CodeIgniter\View\View->render('dashboard/presensi', [], true)
 5 APPPATH\Controllers\Dashboard.php(110): view('dashboard/presensi', [...])
 6 SYSTEMPATH\CodeIgniter.php(896): App\Controllers\Dashboard->presensi('FCPATH\\js', 'qrcode.js')
 7 SYSTEMPATH\CodeIgniter.php(466): CodeIgniter\CodeIgniter->runController(Object(App\Controllers\Dashboard))
 8 SYSTEMPATH\CodeIgniter.php(349): CodeIgniter\CodeIgniter->handleRequest(null, Object(Config\Cache), false)
 9 FCPATH\index.php(55): CodeIgniter\CodeIgniter->run()
10 SYSTEMPATH\Commands\Server\rewrite.php(43): require_once('FCPATH\\index.php')
CRITICAL - 2022-09-17 15:51:17 --> Trying to access array offset on value of type null
in APPPATH\Views\dashboard\presensi.php on line 6.
 1 APPPATH\Views\dashboard\presensi.php(6): CodeIgniter\Debug\Exceptions->errorHandler(8, 'Trying to access array offset on value of type null', 'APPPATH\\Views\\dashboard\\presensi.php', 6, [...])
 2 SYSTEMPATH\View\View.php(213): include('APPPATH\\Views\\dashboard\\presensi.php')
 3 SYSTEMPATH\View\View.php(216): CodeIgniter\View\View->CodeIgniter\View\{closure}()
 4 SYSTEMPATH\Common.php(1135): CodeIgniter\View\View->render('dashboard/presensi', [], true)
 5 APPPATH\Controllers\Dashboard.php(110): view('dashboard/presensi', [...])
 6 SYSTEMPATH\CodeIgniter.php(896): App\Controllers\Dashboard->presensi('FCPATH\\js', 'jsfunctions.js')
 7 SYSTEMPATH\CodeIgniter.php(466): CodeIgniter\CodeIgniter->runController(Object(App\Controllers\Dashboard))
 8 SYSTEMPATH\CodeIgniter.php(349): CodeIgniter\CodeIgniter->handleRequest(null, Object(Config\Cache), false)
 9 FCPATH\index.php(55): CodeIgniter\CodeIgniter->run()
10 SYSTEMPATH\Commands\Server\rewrite.php(43): require_once('FCPATH\\index.php')
CRITICAL - 2022-09-17 15:51:17 --> Trying to access array offset on value of type null
in APPPATH\Views\dashboard\presensi.php on line 6.
 1 APPPATH\Views\dashboard\presensi.php(6): CodeIgniter\Debug\Exceptions->errorHandler(8, 'Trying to access array offset on value of type null', 'APPPATH\\Views\\dashboard\\presensi.php', 6, [...])
 2 SYSTEMPATH\View\View.php(213): include('APPPATH\\Views\\dashboard\\presensi.php')
 3 SYSTEMPATH\View\View.php(216): CodeIgniter\View\View->CodeIgniter\View\{closure}()
 4 SYSTEMPATH\Common.php(1135): CodeIgniter\View\View->render('dashboard/presensi', [], true)
 5 APPPATH\Controllers\Dashboard.php(110): view('dashboard/presensi', [...])
 6 SYSTEMPATH\CodeIgniter.php(896): App\Controllers\Dashboard->presensi('FCPATH\\js', 'qrcode.js')
 7 SYSTEMPATH\CodeIgniter.php(466): CodeIgniter\CodeIgniter->runController(Object(App\Controllers\Dashboard))
 8 SYSTEMPATH\CodeIgniter.php(349): CodeIgniter\CodeIgniter->handleRequest(null, Object(Config\Cache), false)
 9 FCPATH\index.php(55): CodeIgniter\CodeIgniter->run()
10 SYSTEMPATH\Commands\Server\rewrite.php(43): require_once('FCPATH\\index.php')
CRITICAL - 2022-09-17 15:51:38 --> Trying to access array offset on value of type null
in APPPATH\Views\dashboard\qr_code.php on line 6.
 1 APPPATH\Views\dashboard\qr_code.php(6): CodeIgniter\Debug\Exceptions->errorHandler(8, 'Trying to access array offset on value of type null', 'APPPATH\\Views\\dashboard\\qr_code.php', 6, [...])
 2 SYSTEMPATH\View\View.php(213): include('APPPATH\\Views\\dashboard\\qr_code.php')
 3 SYSTEMPATH\View\View.php(216): CodeIgniter\View\View->CodeIgniter\View\{closure}()
 4 SYSTEMPATH\Common.php(1135): CodeIgniter\View\View->render('dashboard/qr_code', [], true)
 5 APPPATH\Controllers\Dashboard.php(142): view('dashboard/qr_code', [...])
 6 SYSTEMPATH\CodeIgniter.php(896): App\Controllers\Dashboard->qr_code('FCPATH\\js', 'jsfunctions.js')
 7 SYSTEMPATH\CodeIgniter.php(466): CodeIgniter\CodeIgniter->runController(Object(App\Controllers\Dashboard))
 8 SYSTEMPATH\CodeIgniter.php(349): CodeIgniter\CodeIgniter->handleRequest(null, Object(Config\Cache), false)
 9 FCPATH\index.php(55): CodeIgniter\CodeIgniter->run()
10 SYSTEMPATH\Commands\Server\rewrite.php(43): require_once('FCPATH\\index.php')
CRITICAL - 2022-09-17 15:51:38 --> Trying to access array offset on value of type null
in APPPATH\Views\dashboard\qr_code.php on line 6.
 1 APPPATH\Views\dashboard\qr_code.php(6): CodeIgniter\Debug\Exceptions->errorHandler(8, 'Trying to access array offset on value of type null', 'APPPATH\\Views\\dashboard\\qr_code.php', 6, [...])
 2 SYSTEMPATH\View\View.php(213): include('APPPATH\\Views\\dashboard\\qr_code.php')
 3 SYSTEMPATH\View\View.php(216): CodeIgniter\View\View->CodeIgniter\View\{closure}()
 4 SYSTEMPATH\Common.php(1135): CodeIgniter\View\View->render('dashboard/qr_code', [], true)
 5 APPPATH\Controllers\Dashboard.php(142): view('dashboard/qr_code', [...])
 6 SYSTEMPATH\CodeIgniter.php(896): App\Controllers\Dashboard->qr_code('FCPATH\\js', 'qrcode.js')
 7 SYSTEMPATH\CodeIgniter.php(466): CodeIgniter\CodeIgniter->runController(Object(App\Controllers\Dashboard))
 8 SYSTEMPATH\CodeIgniter.php(349): CodeIgniter\CodeIgniter->handleRequest(null, Object(Config\Cache), false)
 9 FCPATH\index.php(55): CodeIgniter\CodeIgniter->run()
10 SYSTEMPATH\Commands\Server\rewrite.php(43): require_once('FCPATH\\index.php')
CRITICAL - 2022-09-17 22:36:24 --> Trying to access array offset on value of type null
in APPPATH\Views\psda\add_value.php on line 20.
 1 APPPATH\Views\psda\add_value.php(20): CodeIgniter\Debug\Exceptions->errorHandler(8, 'Trying to access array offset on value of type null', 'APPPATH\\Views\\psda\\add_value.php', 20, [...])
 2 SYSTEMPATH\View\View.php(213): include('APPPATH\\Views\\psda\\add_value.php')
 3 SYSTEMPATH\View\View.php(216): CodeIgniter\View\View->CodeIgniter\View\{closure}()
 4 SYSTEMPATH\Common.php(1135): CodeIgniter\View\View->render('psda/add_value', [], true)
 5 APPPATH\Controllers\Psda.php(167): view('psda/add_value', [...])
 6 SYSTEMPATH\CodeIgniter.php(896): App\Controllers\Psda->add_value('2083', 'Kopma_Ul', 'FCPATH\\js', 'jsfunctions.js')
 7 SYSTEMPATH\CodeIgniter.php(466): CodeIgniter\CodeIgniter->runController(Object(App\Controllers\Psda))
 8 SYSTEMPATH\CodeIgniter.php(349): CodeIgniter\CodeIgniter->handleRequest(null, Object(Config\Cache), false)
 9 FCPATH\index.php(55): CodeIgniter\CodeIgniter->run()
10 SYSTEMPATH\Commands\Server\rewrite.php(43): require_once('FCPATH\\index.php')
CRITICAL - 2022-09-17 22:36:24 --> Trying to access array offset on value of type null
in APPPATH\Views\psda\add_value.php on line 20.
 1 APPPATH\Views\psda\add_value.php(20): CodeIgniter\Debug\Exceptions->errorHandler(8, 'Trying to access array offset on value of type null', 'APPPATH\\Views\\psda\\add_value.php', 20, [...])
 2 SYSTEMPATH\View\View.php(213): include('APPPATH\\Views\\psda\\add_value.php')
 3 SYSTEMPATH\View\View.php(216): CodeIgniter\View\View->CodeIgniter\View\{closure}()
 4 SYSTEMPATH\Common.php(1135): CodeIgniter\View\View->render('psda/add_value', [], true)
 5 APPPATH\Controllers\Psda.php(167): view('psda/add_value', [...])
 6 SYSTEMPATH\CodeIgniter.php(896): App\Controllers\Psda->add_value('2083', 'Kopma_Ul', 'FCPATH\\js', 'qrcode.js')
 7 SYSTEMPATH\CodeIgniter.php(466): CodeIgniter\CodeIgniter->runController(Object(App\Controllers\Psda))
 8 SYSTEMPATH\CodeIgniter.php(349): CodeIgniter\CodeIgniter->handleRequest(null, Object(Config\Cache), false)
 9 FCPATH\index.php(55): CodeIgniter\CodeIgniter->run()
10 SYSTEMPATH\Commands\Server\rewrite.php(43): require_once('FCPATH\\index.php')
CRITICAL - 2022-09-17 22:38:04 --> Trying to access array offset on value of type null
in APPPATH\Views\psda\add_value.php on line 20.
 1 APPPATH\Views\psda\add_value.php(20): CodeIgniter\Debug\Exceptions->errorHandler(8, 'Trying to access array offset on value of type null', 'APPPATH\\Views\\psda\\add_value.php', 20, [...])
 2 SYSTEMPATH\View\View.php(213): include('APPPATH\\Views\\psda\\add_value.php')
 3 SYSTEMPATH\View\View.php(216): CodeIgniter\View\View->CodeIgniter\View\{closure}()
 4 SYSTEMPATH\Common.php(1135): CodeIgniter\View\View->render('psda/add_value', [], true)
 5 APPPATH\Controllers\Psda.php(167): view('psda/add_value', [...])
 6 SYSTEMPATH\CodeIgniter.php(896): App\Controllers\Psda->add_value('2083', 'Kopma_Ul', 'FCPATH\\js', 'jsfunctions.js')
 7 SYSTEMPATH\CodeIgniter.php(466): CodeIgniter\CodeIgniter->runController(Object(App\Controllers\Psda))
 8 SYSTEMPATH\CodeIgniter.php(349): CodeIgniter\CodeIgniter->handleRequest(null, Object(Config\Cache), false)
 9 FCPATH\index.php(55): CodeIgniter\CodeIgniter->run()
10 SYSTEMPATH\Commands\Server\rewrite.php(43): require_once('FCPATH\\index.php')
CRITICAL - 2022-09-17 22:38:04 --> Trying to access array offset on value of type null
in APPPATH\Views\psda\add_value.php on line 20.
 1 APPPATH\Views\psda\add_value.php(20): CodeIgniter\Debug\Exceptions->errorHandler(8, 'Trying to access array offset on value of type null', 'APPPATH\\Views\\psda\\add_value.php', 20, [...])
 2 SYSTEMPATH\View\View.php(213): include('APPPATH\\Views\\psda\\add_value.php')
 3 SYSTEMPATH\View\View.php(216): CodeIgniter\View\View->CodeIgniter\View\{closure}()
 4 SYSTEMPATH\Common.php(1135): CodeIgniter\View\View->render('psda/add_value', [], true)
 5 APPPATH\Controllers\Psda.php(167): view('psda/add_value', [...])
 6 SYSTEMPATH\CodeIgniter.php(896): App\Controllers\Psda->add_value('2083', 'Kopma_Ul', 'FCPATH\\js', 'qrcode.js')
 7 SYSTEMPATH\CodeIgniter.php(466): CodeIgniter\CodeIgniter->runController(Object(App\Controllers\Psda))
 8 SYSTEMPATH\CodeIgniter.php(349): CodeIgniter\CodeIgniter->handleRequest(null, Object(Config\Cache), false)
 9 FCPATH\index.php(55): CodeIgniter\CodeIgniter->run()
10 SYSTEMPATH\Commands\Server\rewrite.php(43): require_once('FCPATH\\index.php')
CRITICAL - 2022-09-17 22:38:31 --> Trying to access array offset on value of type null
in APPPATH\Views\psda\add_value.php on line 20.
 1 APPPATH\Views\psda\add_value.php(20): CodeIgniter\Debug\Exceptions->errorHandler(8, 'Trying to access array offset on value of type null', 'APPPATH\\Views\\psda\\add_value.php', 20, [...])
 2 SYSTEMPATH\View\View.php(213): include('APPPATH\\Views\\psda\\add_value.php')
 3 SYSTEMPATH\View\View.php(216): CodeIgniter\View\View->CodeIgniter\View\{closure}()
 4 SYSTEMPATH\Common.php(1135): CodeIgniter\View\View->render('psda/add_value', [], true)
 5 APPPATH\Controllers\Psda.php(167): view('psda/add_value', [...])
 6 SYSTEMPATH\CodeIgniter.php(896): App\Controllers\Psda->add_value('2083', 'Kopma_Ul', 'FCPATH\\js', 'jsfunctions.js')
 7 SYSTEMPATH\CodeIgniter.php(466): CodeIgniter\CodeIgniter->runController(Object(App\Controllers\Psda))
 8 SYSTEMPATH\CodeIgniter.php(349): CodeIgniter\CodeIgniter->handleRequest(null, Object(Config\Cache), false)
 9 FCPATH\index.php(55): CodeIgniter\CodeIgniter->run()
10 SYSTEMPATH\Commands\Server\rewrite.php(43): require_once('FCPATH\\index.php')
CRITICAL - 2022-09-17 22:38:31 --> Trying to access array offset on value of type null
in APPPATH\Views\psda\add_value.php on line 20.
 1 APPPATH\Views\psda\add_value.php(20): CodeIgniter\Debug\Exceptions->errorHandler(8, 'Trying to access array offset on value of type null', 'APPPATH\\Views\\psda\\add_value.php', 20, [...])
 2 SYSTEMPATH\View\View.php(213): include('APPPATH\\Views\\psda\\add_value.php')
 3 SYSTEMPATH\View\View.php(216): CodeIgniter\View\View->CodeIgniter\View\{closure}()
 4 SYSTEMPATH\Common.php(1135): CodeIgniter\View\View->render('psda/add_value', [], true)
 5 APPPATH\Controllers\Psda.php(167): view('psda/add_value', [...])
 6 SYSTEMPATH\CodeIgniter.php(896): App\Controllers\Psda->add_value('2083', 'Kopma_Ul', 'FCPATH\\js', 'qrcode.js')
 7 SYSTEMPATH\CodeIgniter.php(466): CodeIgniter\CodeIgniter->runController(Object(App\Controllers\Psda))
 8 SYSTEMPATH\CodeIgniter.php(349): CodeIgniter\CodeIgniter->handleRequest(null, Object(Config\Cache), false)
 9 FCPATH\index.php(55): CodeIgniter\CodeIgniter->run()
10 SYSTEMPATH\Commands\Server\rewrite.php(43): require_once('FCPATH\\index.php')
CRITICAL - 2022-09-17 22:39:02 --> Trying to access array offset on value of type null
in APPPATH\Views\psda\add_value.php on line 20.
 1 APPPATH\Views\psda\add_value.php(20): CodeIgniter\Debug\Exceptions->errorHandler(8, 'Trying to access array offset on value of type null', 'APPPATH\\Views\\psda\\add_value.php', 20, [...])
 2 SYSTEMPATH\View\View.php(213): include('APPPATH\\Views\\psda\\add_value.php')
 3 SYSTEMPATH\View\View.php(216): CodeIgniter\View\View->CodeIgniter\View\{closure}()
 4 SYSTEMPATH\Common.php(1135): CodeIgniter\View\View->render('psda/add_value', [], true)
 5 APPPATH\Controllers\Psda.php(167): view('psda/add_value', [...])
 6 SYSTEMPATH\CodeIgniter.php(896): App\Controllers\Psda->add_value('2083', 'Kopma_Ul', 'FCPATH\\js', 'jsfunctions.js')
 7 SYSTEMPATH\CodeIgniter.php(466): CodeIgniter\CodeIgniter->runController(Object(App\Controllers\Psda))
 8 SYSTEMPATH\CodeIgniter.php(349): CodeIgniter\CodeIgniter->handleRequest(null, Object(Config\Cache), false)
 9 FCPATH\index.php(55): CodeIgniter\CodeIgniter->run()
10 SYSTEMPATH\Commands\Server\rewrite.php(43): require_once('FCPATH\\index.php')
CRITICAL - 2022-09-17 22:39:02 --> Trying to access array offset on value of type null
in APPPATH\Views\psda\add_value.php on line 20.
 1 APPPATH\Views\psda\add_value.php(20): CodeIgniter\Debug\Exceptions->errorHandler(8, 'Trying to access array offset on value of type null', 'APPPATH\\Views\\psda\\add_value.php', 20, [...])
 2 SYSTEMPATH\View\View.php(213): include('APPPATH\\Views\\psda\\add_value.php')
 3 SYSTEMPATH\View\View.php(216): CodeIgniter\View\View->CodeIgniter\View\{closure}()
 4 SYSTEMPATH\Common.php(1135): CodeIgniter\View\View->render('psda/add_value', [], true)
 5 APPPATH\Controllers\Psda.php(167): view('psda/add_value', [...])
 6 SYSTEMPATH\CodeIgniter.php(896): App\Controllers\Psda->add_value('2083', 'Kopma_Ul', 'FCPATH\\js', 'qrcode.js')
 7 SYSTEMPATH\CodeIgniter.php(466): CodeIgniter\CodeIgniter->runController(Object(App\Controllers\Psda))
 8 SYSTEMPATH\CodeIgniter.php(349): CodeIgniter\CodeIgniter->handleRequest(null, Object(Config\Cache), false)
 9 FCPATH\index.php(55): CodeIgniter\CodeIgniter->run()
10 SYSTEMPATH\Commands\Server\rewrite.php(43): require_once('FCPATH\\index.php')
CRITICAL - 2022-09-17 22:39:19 --> Trying to access array offset on value of type null
in APPPATH\Views\psda\add_value.php on line 20.
 1 APPPATH\Views\psda\add_value.php(20): CodeIgniter\Debug\Exceptions->errorHandler(8, 'Trying to access array offset on value of type null', 'APPPATH\\Views\\psda\\add_value.php', 20, [...])
 2 SYSTEMPATH\View\View.php(213): include('APPPATH\\Views\\psda\\add_value.php')
 3 SYSTEMPATH\View\View.php(216): CodeIgniter\View\View->CodeIgniter\View\{closure}()
 4 SYSTEMPATH\Common.php(1135): CodeIgniter\View\View->render('psda/add_value', [], true)
 5 APPPATH\Controllers\Psda.php(167): view('psda/add_value', [...])
 6 SYSTEMPATH\CodeIgniter.php(896): App\Controllers\Psda->add_value('2083', 'Kopma_Ul', 'FCPATH\\js', 'jsfunctions.js')
 7 SYSTEMPATH\CodeIgniter.php(466): CodeIgniter\CodeIgniter->runController(Object(App\Controllers\Psda))
 8 SYSTEMPATH\CodeIgniter.php(349): CodeIgniter\CodeIgniter->handleRequest(null, Object(Config\Cache), false)
 9 FCPATH\index.php(55): CodeIgniter\CodeIgniter->run()
10 SYSTEMPATH\Commands\Server\rewrite.php(43): require_once('FCPATH\\index.php')
CRITICAL - 2022-09-17 22:39:19 --> Trying to access array offset on value of type null
in APPPATH\Views\psda\add_value.php on line 20.
 1 APPPATH\Views\psda\add_value.php(20): CodeIgniter\Debug\Exceptions->errorHandler(8, 'Trying to access array offset on value of type null', 'APPPATH\\Views\\psda\\add_value.php', 20, [...])
 2 SYSTEMPATH\View\View.php(213): include('APPPATH\\Views\\psda\\add_value.php')
 3 SYSTEMPATH\View\View.php(216): CodeIgniter\View\View->CodeIgniter\View\{closure}()
 4 SYSTEMPATH\Common.php(1135): CodeIgniter\View\View->render('psda/add_value', [], true)
 5 APPPATH\Controllers\Psda.php(167): view('psda/add_value', [...])
 6 SYSTEMPATH\CodeIgniter.php(896): App\Controllers\Psda->add_value('2083', 'Kopma_Ul', 'FCPATH\\js', 'qrcode.js')
 7 SYSTEMPATH\CodeIgniter.php(466): CodeIgniter\CodeIgniter->runController(Object(App\Controllers\Psda))
 8 SYSTEMPATH\CodeIgniter.php(349): CodeIgniter\CodeIgniter->handleRequest(null, Object(Config\Cache), false)
 9 FCPATH\index.php(55): CodeIgniter\CodeIgniter->run()
10 SYSTEMPATH\Commands\Server\rewrite.php(43): require_once('FCPATH\\index.php')
CRITICAL - 2022-09-17 22:39:30 --> Trying to access array offset on value of type null
in APPPATH\Views\psda\add_value.php on line 20.
 1 APPPATH\Views\psda\add_value.php(20): CodeIgniter\Debug\Exceptions->errorHandler(8, 'Trying to access array offset on value of type null', 'APPPATH\\Views\\psda\\add_value.php', 20, [...])
 2 SYSTEMPATH\View\View.php(213): include('APPPATH\\Views\\psda\\add_value.php')
 3 SYSTEMPATH\View\View.php(216): CodeIgniter\View\View->CodeIgniter\View\{closure}()
 4 SYSTEMPATH\Common.php(1135): CodeIgniter\View\View->render('psda/add_value', [], true)
 5 APPPATH\Controllers\Psda.php(167): view('psda/add_value', [...])
 6 SYSTEMPATH\CodeIgniter.php(896): App\Controllers\Psda->add_value('2083', 'Kopma_Ul', 'FCPATH\\js', 'jsfunctions.js')
 7 SYSTEMPATH\CodeIgniter.php(466): CodeIgniter\CodeIgniter->runController(Object(App\Controllers\Psda))
 8 SYSTEMPATH\CodeIgniter.php(349): CodeIgniter\CodeIgniter->handleRequest(null, Object(Config\Cache), false)
 9 FCPATH\index.php(55): CodeIgniter\CodeIgniter->run()
10 SYSTEMPATH\Commands\Server\rewrite.php(43): require_once('FCPATH\\index.php')
CRITICAL - 2022-09-17 22:39:30 --> Trying to access array offset on value of type null
in APPPATH\Views\psda\add_value.php on line 20.
 1 APPPATH\Views\psda\add_value.php(20): CodeIgniter\Debug\Exceptions->errorHandler(8, 'Trying to access array offset on value of type null', 'APPPATH\\Views\\psda\\add_value.php', 20, [...])
 2 SYSTEMPATH\View\View.php(213): include('APPPATH\\Views\\psda\\add_value.php')
 3 SYSTEMPATH\View\View.php(216): CodeIgniter\View\View->CodeIgniter\View\{closure}()
 4 SYSTEMPATH\Common.php(1135): CodeIgniter\View\View->render('psda/add_value', [], true)
 5 APPPATH\Controllers\Psda.php(167): view('psda/add_value', [...])
 6 SYSTEMPATH\CodeIgniter.php(896): App\Controllers\Psda->add_value('2083', 'Kopma_Ul', 'FCPATH\\js', 'qrcode.js')
 7 SYSTEMPATH\CodeIgniter.php(466): CodeIgniter\CodeIgniter->runController(Object(App\Controllers\Psda))
 8 SYSTEMPATH\CodeIgniter.php(349): CodeIgniter\CodeIgniter->handleRequest(null, Object(Config\Cache), false)
 9 FCPATH\index.php(55): CodeIgniter\CodeIgniter->run()
10 SYSTEMPATH\Commands\Server\rewrite.php(43): require_once('FCPATH\\index.php')
CRITICAL - 2022-09-17 22:39:34 --> Trying to access array offset on value of type null
in APPPATH\Views\psda\add_value.php on line 20.
 1 APPPATH\Views\psda\add_value.php(20): CodeIgniter\Debug\Exceptions->errorHandler(8, 'Trying to access array offset on value of type null', 'APPPATH\\Views\\psda\\add_value.php', 20, [...])
 2 SYSTEMPATH\View\View.php(213): include('APPPATH\\Views\\psda\\add_value.php')
 3 SYSTEMPATH\View\View.php(216): CodeIgniter\View\View->CodeIgniter\View\{closure}()
 4 SYSTEMPATH\Common.php(1135): CodeIgniter\View\View->render('psda/add_value', [], true)
 5 APPPATH\Controllers\Psda.php(167): view('psda/add_value', [...])
 6 SYSTEMPATH\CodeIgniter.php(896): App\Controllers\Psda->add_value('2083', 'Kopma_Ul', 'FCPATH\\js', 'jsfunctions.js')
 7 SYSTEMPATH\CodeIgniter.php(466): CodeIgniter\CodeIgniter->runController(Object(App\Controllers\Psda))
 8 SYSTEMPATH\CodeIgniter.php(349): CodeIgniter\CodeIgniter->handleRequest(null, Object(Config\Cache), false)
 9 FCPATH\index.php(55): CodeIgniter\CodeIgniter->run()
10 SYSTEMPATH\Commands\Server\rewrite.php(43): require_once('FCPATH\\index.php')
CRITICAL - 2022-09-17 22:39:34 --> Trying to access array offset on value of type null
in APPPATH\Views\psda\add_value.php on line 20.
 1 APPPATH\Views\psda\add_value.php(20): CodeIgniter\Debug\Exceptions->errorHandler(8, 'Trying to access array offset on value of type null', 'APPPATH\\Views\\psda\\add_value.php', 20, [...])
 2 SYSTEMPATH\View\View.php(213): include('APPPATH\\Views\\psda\\add_value.php')
 3 SYSTEMPATH\View\View.php(216): CodeIgniter\View\View->CodeIgniter\View\{closure}()
 4 SYSTEMPATH\Common.php(1135): CodeIgniter\View\View->render('psda/add_value', [], true)
 5 APPPATH\Controllers\Psda.php(167): view('psda/add_value', [...])
 6 SYSTEMPATH\CodeIgniter.php(896): App\Controllers\Psda->add_value('2083', 'Kopma_Ul', 'FCPATH\\js', 'qrcode.js')
 7 SYSTEMPATH\CodeIgniter.php(466): CodeIgniter\CodeIgniter->runController(Object(App\Controllers\Psda))
 8 SYSTEMPATH\CodeIgniter.php(349): CodeIgniter\CodeIgniter->handleRequest(null, Object(Config\Cache), false)
 9 FCPATH\index.php(55): CodeIgniter\CodeIgniter->run()
10 SYSTEMPATH\Commands\Server\rewrite.php(43): require_once('FCPATH\\index.php')
CRITICAL - 2022-09-17 22:39:51 --> Trying to access array offset on value of type null
in APPPATH\Views\psda\add_value.php on line 20.
 1 APPPATH\Views\psda\add_value.php(20): CodeIgniter\Debug\Exceptions->errorHandler(8, 'Trying to access array offset on value of type null', 'APPPATH\\Views\\psda\\add_value.php', 20, [...])
 2 SYSTEMPATH\View\View.php(213): include('APPPATH\\Views\\psda\\add_value.php')
 3 SYSTEMPATH\View\View.php(216): CodeIgniter\View\View->CodeIgniter\View\{closure}()
 4 SYSTEMPATH\Common.php(1135): CodeIgniter\View\View->render('psda/add_value', [], true)
 5 APPPATH\Controllers\Psda.php(167): view('psda/add_value', [...])
 6 SYSTEMPATH\CodeIgniter.php(896): App\Controllers\Psda->add_value('2083', 'Kopma_Ul', 'FCPATH\\js', 'jsfunctions.js')
 7 SYSTEMPATH\CodeIgniter.php(466): CodeIgniter\CodeIgniter->runController(Object(App\Controllers\Psda))
 8 SYSTEMPATH\CodeIgniter.php(349): CodeIgniter\CodeIgniter->handleRequest(null, Object(Config\Cache), false)
 9 FCPATH\index.php(55): CodeIgniter\CodeIgniter->run()
10 SYSTEMPATH\Commands\Server\rewrite.php(43): require_once('FCPATH\\index.php')
CRITICAL - 2022-09-17 22:39:51 --> Trying to access array offset on value of type null
in APPPATH\Views\psda\add_value.php on line 20.
 1 APPPATH\Views\psda\add_value.php(20): CodeIgniter\Debug\Exceptions->errorHandler(8, 'Trying to access array offset on value of type null', 'APPPATH\\Views\\psda\\add_value.php', 20, [...])
 2 SYSTEMPATH\View\View.php(213): include('APPPATH\\Views\\psda\\add_value.php')
 3 SYSTEMPATH\View\View.php(216): CodeIgniter\View\View->CodeIgniter\View\{closure}()
 4 SYSTEMPATH\Common.php(1135): CodeIgniter\View\View->render('psda/add_value', [], true)
 5 APPPATH\Controllers\Psda.php(167): view('psda/add_value', [...])
 6 SYSTEMPATH\CodeIgniter.php(896): App\Controllers\Psda->add_value('2083', 'Kopma_Ul', 'FCPATH\\js', 'qrcode.js')
 7 SYSTEMPATH\CodeIgniter.php(466): CodeIgniter\CodeIgniter->runController(Object(App\Controllers\Psda))
 8 SYSTEMPATH\CodeIgniter.php(349): CodeIgniter\CodeIgniter->handleRequest(null, Object(Config\Cache), false)
 9 FCPATH\index.php(55): CodeIgniter\CodeIgniter->run()
10 SYSTEMPATH\Commands\Server\rewrite.php(43): require_once('FCPATH\\index.php')
CRITICAL - 2022-09-17 22:39:53 --> Trying to access array offset on value of type null
in APPPATH\Views\psda\add_value.php on line 20.
 1 APPPATH\Views\psda\add_value.php(20): CodeIgniter\Debug\Exceptions->errorHandler(8, 'Trying to access array offset on value of type null', 'APPPATH\\Views\\psda\\add_value.php', 20, [...])
 2 SYSTEMPATH\View\View.php(213): include('APPPATH\\Views\\psda\\add_value.php')
 3 SYSTEMPATH\View\View.php(216): CodeIgniter\View\View->CodeIgniter\View\{closure}()
 4 SYSTEMPATH\Common.php(1135): CodeIgniter\View\View->render('psda/add_value', [], true)
 5 APPPATH\Controllers\Psda.php(167): view('psda/add_value', [...])
 6 SYSTEMPATH\CodeIgniter.php(896): App\Controllers\Psda->add_value('2083', 'Kopma_Ul', 'FCPATH\\js', 'jsfunctions.js')
 7 SYSTEMPATH\CodeIgniter.php(466): CodeIgniter\CodeIgniter->runController(Object(App\Controllers\Psda))
 8 SYSTEMPATH\CodeIgniter.php(349): CodeIgniter\CodeIgniter->handleRequest(null, Object(Config\Cache), false)
 9 FCPATH\index.php(55): CodeIgniter\CodeIgniter->run()
10 SYSTEMPATH\Commands\Server\rewrite.php(43): require_once('FCPATH\\index.php')
CRITICAL - 2022-09-17 22:39:53 --> Trying to access array offset on value of type null
in APPPATH\Views\psda\add_value.php on line 20.
 1 APPPATH\Views\psda\add_value.php(20): CodeIgniter\Debug\Exceptions->errorHandler(8, 'Trying to access array offset on value of type null', 'APPPATH\\Views\\psda\\add_value.php', 20, [...])
 2 SYSTEMPATH\View\View.php(213): include('APPPATH\\Views\\psda\\add_value.php')
 3 SYSTEMPATH\View\View.php(216): CodeIgniter\View\View->CodeIgniter\View\{closure}()
 4 SYSTEMPATH\Common.php(1135): CodeIgniter\View\View->render('psda/add_value', [], true)
 5 APPPATH\Controllers\Psda.php(167): view('psda/add_value', [...])
 6 SYSTEMPATH\CodeIgniter.php(896): App\Controllers\Psda->add_value('2083', 'Kopma_Ul', 'FCPATH\\js', 'qrcode.js')
 7 SYSTEMPATH\CodeIgniter.php(466): CodeIgniter\CodeIgniter->runController(Object(App\Controllers\Psda))
 8 SYSTEMPATH\CodeIgniter.php(349): CodeIgniter\CodeIgniter->handleRequest(null, Object(Config\Cache), false)
 9 FCPATH\index.php(55): CodeIgniter\CodeIgniter->run()
10 SYSTEMPATH\Commands\Server\rewrite.php(43): require_once('FCPATH\\index.php')
CRITICAL - 2022-09-17 22:39:59 --> Trying to access array offset on value of type null
in APPPATH\Views\psda\add_value.php on line 20.
 1 APPPATH\Views\psda\add_value.php(20): CodeIgniter\Debug\Exceptions->errorHandler(8, 'Trying to access array offset on value of type null', 'APPPATH\\Views\\psda\\add_value.php', 20, [...])
 2 SYSTEMPATH\View\View.php(213): include('APPPATH\\Views\\psda\\add_value.php')
 3 SYSTEMPATH\View\View.php(216): CodeIgniter\View\View->CodeIgniter\View\{closure}()
 4 SYSTEMPATH\Common.php(1135): CodeIgniter\View\View->render('psda/add_value', [], true)
 5 APPPATH\Controllers\Psda.php(167): view('psda/add_value', [...])
 6 SYSTEMPATH\CodeIgniter.php(896): App\Controllers\Psda->add_value('2083', 'Kopma_Ul', 'FCPATH\\js', 'jsfunctions.js')
 7 SYSTEMPATH\CodeIgniter.php(466): CodeIgniter\CodeIgniter->runController(Object(App\Controllers\Psda))
 8 SYSTEMPATH\CodeIgniter.php(349): CodeIgniter\CodeIgniter->handleRequest(null, Object(Config\Cache), false)
 9 FCPATH\index.php(55): CodeIgniter\CodeIgniter->run()
10 SYSTEMPATH\Commands\Server\rewrite.php(43): require_once('FCPATH\\index.php')
CRITICAL - 2022-09-17 22:39:59 --> Trying to access array offset on value of type null
in APPPATH\Views\psda\add_value.php on line 20.
 1 APPPATH\Views\psda\add_value.php(20): CodeIgniter\Debug\Exceptions->errorHandler(8, 'Trying to access array offset on value of type null', 'APPPATH\\Views\\psda\\add_value.php', 20, [...])
 2 SYSTEMPATH\View\View.php(213): include('APPPATH\\Views\\psda\\add_value.php')
 3 SYSTEMPATH\View\View.php(216): CodeIgniter\View\View->CodeIgniter\View\{closure}()
 4 SYSTEMPATH\Common.php(1135): CodeIgniter\View\View->render('psda/add_value', [], true)
 5 APPPATH\Controllers\Psda.php(167): view('psda/add_value', [...])
 6 SYSTEMPATH\CodeIgniter.php(896): App\Controllers\Psda->add_value('2083', 'Kopma_Ul', 'FCPATH\\js', 'qrcode.js')
 7 SYSTEMPATH\CodeIgniter.php(466): CodeIgniter\CodeIgniter->runController(Object(App\Controllers\Psda))
 8 SYSTEMPATH\CodeIgniter.php(349): CodeIgniter\CodeIgniter->handleRequest(null, Object(Config\Cache), false)
 9 FCPATH\index.php(55): CodeIgniter\CodeIgniter->run()
10 SYSTEMPATH\Commands\Server\rewrite.php(43): require_once('FCPATH\\index.php')
CRITICAL - 2022-09-17 22:40:12 --> Trying to access array offset on value of type null
in APPPATH\Views\psda\add_value.php on line 20.
 1 APPPATH\Views\psda\add_value.php(20): CodeIgniter\Debug\Exceptions->errorHandler(8, 'Trying to access array offset on value of type null', 'APPPATH\\Views\\psda\\add_value.php', 20, [...])
 2 SYSTEMPATH\View\View.php(213): include('APPPATH\\Views\\psda\\add_value.php')
 3 SYSTEMPATH\View\View.php(216): CodeIgniter\View\View->CodeIgniter\View\{closure}()
 4 SYSTEMPATH\Common.php(1135): CodeIgniter\View\View->render('psda/add_value', [], true)
 5 APPPATH\Controllers\Psda.php(167): view('psda/add_value', [...])
 6 SYSTEMPATH\CodeIgniter.php(896): App\Controllers\Psda->add_value('2083', 'Kopma_Ul', 'FCPATH\\js', 'jsfunctions.js')
 7 SYSTEMPATH\CodeIgniter.php(466): CodeIgniter\CodeIgniter->runController(Object(App\Controllers\Psda))
 8 SYSTEMPATH\CodeIgniter.php(349): CodeIgniter\CodeIgniter->handleRequest(null, Object(Config\Cache), false)
 9 FCPATH\index.php(55): CodeIgniter\CodeIgniter->run()
10 SYSTEMPATH\Commands\Server\rewrite.php(43): require_once('FCPATH\\index.php')
CRITICAL - 2022-09-17 22:40:12 --> Trying to access array offset on value of type null
in APPPATH\Views\psda\add_value.php on line 20.
 1 APPPATH\Views\psda\add_value.php(20): CodeIgniter\Debug\Exceptions->errorHandler(8, 'Trying to access array offset on value of type null', 'APPPATH\\Views\\psda\\add_value.php', 20, [...])
 2 SYSTEMPATH\View\View.php(213): include('APPPATH\\Views\\psda\\add_value.php')
 3 SYSTEMPATH\View\View.php(216): CodeIgniter\View\View->CodeIgniter\View\{closure}()
 4 SYSTEMPATH\Common.php(1135): CodeIgniter\View\View->render('psda/add_value', [], true)
 5 APPPATH\Controllers\Psda.php(167): view('psda/add_value', [...])
 6 SYSTEMPATH\CodeIgniter.php(896): App\Controllers\Psda->add_value('2083', 'Kopma_Ul', 'FCPATH\\js', 'qrcode.js')
 7 SYSTEMPATH\CodeIgniter.php(466): CodeIgniter\CodeIgniter->runController(Object(App\Controllers\Psda))
 8 SYSTEMPATH\CodeIgniter.php(349): CodeIgniter\CodeIgniter->handleRequest(null, Object(Config\Cache), false)
 9 FCPATH\index.php(55): CodeIgniter\CodeIgniter->run()
10 SYSTEMPATH\Commands\Server\rewrite.php(43): require_once('FCPATH\\index.php')
CRITICAL - 2022-09-17 22:40:18 --> Trying to access array offset on value of type null
in APPPATH\Views\psda\add_value.php on line 20.
 1 APPPATH\Views\psda\add_value.php(20): CodeIgniter\Debug\Exceptions->errorHandler(8, 'Trying to access array offset on value of type null', 'APPPATH\\Views\\psda\\add_value.php', 20, [...])
 2 SYSTEMPATH\View\View.php(213): include('APPPATH\\Views\\psda\\add_value.php')
 3 SYSTEMPATH\View\View.php(216): CodeIgniter\View\View->CodeIgniter\View\{closure}()
 4 SYSTEMPATH\Common.php(1135): CodeIgniter\View\View->render('psda/add_value', [], true)
 5 APPPATH\Controllers\Psda.php(167): view('psda/add_value', [...])
 6 SYSTEMPATH\CodeIgniter.php(896): App\Controllers\Psda->add_value('2083', 'Kopma_Ul', 'FCPATH\\js', 'jsfunctions.js')
 7 SYSTEMPATH\CodeIgniter.php(466): CodeIgniter\CodeIgniter->runController(Object(App\Controllers\Psda))
 8 SYSTEMPATH\CodeIgniter.php(349): CodeIgniter\CodeIgniter->handleRequest(null, Object(Config\Cache), false)
 9 FCPATH\index.php(55): CodeIgniter\CodeIgniter->run()
10 SYSTEMPATH\Commands\Server\rewrite.php(43): require_once('FCPATH\\index.php')
CRITICAL - 2022-09-17 22:40:18 --> Trying to access array offset on value of type null
in APPPATH\Views\psda\add_value.php on line 20.
 1 APPPATH\Views\psda\add_value.php(20): CodeIgniter\Debug\Exceptions->errorHandler(8, 'Trying to access array offset on value of type null', 'APPPATH\\Views\\psda\\add_value.php', 20, [...])
 2 SYSTEMPATH\View\View.php(213): include('APPPATH\\Views\\psda\\add_value.php')
 3 SYSTEMPATH\View\View.php(216): CodeIgniter\View\View->CodeIgniter\View\{closure}()
 4 SYSTEMPATH\Common.php(1135): CodeIgniter\View\View->render('psda/add_value', [], true)
 5 APPPATH\Controllers\Psda.php(167): view('psda/add_value', [...])
 6 SYSTEMPATH\CodeIgniter.php(896): App\Controllers\Psda->add_value('2083', 'Kopma_Ul', 'FCPATH\\js', 'qrcode.js')
 7 SYSTEMPATH\CodeIgniter.php(466): CodeIgniter\CodeIgniter->runController(Object(App\Controllers\Psda))
 8 SYSTEMPATH\CodeIgniter.php(349): CodeIgniter\CodeIgniter->handleRequest(null, Object(Config\Cache), false)
 9 FCPATH\index.php(55): CodeIgniter\CodeIgniter->run()
10 SYSTEMPATH\Commands\Server\rewrite.php(43): require_once('FCPATH\\index.php')
CRITICAL - 2022-09-17 22:40:33 --> Trying to access array offset on value of type null
in APPPATH\Views\psda\add_value.php on line 20.
 1 APPPATH\Views\psda\add_value.php(20): CodeIgniter\Debug\Exceptions->errorHandler(8, 'Trying to access array offset on value of type null', 'APPPATH\\Views\\psda\\add_value.php', 20, [...])
 2 SYSTEMPATH\View\View.php(213): include('APPPATH\\Views\\psda\\add_value.php')
 3 SYSTEMPATH\View\View.php(216): CodeIgniter\View\View->CodeIgniter\View\{closure}()
 4 SYSTEMPATH\Common.php(1135): CodeIgniter\View\View->render('psda/add_value', [], true)
 5 APPPATH\Controllers\Psda.php(167): view('psda/add_value', [...])
 6 SYSTEMPATH\CodeIgniter.php(896): App\Controllers\Psda->add_value('2083', 'Kopma_Ul', 'FCPATH\\js', 'jsfunctions.js')
 7 SYSTEMPATH\CodeIgniter.php(466): CodeIgniter\CodeIgniter->runController(Object(App\Controllers\Psda))
 8 SYSTEMPATH\CodeIgniter.php(349): CodeIgniter\CodeIgniter->handleRequest(null, Object(Config\Cache), false)
 9 FCPATH\index.php(55): CodeIgniter\CodeIgniter->run()
10 SYSTEMPATH\Commands\Server\rewrite.php(43): require_once('FCPATH\\index.php')
CRITICAL - 2022-09-17 22:40:33 --> Trying to access array offset on value of type null
in APPPATH\Views\psda\add_value.php on line 20.
 1 APPPATH\Views\psda\add_value.php(20): CodeIgniter\Debug\Exceptions->errorHandler(8, 'Trying to access array offset on value of type null', 'APPPATH\\Views\\psda\\add_value.php', 20, [...])
 2 SYSTEMPATH\View\View.php(213): include('APPPATH\\Views\\psda\\add_value.php')
 3 SYSTEMPATH\View\View.php(216): CodeIgniter\View\View->CodeIgniter\View\{closure}()
 4 SYSTEMPATH\Common.php(1135): CodeIgniter\View\View->render('psda/add_value', [], true)
 5 APPPATH\Controllers\Psda.php(167): view('psda/add_value', [...])
 6 SYSTEMPATH\CodeIgniter.php(896): App\Controllers\Psda->add_value('2083', 'Kopma_Ul', 'FCPATH\\js', 'qrcode.js')
 7 SYSTEMPATH\CodeIgniter.php(466): CodeIgniter\CodeIgniter->runController(Object(App\Controllers\Psda))
 8 SYSTEMPATH\CodeIgniter.php(349): CodeIgniter\CodeIgniter->handleRequest(null, Object(Config\Cache), false)
 9 FCPATH\index.php(55): CodeIgniter\CodeIgniter->run()
10 SYSTEMPATH\Commands\Server\rewrite.php(43): require_once('FCPATH\\index.php')
CRITICAL - 2022-09-17 22:40:38 --> Trying to access array offset on value of type null
in APPPATH\Views\psda\add_value.php on line 20.
 1 APPPATH\Views\psda\add_value.php(20): CodeIgniter\Debug\Exceptions->errorHandler(8, 'Trying to access array offset on value of type null', 'APPPATH\\Views\\psda\\add_value.php', 20, [...])
 2 SYSTEMPATH\View\View.php(213): include('APPPATH\\Views\\psda\\add_value.php')
 3 SYSTEMPATH\View\View.php(216): CodeIgniter\View\View->CodeIgniter\View\{closure}()
 4 SYSTEMPATH\Common.php(1135): CodeIgniter\View\View->render('psda/add_value', [], true)
 5 APPPATH\Controllers\Psda.php(167): view('psda/add_value', [...])
 6 SYSTEMPATH\CodeIgniter.php(896): App\Controllers\Psda->add_value('2083', 'Kopma_Ul', 'FCPATH\\js', 'jsfunctions.js')
 7 SYSTEMPATH\CodeIgniter.php(466): CodeIgniter\CodeIgniter->runController(Object(App\Controllers\Psda))
 8 SYSTEMPATH\CodeIgniter.php(349): CodeIgniter\CodeIgniter->handleRequest(null, Object(Config\Cache), false)
 9 FCPATH\index.php(55): CodeIgniter\CodeIgniter->run()
10 SYSTEMPATH\Commands\Server\rewrite.php(43): require_once('FCPATH\\index.php')
CRITICAL - 2022-09-17 22:40:38 --> Trying to access array offset on value of type null
in APPPATH\Views\psda\add_value.php on line 20.
 1 APPPATH\Views\psda\add_value.php(20): CodeIgniter\Debug\Exceptions->errorHandler(8, 'Trying to access array offset on value of type null', 'APPPATH\\Views\\psda\\add_value.php', 20, [...])
 2 SYSTEMPATH\View\View.php(213): include('APPPATH\\Views\\psda\\add_value.php')
 3 SYSTEMPATH\View\View.php(216): CodeIgniter\View\View->CodeIgniter\View\{closure}()
 4 SYSTEMPATH\Common.php(1135): CodeIgniter\View\View->render('psda/add_value', [], true)
 5 APPPATH\Controllers\Psda.php(167): view('psda/add_value', [...])
 6 SYSTEMPATH\CodeIgniter.php(896): App\Controllers\Psda->add_value('2083', 'Kopma_Ul', 'FCPATH\\js', 'qrcode.js')
 7 SYSTEMPATH\CodeIgniter.php(466): CodeIgniter\CodeIgniter->runController(Object(App\Controllers\Psda))
 8 SYSTEMPATH\CodeIgniter.php(349): CodeIgniter\CodeIgniter->handleRequest(null, Object(Config\Cache), false)
 9 FCPATH\index.php(55): CodeIgniter\CodeIgniter->run()
10 SYSTEMPATH\Commands\Server\rewrite.php(43): require_once('FCPATH\\index.php')
CRITICAL - 2022-09-17 22:42:52 --> Trying to access array offset on value of type null
in APPPATH\Views\psda\add_value.php on line 20.
 1 APPPATH\Views\psda\add_value.php(20): CodeIgniter\Debug\Exceptions->errorHandler(8, 'Trying to access array offset on value of type null', 'APPPATH\\Views\\psda\\add_value.php', 20, [...])
 2 SYSTEMPATH\View\View.php(213): include('APPPATH\\Views\\psda\\add_value.php')
 3 SYSTEMPATH\View\View.php(216): CodeIgniter\View\View->CodeIgniter\View\{closure}()
 4 SYSTEMPATH\Common.php(1135): CodeIgniter\View\View->render('psda/add_value', [], true)
 5 APPPATH\Controllers\Psda.php(167): view('psda/add_value', [...])
 6 SYSTEMPATH\CodeIgniter.php(896): App\Controllers\Psda->add_value('2083', 'Kopma_Ul', 'FCPATH\\js', 'jsfunctions.js')
 7 SYSTEMPATH\CodeIgniter.php(466): CodeIgniter\CodeIgniter->runController(Object(App\Controllers\Psda))
 8 SYSTEMPATH\CodeIgniter.php(349): CodeIgniter\CodeIgniter->handleRequest(null, Object(Config\Cache), false)
 9 FCPATH\index.php(55): CodeIgniter\CodeIgniter->run()
10 SYSTEMPATH\Commands\Server\rewrite.php(43): require_once('FCPATH\\index.php')
CRITICAL - 2022-09-17 22:42:52 --> Trying to access array offset on value of type null
in APPPATH\Views\psda\add_value.php on line 20.
 1 APPPATH\Views\psda\add_value.php(20): CodeIgniter\Debug\Exceptions->errorHandler(8, 'Trying to access array offset on value of type null', 'APPPATH\\Views\\psda\\add_value.php', 20, [...])
 2 SYSTEMPATH\View\View.php(213): include('APPPATH\\Views\\psda\\add_value.php')
 3 SYSTEMPATH\View\View.php(216): CodeIgniter\View\View->CodeIgniter\View\{closure}()
 4 SYSTEMPATH\Common.php(1135): CodeIgniter\View\View->render('psda/add_value', [], true)
 5 APPPATH\Controllers\Psda.php(167): view('psda/add_value', [...])
 6 SYSTEMPATH\CodeIgniter.php(896): App\Controllers\Psda->add_value('2083', 'Kopma_Ul', 'FCPATH\\js', 'qrcode.js')
 7 SYSTEMPATH\CodeIgniter.php(466): CodeIgniter\CodeIgniter->runController(Object(App\Controllers\Psda))
 8 SYSTEMPATH\CodeIgniter.php(349): CodeIgniter\CodeIgniter->handleRequest(null, Object(Config\Cache), false)
 9 FCPATH\index.php(55): CodeIgniter\CodeIgniter->run()
10 SYSTEMPATH\Commands\Server\rewrite.php(43): require_once('FCPATH\\index.php')
CRITICAL - 2022-09-17 22:45:06 --> Trying to access array offset on value of type null
in APPPATH\Views\psda\add_value.php on line 20.
 1 APPPATH\Views\psda\add_value.php(20): CodeIgniter\Debug\Exceptions->errorHandler(8, 'Trying to access array offset on value of type null', 'APPPATH\\Views\\psda\\add_value.php', 20, [...])
 2 SYSTEMPATH\View\View.php(213): include('APPPATH\\Views\\psda\\add_value.php')
 3 SYSTEMPATH\View\View.php(216): CodeIgniter\View\View->CodeIgniter\View\{closure}()
 4 SYSTEMPATH\Common.php(1135): CodeIgniter\View\View->render('psda/add_value', [], true)
 5 APPPATH\Controllers\Psda.php(167): view('psda/add_value', [...])
 6 SYSTEMPATH\CodeIgniter.php(896): App\Controllers\Psda->add_value('2083', 'Kopma_Ul', 'FCPATH\\js', 'jsfunctions.js')
 7 SYSTEMPATH\CodeIgniter.php(466): CodeIgniter\CodeIgniter->runController(Object(App\Controllers\Psda))
 8 SYSTEMPATH\CodeIgniter.php(349): CodeIgniter\CodeIgniter->handleRequest(null, Object(Config\Cache), false)
 9 FCPATH\index.php(55): CodeIgniter\CodeIgniter->run()
10 SYSTEMPATH\Commands\Server\rewrite.php(43): require_once('FCPATH\\index.php')
CRITICAL - 2022-09-17 22:45:06 --> Trying to access array offset on value of type null
in APPPATH\Views\psda\add_value.php on line 20.
 1 APPPATH\Views\psda\add_value.php(20): CodeIgniter\Debug\Exceptions->errorHandler(8, 'Trying to access array offset on value of type null', 'APPPATH\\Views\\psda\\add_value.php', 20, [...])
 2 SYSTEMPATH\View\View.php(213): include('APPPATH\\Views\\psda\\add_value.php')
 3 SYSTEMPATH\View\View.php(216): CodeIgniter\View\View->CodeIgniter\View\{closure}()
 4 SYSTEMPATH\Common.php(1135): CodeIgniter\View\View->render('psda/add_value', [], true)
 5 APPPATH\Controllers\Psda.php(167): view('psda/add_value', [...])
 6 SYSTEMPATH\CodeIgniter.php(896): App\Controllers\Psda->add_value('2083', 'Kopma_Ul', 'FCPATH\\js', 'qrcode.js')
 7 SYSTEMPATH\CodeIgniter.php(466): CodeIgniter\CodeIgniter->runController(Object(App\Controllers\Psda))
 8 SYSTEMPATH\CodeIgniter.php(349): CodeIgniter\CodeIgniter->handleRequest(null, Object(Config\Cache), false)
 9 FCPATH\index.php(55): CodeIgniter\CodeIgniter->run()
10 SYSTEMPATH\Commands\Server\rewrite.php(43): require_once('FCPATH\\index.php')
CRITICAL - 2022-09-17 22:45:09 --> You must set the database table to be used with your query.
in SYSTEMPATH\Database\BaseConnection.php on line 874.
 1 SYSTEMPATH\Model.php(586): CodeIgniter\Database\BaseConnection->table(null)
 2 SYSTEMPATH\Model.php(763): CodeIgniter\Model->builder()
 3 APPPATH\Controllers\Psda.php(172): CodeIgniter\Model->__call('select', [...])
 4 SYSTEMPATH\CodeIgniter.php(896): App\Controllers\Psda->sum_value()
 5 SYSTEMPATH\CodeIgniter.php(466): CodeIgniter\CodeIgniter->runController(Object(App\Controllers\Psda))
 6 SYSTEMPATH\CodeIgniter.php(349): CodeIgniter\CodeIgniter->handleRequest(null, Object(Config\Cache), false)
 7 FCPATH\index.php(55): CodeIgniter\CodeIgniter->run()
 8 SYSTEMPATH\Commands\Server\rewrite.php(43): require_once('FCPATH\\index.php')
CRITICAL - 2022-09-17 22:46:33 --> Trying to access array offset on value of type null
in APPPATH\Views\psda\add_value.php on line 20.
 1 APPPATH\Views\psda\add_value.php(20): CodeIgniter\Debug\Exceptions->errorHandler(8, 'Trying to access array offset on value of type null', 'APPPATH\\Views\\psda\\add_value.php', 20, [...])
 2 SYSTEMPATH\View\View.php(213): include('APPPATH\\Views\\psda\\add_value.php')
 3 SYSTEMPATH\View\View.php(216): CodeIgniter\View\View->CodeIgniter\View\{closure}()
 4 SYSTEMPATH\Common.php(1135): CodeIgniter\View\View->render('psda/add_value', [], true)
 5 APPPATH\Controllers\Psda.php(167): view('psda/add_value', [...])
 6 SYSTEMPATH\CodeIgniter.php(896): App\Controllers\Psda->add_value('2083', 'Kopma_Ul', 'FCPATH\\js', 'jsfunctions.js')
 7 SYSTEMPATH\CodeIgniter.php(466): CodeIgniter\CodeIgniter->runController(Object(App\Controllers\Psda))
 8 SYSTEMPATH\CodeIgniter.php(349): CodeIgniter\CodeIgniter->handleRequest(null, Object(Config\Cache), false)
 9 FCPATH\index.php(55): CodeIgniter\CodeIgniter->run()
10 SYSTEMPATH\Commands\Server\rewrite.php(43): require_once('FCPATH\\index.php')
CRITICAL - 2022-09-17 22:46:33 --> Trying to access array offset on value of type null
in APPPATH\Views\psda\add_value.php on line 20.
 1 APPPATH\Views\psda\add_value.php(20): CodeIgniter\Debug\Exceptions->errorHandler(8, 'Trying to access array offset on value of type null', 'APPPATH\\Views\\psda\\add_value.php', 20, [...])
 2 SYSTEMPATH\View\View.php(213): include('APPPATH\\Views\\psda\\add_value.php')
 3 SYSTEMPATH\View\View.php(216): CodeIgniter\View\View->CodeIgniter\View\{closure}()
 4 SYSTEMPATH\Common.php(1135): CodeIgniter\View\View->render('psda/add_value', [], true)
 5 APPPATH\Controllers\Psda.php(167): view('psda/add_value', [...])
 6 SYSTEMPATH\CodeIgniter.php(896): App\Controllers\Psda->add_value('2083', 'Kopma_Ul', 'FCPATH\\js', 'qrcode.js')
 7 SYSTEMPATH\CodeIgniter.php(466): CodeIgniter\CodeIgniter->runController(Object(App\Controllers\Psda))
 8 SYSTEMPATH\CodeIgniter.php(349): CodeIgniter\CodeIgniter->handleRequest(null, Object(Config\Cache), false)
 9 FCPATH\index.php(55): CodeIgniter\CodeIgniter->run()
10 SYSTEMPATH\Commands\Server\rewrite.php(43): require_once('FCPATH\\index.php')
CRITICAL - 2022-09-17 22:47:30 --> Trying to access array offset on value of type null
in APPPATH\Views\psda\add_value.php on line 20.
 1 APPPATH\Views\psda\add_value.php(20): CodeIgniter\Debug\Exceptions->errorHandler(8, 'Trying to access array offset on value of type null', 'APPPATH\\Views\\psda\\add_value.php', 20, [...])
 2 SYSTEMPATH\View\View.php(213): include('APPPATH\\Views\\psda\\add_value.php')
 3 SYSTEMPATH\View\View.php(216): CodeIgniter\View\View->CodeIgniter\View\{closure}()
 4 SYSTEMPATH\Common.php(1135): CodeIgniter\View\View->render('psda/add_value', [], true)
 5 APPPATH\Controllers\Psda.php(167): view('psda/add_value', [...])
 6 SYSTEMPATH\CodeIgniter.php(896): App\Controllers\Psda->add_value('2083', 'Kopma_Ul', 'FCPATH\\js', 'jsfunctions.js')
 7 SYSTEMPATH\CodeIgniter.php(466): CodeIgniter\CodeIgniter->runController(Object(App\Controllers\Psda))
 8 SYSTEMPATH\CodeIgniter.php(349): CodeIgniter\CodeIgniter->handleRequest(null, Object(Config\Cache), false)
 9 FCPATH\index.php(55): CodeIgniter\CodeIgniter->run()
10 SYSTEMPATH\Commands\Server\rewrite.php(43): require_once('FCPATH\\index.php')
CRITICAL - 2022-09-17 22:47:30 --> Trying to access array offset on value of type null
in APPPATH\Views\psda\add_value.php on line 20.
 1 APPPATH\Views\psda\add_value.php(20): CodeIgniter\Debug\Exceptions->errorHandler(8, 'Trying to access array offset on value of type null', 'APPPATH\\Views\\psda\\add_value.php', 20, [...])
 2 SYSTEMPATH\View\View.php(213): include('APPPATH\\Views\\psda\\add_value.php')
 3 SYSTEMPATH\View\View.php(216): CodeIgniter\View\View->CodeIgniter\View\{closure}()
 4 SYSTEMPATH\Common.php(1135): CodeIgniter\View\View->render('psda/add_value', [], true)
 5 APPPATH\Controllers\Psda.php(167): view('psda/add_value', [...])
 6 SYSTEMPATH\CodeIgniter.php(896): App\Controllers\Psda->add_value('2083', 'Kopma_Ul', 'FCPATH\\js', 'qrcode.js')
 7 SYSTEMPATH\CodeIgniter.php(466): CodeIgniter\CodeIgniter->runController(Object(App\Controllers\Psda))
 8 SYSTEMPATH\CodeIgniter.php(349): CodeIgniter\CodeIgniter->handleRequest(null, Object(Config\Cache), false)
 9 FCPATH\index.php(55): CodeIgniter\CodeIgniter->run()
10 SYSTEMPATH\Commands\Server\rewrite.php(43): require_once('FCPATH\\index.php')
ERROR - 2022-09-17 22:47:33 --> Duplicate entry '' for key 'PRIMARY'
CRITICAL - 2022-09-17 22:47:33 --> Duplicate entry '' for key 'PRIMARY'
in SYSTEMPATH\Database\MySQLi\Connection.php on line 292.
 1 SYSTEMPATH\Database\MySQLi\Connection.php(292): mysqli->query('INSERT INTO `data_poin` (`poin`) VALUES (15)', 0)
 2 SYSTEMPATH\Database\BaseConnection.php(695): CodeIgniter\Database\MySQLi\Connection->execute('INSERT INTO `data_poin` (`poin`) VALUES (15)')
 3 SYSTEMPATH\Database\BaseConnection.php(609): CodeIgniter\Database\BaseConnection->simpleQuery('INSERT INTO `data_poin` (`poin`) VALUES (15)')
 4 SYSTEMPATH\Database\BaseBuilder.php(1904): CodeIgniter\Database\BaseConnection->query('INSERT INTO `data_poin` (`poin`) VALUES (:poin:)', [...], false)
 5 SYSTEMPATH\Model.php(278): CodeIgniter\Database\BaseBuilder->insert()
 6 SYSTEMPATH\BaseModel.php(738): CodeIgniter\Model->doInsert([...])
 7 SYSTEMPATH\Model.php(666): CodeIgniter\BaseModel->insert([...], false)
 8 SYSTEMPATH\BaseModel.php(658): CodeIgniter\Model->insert([...], false)
 9 APPPATH\Controllers\Psda.php(176): CodeIgniter\BaseModel->save([...])
10 SYSTEMPATH\CodeIgniter.php(896): App\Controllers\Psda->sum_value()
11 SYSTEMPATH\CodeIgniter.php(466): CodeIgniter\CodeIgniter->runController(Object(App\Controllers\Psda))
12 SYSTEMPATH\CodeIgniter.php(349): CodeIgniter\CodeIgniter->handleRequest(null, Object(Config\Cache), false)
13 FCPATH\index.php(55): CodeIgniter\CodeIgniter->run()
14 SYSTEMPATH\Commands\Server\rewrite.php(43): require_once('FCPATH\\index.php')
CRITICAL - 2022-09-17 22:50:53 --> Trying to access array offset on value of type null
in APPPATH\Views\keuangan\add_simpanan.php on line 26.
 1 APPPATH\Views\keuangan\add_simpanan.php(26): CodeIgniter\Debug\Exceptions->errorHandler(8, 'Trying to access array offset on value of type null', 'APPPATH\\Views\\keuangan\\add_simpanan.php', 26, [...])
 2 SYSTEMPATH\View\View.php(213): include('APPPATH\\Views\\keuangan\\add_simpanan.php')
 3 SYSTEMPATH\View\View.php(216): CodeIgniter\View\View->CodeIgniter\View\{closure}()
 4 SYSTEMPATH\Common.php(1135): CodeIgniter\View\View->render('keuangan/add_simpanan', [], true)
 5 APPPATH\Controllers\Keuangan.php(58): view('keuangan/add_simpanan', [...])
 6 SYSTEMPATH\CodeIgniter.php(896): App\Controllers\Keuangan->add_simpanan('FCPATH\\js', 'jsfunctions.js')
 7 SYSTEMPATH\CodeIgniter.php(466): CodeIgniter\CodeIgniter->runController(Object(App\Controllers\Keuangan))
 8 SYSTEMPATH\CodeIgniter.php(349): CodeIgniter\CodeIgniter->handleRequest(null, Object(Config\Cache), false)
 9 FCPATH\index.php(55): CodeIgniter\CodeIgniter->run()
10 SYSTEMPATH\Commands\Server\rewrite.php(43): require_once('FCPATH\\index.php')
CRITICAL - 2022-09-17 22:50:53 --> Trying to access array offset on value of type null
in APPPATH\Views\keuangan\add_simpanan.php on line 26.
 1 APPPATH\Views\keuangan\add_simpanan.php(26): CodeIgniter\Debug\Exceptions->errorHandler(8, 'Trying to access array offset on value of type null', 'APPPATH\\Views\\keuangan\\add_simpanan.php', 26, [...])
 2 SYSTEMPATH\View\View.php(213): include('APPPATH\\Views\\keuangan\\add_simpanan.php')
 3 SYSTEMPATH\View\View.php(216): CodeIgniter\View\View->CodeIgniter\View\{closure}()
 4 SYSTEMPATH\Common.php(1135): CodeIgniter\View\View->render('keuangan/add_simpanan', [], true)
 5 APPPATH\Controllers\Keuangan.php(58): view('keuangan/add_simpanan', [...])
 6 SYSTEMPATH\CodeIgniter.php(896): App\Controllers\Keuangan->add_simpanan('FCPATH\\js', 'qrcode.js')
 7 SYSTEMPATH\CodeIgniter.php(466): CodeIgniter\CodeIgniter->runController(Object(App\Controllers\Keuangan))
 8 SYSTEMPATH\CodeIgniter.php(349): CodeIgniter\CodeIgniter->handleRequest(null, Object(Config\Cache), false)
 9 FCPATH\index.php(55): CodeIgniter\CodeIgniter->run()
10 SYSTEMPATH\Commands\Server\rewrite.php(43): require_once('FCPATH\\index.php')
CRITICAL - 2022-09-17 22:51:12 --> Trying to access array offset on value of type null
in APPPATH\Views\keuangan\add_simpanan.php on line 26.
 1 APPPATH\Views\keuangan\add_simpanan.php(26): CodeIgniter\Debug\Exceptions->errorHandler(8, 'Trying to access array offset on value of type null', 'APPPATH\\Views\\keuangan\\add_simpanan.php', 26, [...])
 2 SYSTEMPATH\View\View.php(213): include('APPPATH\\Views\\keuangan\\add_simpanan.php')
 3 SYSTEMPATH\View\View.php(216): CodeIgniter\View\View->CodeIgniter\View\{closure}()
 4 SYSTEMPATH\Common.php(1135): CodeIgniter\View\View->render('keuangan/add_simpanan', [], true)
 5 APPPATH\Controllers\Keuangan.php(58): view('keuangan/add_simpanan', [...])
 6 SYSTEMPATH\CodeIgniter.php(896): App\Controllers\Keuangan->add_simpanan('FCPATH\\js', 'jsfunctions.js')
 7 SYSTEMPATH\CodeIgniter.php(466): CodeIgniter\CodeIgniter->runController(Object(App\Controllers\Keuangan))
 8 SYSTEMPATH\CodeIgniter.php(349): CodeIgniter\CodeIgniter->handleRequest(null, Object(Config\Cache), false)
 9 FCPATH\index.php(55): CodeIgniter\CodeIgniter->run()
10 SYSTEMPATH\Commands\Server\rewrite.php(43): require_once('FCPATH\\index.php')
CRITICAL - 2022-09-17 22:51:12 --> Trying to access array offset on value of type null
in APPPATH\Views\keuangan\add_simpanan.php on line 26.
 1 APPPATH\Views\keuangan\add_simpanan.php(26): CodeIgniter\Debug\Exceptions->errorHandler(8, 'Trying to access array offset on value of type null', 'APPPATH\\Views\\keuangan\\add_simpanan.php', 26, [...])
 2 SYSTEMPATH\View\View.php(213): include('APPPATH\\Views\\keuangan\\add_simpanan.php')
 3 SYSTEMPATH\View\View.php(216): CodeIgniter\View\View->CodeIgniter\View\{closure}()
 4 SYSTEMPATH\Common.php(1135): CodeIgniter\View\View->render('keuangan/add_simpanan', [], true)
 5 APPPATH\Controllers\Keuangan.php(58): view('keuangan/add_simpanan', [...])
 6 SYSTEMPATH\CodeIgniter.php(896): App\Controllers\Keuangan->add_simpanan('FCPATH\\js', 'qrcode.js')
 7 SYSTEMPATH\CodeIgniter.php(466): CodeIgniter\CodeIgniter->runController(Object(App\Controllers\Keuangan))
 8 SYSTEMPATH\CodeIgniter.php(349): CodeIgniter\CodeIgniter->handleRequest(null, Object(Config\Cache), false)
 9 FCPATH\index.php(55): CodeIgniter\CodeIgniter->run()
10 SYSTEMPATH\Commands\Server\rewrite.php(43): require_once('FCPATH\\index.php')
CRITICAL - 2022-09-17 22:51:54 --> Trying to access array offset on value of type null
in APPPATH\Views\keuangan\add_simpanan.php on line 26.
 1 APPPATH\Views\keuangan\add_simpanan.php(26): CodeIgniter\Debug\Exceptions->errorHandler(8, 'Trying to access array offset on value of type null', 'APPPATH\\Views\\keuangan\\add_simpanan.php', 26, [...])
 2 SYSTEMPATH\View\View.php(213): include('APPPATH\\Views\\keuangan\\add_simpanan.php')
 3 SYSTEMPATH\View\View.php(216): CodeIgniter\View\View->CodeIgniter\View\{closure}()
 4 SYSTEMPATH\Common.php(1135): CodeIgniter\View\View->render('keuangan/add_simpanan', [], true)
 5 APPPATH\Controllers\Keuangan.php(58): view('keuangan/add_simpanan', [...])
 6 SYSTEMPATH\CodeIgniter.php(896): App\Controllers\Keuangan->add_simpanan('FCPATH\\js', 'jsfunctions.js')
 7 SYSTEMPATH\CodeIgniter.php(466): CodeIgniter\CodeIgniter->runController(Object(App\Controllers\Keuangan))
 8 SYSTEMPATH\CodeIgniter.php(349): CodeIgniter\CodeIgniter->handleRequest(null, Object(Config\Cache), false)
 9 FCPATH\index.php(55): CodeIgniter\CodeIgniter->run()
10 SYSTEMPATH\Commands\Server\rewrite.php(43): require_once('FCPATH\\index.php')
CRITICAL - 2022-09-17 22:51:55 --> Trying to access array offset on value of type null
in APPPATH\Views\keuangan\add_simpanan.php on line 26.
 1 APPPATH\Views\keuangan\add_simpanan.php(26): CodeIgniter\Debug\Exceptions->errorHandler(8, 'Trying to access array offset on value of type null', 'APPPATH\\Views\\keuangan\\add_simpanan.php', 26, [...])
 2 SYSTEMPATH\View\View.php(213): include('APPPATH\\Views\\keuangan\\add_simpanan.php')
 3 SYSTEMPATH\View\View.php(216): CodeIgniter\View\View->CodeIgniter\View\{closure}()
 4 SYSTEMPATH\Common.php(1135): CodeIgniter\View\View->render('keuangan/add_simpanan', [], true)
 5 APPPATH\Controllers\Keuangan.php(58): view('keuangan/add_simpanan', [...])
 6 SYSTEMPATH\CodeIgniter.php(896): App\Controllers\Keuangan->add_simpanan('FCPATH\\js', 'qrcode.js')
 7 SYSTEMPATH\CodeIgniter.php(466): CodeIgniter\CodeIgniter->runController(Object(App\Controllers\Keuangan))
 8 SYSTEMPATH\CodeIgniter.php(349): CodeIgniter\CodeIgniter->handleRequest(null, Object(Config\Cache), false)
 9 FCPATH\index.php(55): CodeIgniter\CodeIgniter->run()
10 SYSTEMPATH\Commands\Server\rewrite.php(43): require_once('FCPATH\\index.php')
CRITICAL - 2022-09-17 22:51:59 --> Trying to access array offset on value of type null
in APPPATH\Views\keuangan\add_simpanan.php on line 26.
 1 APPPATH\Views\keuangan\add_simpanan.php(26): CodeIgniter\Debug\Exceptions->errorHandler(8, 'Trying to access array offset on value of type null', 'APPPATH\\Views\\keuangan\\add_simpanan.php', 26, [...])
 2 SYSTEMPATH\View\View.php(213): include('APPPATH\\Views\\keuangan\\add_simpanan.php')
 3 SYSTEMPATH\View\View.php(216): CodeIgniter\View\View->CodeIgniter\View\{closure}()
 4 SYSTEMPATH\Common.php(1135): CodeIgniter\View\View->render('keuangan/add_simpanan', [], true)
 5 APPPATH\Controllers\Keuangan.php(58): view('keuangan/add_simpanan', [...])
 6 SYSTEMPATH\CodeIgniter.php(896): App\Controllers\Keuangan->add_simpanan('FCPATH\\js', 'jsfunctions.js')
 7 SYSTEMPATH\CodeIgniter.php(466): CodeIgniter\CodeIgniter->runController(Object(App\Controllers\Keuangan))
 8 SYSTEMPATH\CodeIgniter.php(349): CodeIgniter\CodeIgniter->handleRequest(null, Object(Config\Cache), false)
 9 FCPATH\index.php(55): CodeIgniter\CodeIgniter->run()
10 SYSTEMPATH\Commands\Server\rewrite.php(43): require_once('FCPATH\\index.php')
CRITICAL - 2022-09-17 22:51:59 --> Trying to access array offset on value of type null
in APPPATH\Views\keuangan\add_simpanan.php on line 26.
 1 APPPATH\Views\keuangan\add_simpanan.php(26): CodeIgniter\Debug\Exceptions->errorHandler(8, 'Trying to access array offset on value of type null', 'APPPATH\\Views\\keuangan\\add_simpanan.php', 26, [...])
 2 SYSTEMPATH\View\View.php(213): include('APPPATH\\Views\\keuangan\\add_simpanan.php')
 3 SYSTEMPATH\View\View.php(216): CodeIgniter\View\View->CodeIgniter\View\{closure}()
 4 SYSTEMPATH\Common.php(1135): CodeIgniter\View\View->render('keuangan/add_simpanan', [], true)
 5 APPPATH\Controllers\Keuangan.php(58): view('keuangan/add_simpanan', [...])
 6 SYSTEMPATH\CodeIgniter.php(896): App\Controllers\Keuangan->add_simpanan('FCPATH\\js', 'qrcode.js')
 7 SYSTEMPATH\CodeIgniter.php(466): CodeIgniter\CodeIgniter->runController(Object(App\Controllers\Keuangan))
 8 SYSTEMPATH\CodeIgniter.php(349): CodeIgniter\CodeIgniter->handleRequest(null, Object(Config\Cache), false)
 9 FCPATH\index.php(55): CodeIgniter\CodeIgniter->run()
10 SYSTEMPATH\Commands\Server\rewrite.php(43): require_once('FCPATH\\index.php')
CRITICAL - 2022-09-17 22:54:39 --> Unparenthesized `a ? b : c ? d : e` is deprecated. Use either `(a ? b : c) ? d : e` or `a ? b : (c ? d : e)`
in APPPATH\Views\keuangan\pembayaran_simwa.php on line 61.
 1 SYSTEMPATH\View\View.php(213): CodeIgniter\Debug\Exceptions->errorHandler(8192, 'Unparenthesized `a ? b : c ? d : e` is deprecated. Use either `(a ? b : c) ? d : e` or `a ? b : (c ? d : e)`', 'APPPATH\\Views\\keuangan\\pembayaran_simwa.php', 61, [...])
 2 SYSTEMPATH\View\View.php(213): include()
 3 SYSTEMPATH\View\View.php(216): CodeIgniter\View\View->CodeIgniter\View\{closure}()
 4 SYSTEMPATH\Common.php(1135): CodeIgniter\View\View->render('keuangan/pembayaran_simwa', [], true)
 5 APPPATH\Controllers\Keuangan.php(45): view('keuangan/pembayaran_simwa', [...])
 6 SYSTEMPATH\CodeIgniter.php(896): App\Controllers\Keuangan->pembayaran_simwa()
 7 SYSTEMPATH\CodeIgniter.php(466): CodeIgniter\CodeIgniter->runController(Object(App\Controllers\Keuangan))
 8 SYSTEMPATH\CodeIgniter.php(349): CodeIgniter\CodeIgniter->handleRequest(null, Object(Config\Cache), false)
 9 FCPATH\index.php(55): CodeIgniter\CodeIgniter->run()
10 SYSTEMPATH\Commands\Server\rewrite.php(43): require_once('FCPATH\\index.php')
CRITICAL - 2022-09-17 22:58:23 --> Undefined index: bukti
in APPPATH\Views\keuangan\pembayaran_simwa.php on line 56.
 1 APPPATH\Views\keuangan\pembayaran_simwa.php(56): CodeIgniter\Debug\Exceptions->errorHandler(8, 'Undefined index: bukti', 'APPPATH\\Views\\keuangan\\pembayaran_simwa.php', 56, [...])
 2 SYSTEMPATH\View\View.php(213): include('APPPATH\\Views\\keuangan\\pembayaran_simwa.php')
 3 SYSTEMPATH\View\View.php(216): CodeIgniter\View\View->CodeIgniter\View\{closure}()
 4 SYSTEMPATH\Common.php(1135): CodeIgniter\View\View->render('keuangan/pembayaran_simwa', [], true)
 5 APPPATH\Controllers\Keuangan.php(45): view('keuangan/pembayaran_simwa', [...])
 6 SYSTEMPATH\CodeIgniter.php(896): App\Controllers\Keuangan->pembayaran_simwa()
 7 SYSTEMPATH\CodeIgniter.php(466): CodeIgniter\CodeIgniter->runController(Object(App\Controllers\Keuangan))
 8 SYSTEMPATH\CodeIgniter.php(349): CodeIgniter\CodeIgniter->handleRequest(null, Object(Config\Cache), false)
 9 FCPATH\index.php(55): CodeIgniter\CodeIgniter->run()
10 SYSTEMPATH\Commands\Server\rewrite.php(43): require_once('FCPATH\\index.php')
CRITICAL - 2022-09-17 23:14:18 --> syntax error, unexpected '$this' (T_VARIABLE)
in APPPATH\Controllers\Keuangan.php on line 84.
 1 SYSTEMPATH\Router\Router.php(499): CodeIgniter\Router\AutoRouter->getRoute('keuangan/pembayaran_simwa')
 2 SYSTEMPATH\Router\Router.php(205): CodeIgniter\Router\Router->autoRoute('keuangan/pembayaran_simwa')
 3 SYSTEMPATH\CodeIgniter.php(771): CodeIgniter\Router\Router->handle('keuangan/pembayaran_simwa')
 4 SYSTEMPATH\CodeIgniter.php(415): CodeIgniter\CodeIgniter->tryToRouteIt(Object(CodeIgniter\Router\RouteCollection))
 5 SYSTEMPATH\CodeIgniter.php(349): CodeIgniter\CodeIgniter->handleRequest(null, Object(Config\Cache), false)
 6 FCPATH\index.php(55): CodeIgniter\CodeIgniter->run()
 7 SYSTEMPATH\Commands\Server\rewrite.php(43): require_once('FCPATH\\index.php')
CRITICAL - 2022-09-17 23:23:30 --> You must set the database table to be used with your query.
in SYSTEMPATH\Database\BaseConnection.php on line 874.
 1 SYSTEMPATH\Model.php(586): CodeIgniter\Database\BaseConnection->table(null)
 2 SYSTEMPATH\Model.php(763): CodeIgniter\Model->builder()
 3 APPPATH\Controllers\Keuangan.php(85): CodeIgniter\Model->__call('where', [...])
 4 SYSTEMPATH\CodeIgniter.php(896): App\Controllers\Keuangan->accept('6325ed1e37dc0')
 5 SYSTEMPATH\CodeIgniter.php(466): CodeIgniter\CodeIgniter->runController(Object(App\Controllers\Keuangan))
 6 SYSTEMPATH\CodeIgniter.php(349): CodeIgniter\CodeIgniter->handleRequest(null, Object(Config\Cache), false)
 7 FCPATH\index.php(55): CodeIgniter\CodeIgniter->run()
 8 SYSTEMPATH\Commands\Server\rewrite.php(43): require_once('FCPATH\\index.php')
